0
SECTION
2
ENTITIES
0
3DFACE
8
TERRAIN
10
0
20
20.79595375061035
30
145.7340545654297
11
1.0034918785095215
21
20.79595375061035
31
145.66212463378906
12
1.0034918785095215
22
21.835752487182617
32
145.6521453857422
13
1.0034918785095215
23
21.835752487182617
33
145.6521453857422
0
3DFACE
8
TERRAIN
10
0
20
20.79595375061035
30
145.7340545654297
11
1.0034918785095215
21
21.835752487182617
31
145.6521453857422
12
0
22
21.835752487182617
32
145.488037109375
13
0
23
21.835752487182617
33
145.488037109375
0
3DFACE
8
TERRAIN
10
1.0034918785095215
20
20.79595375061035
30
145.66212463378906
11
2.006983757019043
21
20.79595375061035
31
145.6898193359375
12
2.006983757019043
22
21.835752487182617
32
145.74720764160156
13
2.006983757019043
23
21.835752487182617
33
145.74720764160156
0
3DFACE
8
TERRAIN
10
1.0034918785095215
20
20.79595375061035
30
145.66212463378906
11
2.006983757019043
21
21.835752487182617
31
145.74720764160156
12
1.0034918785095215
22
21.835752487182617
32
145.6521453857422
13
1.0034918785095215
23
21.835752487182617
33
145.6521453857422
0
3DFACE
8
TERRAIN
10
2.006983757019043
20
20.79595375061035
30
145.6898193359375
11
3.0104753971099854
21
20.79595375061035
31
145.68115234375
12
3.0104753971099854
22
21.835752487182617
32
145.72193908691406
13
3.0104753971099854
23
21.835752487182617
33
145.72193908691406
0
3DFACE
8
TERRAIN
10
2.006983757019043
20
20.79595375061035
30
145.6898193359375
11
3.0104753971099854
21
21.835752487182617
31
145.72193908691406
12
2.006983757019043
22
21.835752487182617
32
145.74720764160156
13
2.006983757019043
23
21.835752487182617
33
145.74720764160156
0
3DFACE
8
TERRAIN
10
3.0104753971099854
20
20.79595375061035
30
145.68115234375
11
4.013967514038086
21
20.79595375061035
31
145.6839599609375
12
4.013967514038086
22
21.835752487182617
32
145.77044677734375
13
4.013967514038086
23
21.835752487182617
33
145.77044677734375
0
3DFACE
8
TERRAIN
10
3.0104753971099854
20
20.79595375061035
30
145.68115234375
11
4.013967514038086
21
21.835752487182617
31
145.77044677734375
12
3.0104753971099854
22
21.835752487182617
32
145.72193908691406
13
3.0104753971099854
23
21.835752487182617
33
145.72193908691406
0
3DFACE
8
TERRAIN
10
4.013967514038086
20
20.79595375061035
30
145.6839599609375
11
5.017459392547607
21
20.79595375061035
31
145.6830291748047
12
5.017459392547607
22
21.835752487182617
32
145.7931671142578
13
5.017459392547607
23
21.835752487182617
33
145.7931671142578
0
3DFACE
8
TERRAIN
10
4.013967514038086
20
20.79595375061035
30
145.6839599609375
11
5.017459392547607
21
21.835752487182617
31
145.7931671142578
12
4.013967514038086
22
21.835752487182617
32
145.77044677734375
13
4.013967514038086
23
21.835752487182617
33
145.77044677734375
0
3DFACE
8
TERRAIN
10
5.017459392547607
20
20.79595375061035
30
145.6830291748047
11
6.020950794219971
21
20.79595375061035
31
145.66339111328125
12
6.020950794219971
22
21.835752487182617
32
145.74134826660156
13
6.020950794219971
23
21.835752487182617
33
145.74134826660156
0
3DFACE
8
TERRAIN
10
5.017459392547607
20
20.79595375061035
30
145.6830291748047
11
6.020950794219971
21
21.835752487182617
31
145.74134826660156
12
5.017459392547607
22
21.835752487182617
32
145.7931671142578
13
5.017459392547607
23
21.835752487182617
33
145.7931671142578
0
3DFACE
8
TERRAIN
10
6.020950794219971
20
20.79595375061035
30
145.66339111328125
11
7.024442672729492
21
20.79595375061035
31
145.6459197998047
12
7.024442672729492
22
21.835752487182617
32
145.6490020751953
13
7.024442672729492
23
21.835752487182617
33
145.6490020751953
0
3DFACE
8
TERRAIN
10
6.020950794219971
20
20.79595375061035
30
145.66339111328125
11
7.024442672729492
21
21.835752487182617
31
145.6490020751953
12
6.020950794219971
22
21.835752487182617
32
145.74134826660156
13
6.020950794219971
23
21.835752487182617
33
145.74134826660156
0
3DFACE
8
TERRAIN
10
7.024442672729492
20
20.79595375061035
30
145.6459197998047
11
8.027935028076172
21
20.79595375061035
31
145.64242553710938
12
8.027935028076172
22
21.835752487182617
32
145.65609741210938
13
8.027935028076172
23
21.835752487182617
33
145.65609741210938
0
3DFACE
8
TERRAIN
10
7.024442672729492
20
20.79595375061035
30
145.6459197998047
11
8.027935028076172
21
21.835752487182617
31
145.65609741210938
12
7.024442672729492
22
21.835752487182617
32
145.6490020751953
13
7.024442672729492
23
21.835752487182617
33
145.6490020751953
0
3DFACE
8
TERRAIN
10
8.027935028076172
20
20.79595375061035
30
145.64242553710938
11
9.031426429748535
21
20.79595375061035
31
145.6669158935547
12
9.031426429748535
22
21.835752487182617
32
145.69363403320312
13
9.031426429748535
23
21.835752487182617
33
145.69363403320312
0
3DFACE
8
TERRAIN
10
8.027935028076172
20
20.79595375061035
30
145.64242553710938
11
9.031426429748535
21
21.835752487182617
31
145.69363403320312
12
8.027935028076172
22
21.835752487182617
32
145.65609741210938
13
8.027935028076172
23
21.835752487182617
33
145.65609741210938
0
3DFACE
8
TERRAIN
10
9.031426429748535
20
20.79595375061035
30
145.6669158935547
11
10.034918785095215
21
20.79595375061035
31
145.70550537109375
12
10.034918785095215
22
21.835752487182617
32
145.755126953125
13
10.034918785095215
23
21.835752487182617
33
145.755126953125
0
3DFACE
8
TERRAIN
10
9.031426429748535
20
20.79595375061035
30
145.6669158935547
11
10.034918785095215
21
21.835752487182617
31
145.755126953125
12
9.031426429748535
22
21.835752487182617
32
145.69363403320312
13
9.031426429748535
23
21.835752487182617
33
145.69363403320312
0
3DFACE
8
TERRAIN
10
10.034918785095215
20
20.79595375061035
30
145.70550537109375
11
11.038410186767578
21
20.79595375061035
31
145.73855590820312
12
11.038410186767578
22
21.835752487182617
32
145.79014587402344
13
11.038410186767578
23
21.835752487182617
33
145.79014587402344
0
3DFACE
8
TERRAIN
10
10.034918785095215
20
20.79595375061035
30
145.70550537109375
11
11.038410186767578
21
21.835752487182617
31
145.79014587402344
12
10.034918785095215
22
21.835752487182617
32
145.755126953125
13
10.034918785095215
23
21.835752487182617
33
145.755126953125
0
3DFACE
8
TERRAIN
10
11.038410186767578
20
20.79595375061035
30
145.73855590820312
11
12.041901588439941
21
20.79595375061035
31
145.7649688720703
12
12.041901588439941
22
21.835752487182617
32
145.7431640625
13
12.041901588439941
23
21.835752487182617
33
145.7431640625
0
3DFACE
8
TERRAIN
10
11.038410186767578
20
20.79595375061035
30
145.73855590820312
11
12.041901588439941
21
21.835752487182617
31
145.7431640625
12
11.038410186767578
22
21.835752487182617
32
145.79014587402344
13
11.038410186767578
23
21.835752487182617
33
145.79014587402344
0
3DFACE
8
TERRAIN
10
12.041901588439941
20
20.79595375061035
30
145.7649688720703
11
13.045393943786621
21
20.79595375061035
31
145.8013153076172
12
13.045393943786621
22
21.835752487182617
32
145.78431701660156
13
13.045393943786621
23
21.835752487182617
33
145.78431701660156
0
3DFACE
8
TERRAIN
10
12.041901588439941
20
20.79595375061035
30
145.7649688720703
11
13.045393943786621
21
21.835752487182617
31
145.78431701660156
12
12.041901588439941
22
21.835752487182617
32
145.7431640625
13
12.041901588439941
23
21.835752487182617
33
145.7431640625
0
3DFACE
8
TERRAIN
10
13.045393943786621
20
20.79595375061035
30
145.8013153076172
11
14.048885345458984
21
20.79595375061035
31
145.765869140625
12
14.048885345458984
22
21.835752487182617
32
145.71986389160156
13
14.048885345458984
23
21.835752487182617
33
145.71986389160156
0
3DFACE
8
TERRAIN
10
13.045393943786621
20
20.79595375061035
30
145.8013153076172
11
14.048885345458984
21
21.835752487182617
31
145.71986389160156
12
13.045393943786621
22
21.835752487182617
32
145.78431701660156
13
13.045393943786621
23
21.835752487182617
33
145.78431701660156
0
3DFACE
8
TERRAIN
10
14.048885345458984
20
20.79595375061035
30
145.765869140625
11
15.052377700805664
21
20.79595375061035
31
145.72117614746094
12
15.052377700805664
22
21.835752487182617
32
145.67364501953125
13
15.052377700805664
23
21.835752487182617
33
145.67364501953125
0
3DFACE
8
TERRAIN
10
14.048885345458984
20
20.79595375061035
30
145.765869140625
11
15.052377700805664
21
21.835752487182617
31
145.67364501953125
12
14.048885345458984
22
21.835752487182617
32
145.71986389160156
13
14.048885345458984
23
21.835752487182617
33
145.71986389160156
0
3DFACE
8
TERRAIN
10
15.052377700805664
20
20.79595375061035
30
145.72117614746094
11
16.055870056152344
21
20.79595375061035
31
145.87026977539062
12
16.055870056152344
22
21.835752487182617
32
145.75328063964844
13
16.055870056152344
23
21.835752487182617
33
145.75328063964844
0
3DFACE
8
TERRAIN
10
15.052377700805664
20
20.79595375061035
30
145.72117614746094
11
16.055870056152344
21
21.835752487182617
31
145.75328063964844
12
15.052377700805664
22
21.835752487182617
32
145.67364501953125
13
15.052377700805664
23
21.835752487182617
33
145.67364501953125
0
3DFACE
8
TERRAIN
10
16.055870056152344
20
20.79595375061035
30
145.87026977539062
11
17.05936050415039
21
20.79595375061035
31
146.1058807373047
12
17.05936050415039
22
21.835752487182617
32
145.90428161621094
13
17.05936050415039
23
21.835752487182617
33
145.90428161621094
0
3DFACE
8
TERRAIN
10
16.055870056152344
20
20.79595375061035
30
145.87026977539062
11
17.05936050415039
21
21.835752487182617
31
145.90428161621094
12
16.055870056152344
22
21.835752487182617
32
145.75328063964844
13
16.055870056152344
23
21.835752487182617
33
145.75328063964844
0
3DFACE
8
TERRAIN
10
17.05936050415039
20
20.79595375061035
30
146.1058807373047
11
18.06285285949707
21
20.79595375061035
31
146.27517700195312
12
18.06285285949707
22
21.835752487182617
32
145.99708557128906
13
18.06285285949707
23
21.835752487182617
33
145.99708557128906
0
3DFACE
8
TERRAIN
10
17.05936050415039
20
20.79595375061035
30
146.1058807373047
11
18.06285285949707
21
21.835752487182617
31
145.99708557128906
12
17.05936050415039
22
21.835752487182617
32
145.90428161621094
13
17.05936050415039
23
21.835752487182617
33
145.90428161621094
0
3DFACE
8
TERRAIN
10
18.06285285949707
20
20.79595375061035
30
146.27517700195312
11
19.06634521484375
21
20.79595375061035
31
146.2459716796875
12
19.06634521484375
22
21.835752487182617
32
145.98663330078125
13
19.06634521484375
23
21.835752487182617
33
145.98663330078125
0
3DFACE
8
TERRAIN
10
18.06285285949707
20
20.79595375061035
30
146.27517700195312
11
19.06634521484375
21
21.835752487182617
31
145.98663330078125
12
18.06285285949707
22
21.835752487182617
32
145.99708557128906
13
18.06285285949707
23
21.835752487182617
33
145.99708557128906
0
3DFACE
8
TERRAIN
10
19.06634521484375
20
20.79595375061035
30
146.2459716796875
11
20.06983757019043
21
20.79595375061035
31
146.197998046875
12
20.06983757019043
22
21.835752487182617
32
145.79736328125
13
20.06983757019043
23
21.835752487182617
33
145.79736328125
0
3DFACE
8
TERRAIN
10
19.06634521484375
20
20.79595375061035
30
146.2459716796875
11
20.06983757019043
21
21.835752487182617
31
145.79736328125
12
19.06634521484375
22
21.835752487182617
32
145.98663330078125
13
19.06634521484375
23
21.835752487182617
33
145.98663330078125
0
3DFACE
8
TERRAIN
10
20.06983757019043
20
20.79595375061035
30
146.197998046875
11
21.073328018188477
21
20.79595375061035
31
146.0659942626953
12
21.073328018188477
22
21.835752487182617
32
145.793212890625
13
21.073328018188477
23
21.835752487182617
33
145.793212890625
0
3DFACE
8
TERRAIN
10
20.06983757019043
20
20.79595375061035
30
146.197998046875
11
21.073328018188477
21
21.835752487182617
31
145.793212890625
12
20.06983757019043
22
21.835752487182617
32
145.79736328125
13
20.06983757019043
23
21.835752487182617
33
145.79736328125
0
3DFACE
8
TERRAIN
10
21.073328018188477
20
20.79595375061035
30
146.0659942626953
11
22.076820373535156
21
20.79595375061035
31
146.02029418945312
12
22.076820373535156
22
21.835752487182617
32
145.85621643066406
13
22.076820373535156
23
21.835752487182617
33
145.85621643066406
0
3DFACE
8
TERRAIN
10
21.073328018188477
20
20.79595375061035
30
146.0659942626953
11
22.076820373535156
21
21.835752487182617
31
145.85621643066406
12
21.073328018188477
22
21.835752487182617
32
145.793212890625
13
21.073328018188477
23
21.835752487182617
33
145.793212890625
0
3DFACE
8
TERRAIN
10
22.076820373535156
20
20.79595375061035
30
146.02029418945312
11
23.080312728881836
21
20.79595375061035
31
145.9250946044922
12
23.080312728881836
22
21.835752487182617
32
145.85690307617188
13
23.080312728881836
23
21.835752487182617
33
145.85690307617188
0
3DFACE
8
TERRAIN
10
22.076820373535156
20
20.79595375061035
30
146.02029418945312
11
23.080312728881836
21
21.835752487182617
31
145.85690307617188
12
22.076820373535156
22
21.835752487182617
32
145.85621643066406
13
22.076820373535156
23
21.835752487182617
33
145.85621643066406
0
3DFACE
8
TERRAIN
10
23.080312728881836
20
20.79595375061035
30
145.9250946044922
11
24.083803176879883
21
20.79595375061035
31
145.799560546875
12
24.083803176879883
22
21.835752487182617
32
145.79173278808594
13
24.083803176879883
23
21.835752487182617
33
145.79173278808594
0
3DFACE
8
TERRAIN
10
23.080312728881836
20
20.79595375061035
30
145.9250946044922
11
24.083803176879883
21
21.835752487182617
31
145.79173278808594
12
23.080312728881836
22
21.835752487182617
32
145.85690307617188
13
23.080312728881836
23
21.835752487182617
33
145.85690307617188
0
3DFACE
8
TERRAIN
10
24.083803176879883
20
20.79595375061035
30
145.799560546875
11
25.087295532226562
21
20.79595375061035
31
145.8828125
12
25.087295532226562
22
21.835752487182617
32
145.82089233398438
13
25.087295532226562
23
21.835752487182617
33
145.82089233398438
0
3DFACE
8
TERRAIN
10
24.083803176879883
20
20.79595375061035
30
145.799560546875
11
25.087295532226562
21
21.835752487182617
31
145.82089233398438
12
24.083803176879883
22
21.835752487182617
32
145.79173278808594
13
24.083803176879883
23
21.835752487182617
33
145.79173278808594
0
3DFACE
8
TERRAIN
10
25.087295532226562
20
20.79595375061035
30
145.8828125
11
26.090787887573242
21
20.79595375061035
31
145.87672424316406
12
26.090787887573242
22
21.835752487182617
32
145.79434204101562
13
26.090787887573242
23
21.835752487182617
33
145.79434204101562
0
3DFACE
8
TERRAIN
10
25.087295532226562
20
20.79595375061035
30
145.8828125
11
26.090787887573242
21
21.835752487182617
31
145.79434204101562
12
25.087295532226562
22
21.835752487182617
32
145.82089233398438
13
25.087295532226562
23
21.835752487182617
33
145.82089233398438
0
3DFACE
8
TERRAIN
10
26.090787887573242
20
20.79595375061035
30
145.87672424316406
11
27.094280242919922
21
20.79595375061035
31
145.84170532226562
12
27.094280242919922
22
21.835752487182617
32
145.7432098388672
13
27.094280242919922
23
21.835752487182617
33
145.7432098388672
0
3DFACE
8
TERRAIN
10
26.090787887573242
20
20.79595375061035
30
145.87672424316406
11
27.094280242919922
21
21.835752487182617
31
145.7432098388672
12
26.090787887573242
22
21.835752487182617
32
145.79434204101562
13
26.090787887573242
23
21.835752487182617
33
145.79434204101562
0
3DFACE
8
TERRAIN
10
27.094280242919922
20
20.79595375061035
30
145.84170532226562
11
28.09777069091797
21
20.79595375061035
31
145.87339782714844
12
28.09777069091797
22
21.835752487182617
32
145.68162536621094
13
28.09777069091797
23
21.835752487182617
33
145.68162536621094
0
3DFACE
8
TERRAIN
10
27.094280242919922
20
20.79595375061035
30
145.84170532226562
11
28.09777069091797
21
21.835752487182617
31
145.68162536621094
12
27.094280242919922
22
21.835752487182617
32
145.7432098388672
13
27.094280242919922
23
21.835752487182617
33
145.7432098388672
0
3DFACE
8
TERRAIN
10
28.09777069091797
20
20.79595375061035
30
145.87339782714844
11
29.10126304626465
21
20.79595375061035
31
145.8214569091797
12
29.10126304626465
22
21.835752487182617
32
145.99691772460938
13
29.10126304626465
23
21.835752487182617
33
145.99691772460938
0
3DFACE
8
TERRAIN
10
28.09777069091797
20
20.79595375061035
30
145.87339782714844
11
29.10126304626465
21
21.835752487182617
31
145.99691772460938
12
28.09777069091797
22
21.835752487182617
32
145.68162536621094
13
28.09777069091797
23
21.835752487182617
33
145.68162536621094
0
3DFACE
8
TERRAIN
10
29.10126304626465
20
20.79595375061035
30
145.8214569091797
11
30.104755401611328
21
20.79595375061035
31
145.7133331298828
12
30.104755401611328
22
21.835752487182617
32
145.87808227539062
13
30.104755401611328
23
21.835752487182617
33
145.87808227539062
0
3DFACE
8
TERRAIN
10
29.10126304626465
20
20.79595375061035
30
145.8214569091797
11
30.104755401611328
21
21.835752487182617
31
145.87808227539062
12
29.10126304626465
22
21.835752487182617
32
145.99691772460938
13
29.10126304626465
23
21.835752487182617
33
145.99691772460938
0
3DFACE
8
TERRAIN
10
30.104755401611328
20
20.79595375061035
30
145.7133331298828
11
31.108245849609375
21
20.79595375061035
31
145.7606658935547
12
31.108245849609375
22
21.835752487182617
32
145.97084045410156
13
31.108245849609375
23
21.835752487182617
33
145.97084045410156
0
3DFACE
8
TERRAIN
10
30.104755401611328
20
20.79595375061035
30
145.7133331298828
11
31.108245849609375
21
21.835752487182617
31
145.97084045410156
12
30.104755401611328
22
21.835752487182617
32
145.87808227539062
13
30.104755401611328
23
21.835752487182617
33
145.87808227539062
0
3DFACE
8
TERRAIN
10
31.108245849609375
20
20.79595375061035
30
145.7606658935547
11
32.11174011230469
21
20.79595375061035
31
145.79823303222656
12
32.11174011230469
22
21.835752487182617
32
146.00259399414062
13
32.11174011230469
23
21.835752487182617
33
146.00259399414062
0
3DFACE
8
TERRAIN
10
31.108245849609375
20
20.79595375061035
30
145.7606658935547
11
32.11174011230469
21
21.835752487182617
31
146.00259399414062
12
31.108245849609375
22
21.835752487182617
32
145.97084045410156
13
31.108245849609375
23
21.835752487182617
33
145.97084045410156
0
3DFACE
8
TERRAIN
10
32.11174011230469
20
20.79595375061035
30
145.79823303222656
11
33.115230560302734
21
20.79595375061035
31
145.85031127929688
12
33.115230560302734
22
21.835752487182617
32
146.007080078125
13
33.115230560302734
23
21.835752487182617
33
146.007080078125
0
3DFACE
8
TERRAIN
10
32.11174011230469
20
20.79595375061035
30
145.79823303222656
11
33.115230560302734
21
21.835752487182617
31
146.007080078125
12
32.11174011230469
22
21.835752487182617
32
146.00259399414062
13
32.11174011230469
23
21.835752487182617
33
146.00259399414062
0
3DFACE
8
TERRAIN
10
33.115230560302734
20
20.79595375061035
30
145.85031127929688
11
34.11872100830078
21
20.79595375061035
31
145.8720245361328
12
34.11872100830078
22
21.835752487182617
32
145.99562072753906
13
34.11872100830078
23
21.835752487182617
33
145.99562072753906
0
3DFACE
8
TERRAIN
10
33.115230560302734
20
20.79595375061035
30
145.85031127929688
11
34.11872100830078
21
21.835752487182617
31
145.99562072753906
12
33.115230560302734
22
21.835752487182617
32
146.007080078125
13
33.115230560302734
23
21.835752487182617
33
146.007080078125
0
3DFACE
8
TERRAIN
10
34.11872100830078
20
20.79595375061035
30
145.8720245361328
11
35.122215270996094
21
20.79595375061035
31
145.84588623046875
12
35.122215270996094
22
21.835752487182617
32
145.96066284179688
13
35.122215270996094
23
21.835752487182617
33
145.96066284179688
0
3DFACE
8
TERRAIN
10
34.11872100830078
20
20.79595375061035
30
145.8720245361328
11
35.122215270996094
21
21.835752487182617
31
145.96066284179688
12
34.11872100830078
22
21.835752487182617
32
145.99562072753906
13
34.11872100830078
23
21.835752487182617
33
145.99562072753906
0
3DFACE
8
TERRAIN
10
35.122215270996094
20
20.79595375061035
30
145.84588623046875
11
36.12570571899414
21
20.79595375061035
31
145.82261657714844
12
36.12570571899414
22
21.835752487182617
32
145.93771362304688
13
36.12570571899414
23
21.835752487182617
33
145.93771362304688
0
3DFACE
8
TERRAIN
10
35.122215270996094
20
20.79595375061035
30
145.84588623046875
11
36.12570571899414
21
21.835752487182617
31
145.93771362304688
12
35.122215270996094
22
21.835752487182617
32
145.96066284179688
13
35.122215270996094
23
21.835752487182617
33
145.96066284179688
0
3DFACE
8
TERRAIN
10
36.12570571899414
20
20.79595375061035
30
145.82261657714844
11
37.12919616699219
21
20.79595375061035
31
145.87400817871094
12
37.12919616699219
22
21.835752487182617
32
145.8939971923828
13
37.12919616699219
23
21.835752487182617
33
145.8939971923828
0
3DFACE
8
TERRAIN
10
36.12570571899414
20
20.79595375061035
30
145.82261657714844
11
37.12919616699219
21
21.835752487182617
31
145.8939971923828
12
36.12570571899414
22
21.835752487182617
32
145.93771362304688
13
36.12570571899414
23
21.835752487182617
33
145.93771362304688
0
3DFACE
8
TERRAIN
10
37.12919616699219
20
20.79595375061035
30
145.87400817871094
11
38.1326904296875
21
20.79595375061035
31
145.92759704589844
12
38.1326904296875
22
21.835752487182617
32
146.01736450195312
13
38.1326904296875
23
21.835752487182617
33
146.01736450195312
0
3DFACE
8
TERRAIN
10
37.12919616699219
20
20.79595375061035
30
145.87400817871094
11
38.1326904296875
21
21.835752487182617
31
146.01736450195312
12
37.12919616699219
22
21.835752487182617
32
145.8939971923828
13
37.12919616699219
23
21.835752487182617
33
145.8939971923828
0
3DFACE
8
TERRAIN
10
38.1326904296875
20
20.79595375061035
30
145.92759704589844
11
39.13618087768555
21
20.79595375061035
31
146.0621795654297
12
39.13618087768555
22
21.835752487182617
32
146.304443359375
13
39.13618087768555
23
21.835752487182617
33
146.304443359375
0
3DFACE
8
TERRAIN
10
38.1326904296875
20
20.79595375061035
30
145.92759704589844
11
39.13618087768555
21
21.835752487182617
31
146.304443359375
12
38.1326904296875
22
21.835752487182617
32
146.01736450195312
13
38.1326904296875
23
21.835752487182617
33
146.01736450195312
0
3DFACE
8
TERRAIN
10
39.13618087768555
20
20.79595375061035
30
146.0621795654297
11
40.13967514038086
21
20.79595375061035
31
146.3006591796875
12
40.13967514038086
22
21.835752487182617
32
146.93601989746094
13
40.13967514038086
23
21.835752487182617
33
146.93601989746094
0
3DFACE
8
TERRAIN
10
39.13618087768555
20
20.79595375061035
30
146.0621795654297
11
40.13967514038086
21
21.835752487182617
31
146.93601989746094
12
39.13618087768555
22
21.835752487182617
32
146.304443359375
13
39.13618087768555
23
21.835752487182617
33
146.304443359375
0
3DFACE
8
TERRAIN
10
40.13967514038086
20
20.79595375061035
30
146.3006591796875
11
41.143165588378906
21
20.79595375061035
31
146.75918579101562
12
41.143165588378906
22
21.835752487182617
32
147.5308837890625
13
41.143165588378906
23
21.835752487182617
33
147.5308837890625
0
3DFACE
8
TERRAIN
10
40.13967514038086
20
20.79595375061035
30
146.3006591796875
11
41.143165588378906
21
21.835752487182617
31
147.5308837890625
12
40.13967514038086
22
21.835752487182617
32
146.93601989746094
13
40.13967514038086
23
21.835752487182617
33
146.93601989746094
0
3DFACE
8
TERRAIN
10
41.143165588378906
20
20.79595375061035
30
146.75918579101562
11
42.14665603637695
21
20.79595375061035
31
147.3341064453125
12
42.14665603637695
22
21.835752487182617
32
148.052978515625
13
42.14665603637695
23
21.835752487182617
33
148.052978515625
0
3DFACE
8
TERRAIN
10
41.143165588378906
20
20.79595375061035
30
146.75918579101562
11
42.14665603637695
21
21.835752487182617
31
148.052978515625
12
41.143165588378906
22
21.835752487182617
32
147.5308837890625
13
41.143165588378906
23
21.835752487182617
33
147.5308837890625
0
3DFACE
8
TERRAIN
10
42.14665603637695
20
20.79595375061035
30
147.3341064453125
11
43.150150299072266
21
20.79595375061035
31
148.0661163330078
12
43.150150299072266
22
21.835752487182617
32
148.58139038085938
13
43.150150299072266
23
21.835752487182617
33
148.58139038085938
0
3DFACE
8
TERRAIN
10
42.14665603637695
20
20.79595375061035
30
147.3341064453125
11
43.150150299072266
21
21.835752487182617
31
148.58139038085938
12
42.14665603637695
22
21.835752487182617
32
148.052978515625
13
42.14665603637695
23
21.835752487182617
33
148.052978515625
0
3DFACE
8
TERRAIN
10
43.150150299072266
20
20.79595375061035
30
148.0661163330078
11
44.15364074707031
21
20.79595375061035
31
148.72866821289062
12
44.15364074707031
22
21.835752487182617
32
149.05398559570312
13
44.15364074707031
23
21.835752487182617
33
149.05398559570312
0
3DFACE
8
TERRAIN
10
43.150150299072266
20
20.79595375061035
30
148.0661163330078
11
44.15364074707031
21
21.835752487182617
31
149.05398559570312
12
43.150150299072266
22
21.835752487182617
32
148.58139038085938
13
43.150150299072266
23
21.835752487182617
33
148.58139038085938
0
3DFACE
8
TERRAIN
10
44.15364074707031
20
20.79595375061035
30
148.72866821289062
11
45.15713119506836
21
20.79595375061035
31
149.21717834472656
12
45.15713119506836
22
21.835752487182617
32
149.53211975097656
13
45.15713119506836
23
21.835752487182617
33
149.53211975097656
0
3DFACE
8
TERRAIN
10
44.15364074707031
20
20.79595375061035
30
148.72866821289062
11
45.15713119506836
21
21.835752487182617
31
149.53211975097656
12
44.15364074707031
22
21.835752487182617
32
149.05398559570312
13
44.15364074707031
23
21.835752487182617
33
149.05398559570312
0
3DFACE
8
TERRAIN
10
0
20
19.75615692138672
30
146.13209533691406
11
1.0034918785095215
21
19.75615692138672
31
145.94805908203125
12
1.0034918785095215
22
20.79595375061035
32
145.66212463378906
13
1.0034918785095215
23
20.79595375061035
33
145.66212463378906
0
3DFACE
8
TERRAIN
10
0
20
19.75615692138672
30
146.13209533691406
11
1.0034918785095215
21
20.79595375061035
31
145.66212463378906
12
0
22
20.79595375061035
32
145.7340545654297
13
0
23
20.79595375061035
33
145.7340545654297
0
3DFACE
8
TERRAIN
10
1.0034918785095215
20
19.75615692138672
30
145.94805908203125
11
2.006983757019043
21
19.75615692138672
31
145.86456298828125
12
2.006983757019043
22
20.79595375061035
32
145.6898193359375
13
2.006983757019043
23
20.79595375061035
33
145.6898193359375
0
3DFACE
8
TERRAIN
10
1.0034918785095215
20
19.75615692138672
30
145.94805908203125
11
2.006983757019043
21
20.79595375061035
31
145.6898193359375
12
1.0034918785095215
22
20.79595375061035
32
145.66212463378906
13
1.0034918785095215
23
20.79595375061035
33
145.66212463378906
0
3DFACE
8
TERRAIN
10
2.006983757019043
20
19.75615692138672
30
145.86456298828125
11
3.0104753971099854
21
19.75615692138672
31
145.7897491455078
12
3.0104753971099854
22
20.79595375061035
32
145.68115234375
13
3.0104753971099854
23
20.79595375061035
33
145.68115234375
0
3DFACE
8
TERRAIN
10
2.006983757019043
20
19.75615692138672
30
145.86456298828125
11
3.0104753971099854
21
20.79595375061035
31
145.68115234375
12
2.006983757019043
22
20.79595375061035
32
145.6898193359375
13
2.006983757019043
23
20.79595375061035
33
145.6898193359375
0
3DFACE
8
TERRAIN
10
3.0104753971099854
20
19.75615692138672
30
145.7897491455078
11
4.013967514038086
21
19.75615692138672
31
145.74998474121094
12
4.013967514038086
22
20.79595375061035
32
145.6839599609375
13
4.013967514038086
23
20.79595375061035
33
145.6839599609375
0
3DFACE
8
TERRAIN
10
3.0104753971099854
20
19.75615692138672
30
145.7897491455078
11
4.013967514038086
21
20.79595375061035
31
145.6839599609375
12
3.0104753971099854
22
20.79595375061035
32
145.68115234375
13
3.0104753971099854
23
20.79595375061035
33
145.68115234375
0
3DFACE
8
TERRAIN
10
4.013967514038086
20
19.75615692138672
30
145.74998474121094
11
5.017459392547607
21
19.75615692138672
31
145.71258544921875
12
5.017459392547607
22
20.79595375061035
32
145.6830291748047
13
5.017459392547607
23
20.79595375061035
33
145.6830291748047
0
3DFACE
8
TERRAIN
10
4.013967514038086
20
19.75615692138672
30
145.74998474121094
11
5.017459392547607
21
20.79595375061035
31
145.6830291748047
12
4.013967514038086
22
20.79595375061035
32
145.6839599609375
13
4.013967514038086
23
20.79595375061035
33
145.6839599609375
0
3DFACE
8
TERRAIN
10
5.017459392547607
20
19.75615692138672
30
145.71258544921875
11
6.020950794219971
21
19.75615692138672
31
145.6836395263672
12
6.020950794219971
22
20.79595375061035
32
145.66339111328125
13
6.020950794219971
23
20.79595375061035
33
145.66339111328125
0
3DFACE
8
TERRAIN
10
5.017459392547607
20
19.75615692138672
30
145.71258544921875
11
6.020950794219971
21
20.79595375061035
31
145.66339111328125
12
5.017459392547607
22
20.79595375061035
32
145.6830291748047
13
5.017459392547607
23
20.79595375061035
33
145.6830291748047
0
3DFACE
8
TERRAIN
10
6.020950794219971
20
19.75615692138672
30
145.6836395263672
11
7.024442672729492
21
19.75615692138672
31
145.64340209960938
12
7.024442672729492
22
20.79595375061035
32
145.6459197998047
13
7.024442672729492
23
20.79595375061035
33
145.6459197998047
0
3DFACE
8
TERRAIN
10
6.020950794219971
20
19.75615692138672
30
145.6836395263672
11
7.024442672729492
21
20.79595375061035
31
145.6459197998047
12
6.020950794219971
22
20.79595375061035
32
145.66339111328125
13
6.020950794219971
23
20.79595375061035
33
145.66339111328125
0
3DFACE
8
TERRAIN
10
7.024442672729492
20
19.75615692138672
30
145.64340209960938
11
8.027935028076172
21
19.75615692138672
31
145.63055419921875
12
8.027935028076172
22
20.79595375061035
32
145.64242553710938
13
8.027935028076172
23
20.79595375061035
33
145.64242553710938
0
3DFACE
8
TERRAIN
10
7.024442672729492
20
19.75615692138672
30
145.64340209960938
11
8.027935028076172
21
20.79595375061035
31
145.64242553710938
12
7.024442672729492
22
20.79595375061035
32
145.6459197998047
13
7.024442672729492
23
20.79595375061035
33
145.6459197998047
0
3DFACE
8
TERRAIN
10
8.027935028076172
20
19.75615692138672
30
145.63055419921875
11
9.031426429748535
21
19.75615692138672
31
145.64163208007812
12
9.031426429748535
22
20.79595375061035
32
145.6669158935547
13
9.031426429748535
23
20.79595375061035
33
145.6669158935547
0
3DFACE
8
TERRAIN
10
8.027935028076172
20
19.75615692138672
30
145.63055419921875
11
9.031426429748535
21
20.79595375061035
31
145.6669158935547
12
8.027935028076172
22
20.79595375061035
32
145.64242553710938
13
8.027935028076172
23
20.79595375061035
33
145.64242553710938
0
3DFACE
8
TERRAIN
10
9.031426429748535
20
19.75615692138672
30
145.64163208007812
11
10.034918785095215
21
19.75615692138672
31
145.66896057128906
12
10.034918785095215
22
20.79595375061035
32
145.70550537109375
13
10.034918785095215
23
20.79595375061035
33
145.70550537109375
0
3DFACE
8
TERRAIN
10
9.031426429748535
20
19.75615692138672
30
145.64163208007812
11
10.034918785095215
21
20.79595375061035
31
145.70550537109375
12
9.031426429748535
22
20.79595375061035
32
145.6669158935547
13
9.031426429748535
23
20.79595375061035
33
145.6669158935547
0
3DFACE
8
TERRAIN
10
10.034918785095215
20
19.75615692138672
30
145.66896057128906
11
11.038410186767578
21
19.75615692138672
31
145.6998748779297
12
11.038410186767578
22
20.79595375061035
32
145.73855590820312
13
11.038410186767578
23
20.79595375061035
33
145.73855590820312
0
3DFACE
8
TERRAIN
10
10.034918785095215
20
19.75615692138672
30
145.66896057128906
11
11.038410186767578
21
20.79595375061035
31
145.73855590820312
12
10.034918785095215
22
20.79595375061035
32
145.70550537109375
13
10.034918785095215
23
20.79595375061035
33
145.70550537109375
0
3DFACE
8
TERRAIN
10
11.038410186767578
20
19.75615692138672
30
145.6998748779297
11
12.041901588439941
21
19.75615692138672
31
145.73748779296875
12
12.041901588439941
22
20.79595375061035
32
145.7649688720703
13
12.041901588439941
23
20.79595375061035
33
145.7649688720703
0
3DFACE
8
TERRAIN
10
11.038410186767578
20
19.75615692138672
30
145.6998748779297
11
12.041901588439941
21
20.79595375061035
31
145.7649688720703
12
11.038410186767578
22
20.79595375061035
32
145.73855590820312
13
11.038410186767578
23
20.79595375061035
33
145.73855590820312
0
3DFACE
8
TERRAIN
10
12.041901588439941
20
19.75615692138672
30
145.73748779296875
11
13.045393943786621
21
19.75615692138672
31
145.78610229492188
12
13.045393943786621
22
20.79595375061035
32
145.8013153076172
13
13.045393943786621
23
20.79595375061035
33
145.8013153076172
0
3DFACE
8
TERRAIN
10
12.041901588439941
20
19.75615692138672
30
145.73748779296875
11
13.045393943786621
21
20.79595375061035
31
145.8013153076172
12
12.041901588439941
22
20.79595375061035
32
145.7649688720703
13
12.041901588439941
23
20.79595375061035
33
145.7649688720703
0
3DFACE
8
TERRAIN
10
13.045393943786621
20
19.75615692138672
30
145.78610229492188
11
14.048885345458984
21
19.75615692138672
31
145.82736206054688
12
14.048885345458984
22
20.79595375061035
32
145.765869140625
13
14.048885345458984
23
20.79595375061035
33
145.765869140625
0
3DFACE
8
TERRAIN
10
13.045393943786621
20
19.75615692138672
30
145.78610229492188
11
14.048885345458984
21
20.79595375061035
31
145.765869140625
12
13.045393943786621
22
20.79595375061035
32
145.8013153076172
13
13.045393943786621
23
20.79595375061035
33
145.8013153076172
0
3DFACE
8
TERRAIN
10
14.048885345458984
20
19.75615692138672
30
145.82736206054688
11
15.052377700805664
21
19.75615692138672
31
145.9504852294922
12
15.052377700805664
22
20.79595375061035
32
145.72117614746094
13
15.052377700805664
23
20.79595375061035
33
145.72117614746094
0
3DFACE
8
TERRAIN
10
14.048885345458984
20
19.75615692138672
30
145.82736206054688
11
15.052377700805664
21
20.79595375061035
31
145.72117614746094
12
14.048885345458984
22
20.79595375061035
32
145.765869140625
13
14.048885345458984
23
20.79595375061035
33
145.765869140625
0
3DFACE
8
TERRAIN
10
15.052377700805664
20
19.75615692138672
30
145.9504852294922
11
16.055870056152344
21
19.75615692138672
31
146.2088623046875
12
16.055870056152344
22
20.79595375061035
32
145.87026977539062
13
16.055870056152344
23
20.79595375061035
33
145.87026977539062
0
3DFACE
8
TERRAIN
10
15.052377700805664
20
19.75615692138672
30
145.9504852294922
11
16.055870056152344
21
20.79595375061035
31
145.87026977539062
12
15.052377700805664
22
20.79595375061035
32
145.72117614746094
13
15.052377700805664
23
20.79595375061035
33
145.72117614746094
0
3DFACE
8
TERRAIN
10
16.055870056152344
20
19.75615692138672
30
146.2088623046875
11
17.05936050415039
21
19.75615692138672
31
146.48133850097656
12
17.05936050415039
22
20.79595375061035
32
146.1058807373047
13
17.05936050415039
23
20.79595375061035
33
146.1058807373047
0
3DFACE
8
TERRAIN
10
16.055870056152344
20
19.75615692138672
30
146.2088623046875
11
17.05936050415039
21
20.79595375061035
31
146.1058807373047
12
16.055870056152344
22
20.79595375061035
32
145.87026977539062
13
16.055870056152344
23
20.79595375061035
33
145.87026977539062
0
3DFACE
8
TERRAIN
10
17.05936050415039
20
19.75615692138672
30
146.48133850097656
11
18.06285285949707
21
19.75615692138672
31
146.64382934570312
12
18.06285285949707
22
20.79595375061035
32
146.27517700195312
13
18.06285285949707
23
20.79595375061035
33
146.27517700195312
0
3DFACE
8
TERRAIN
10
17.05936050415039
20
19.75615692138672
30
146.48133850097656
11
18.06285285949707
21
20.79595375061035
31
146.27517700195312
12
17.05936050415039
22
20.79595375061035
32
146.1058807373047
13
17.05936050415039
23
20.79595375061035
33
146.1058807373047
0
3DFACE
8
TERRAIN
10
18.06285285949707
20
19.75615692138672
30
146.64382934570312
11
19.06634521484375
21
19.75615692138672
31
146.70945739746094
12
19.06634521484375
22
20.79595375061035
32
146.2459716796875
13
19.06634521484375
23
20.79595375061035
33
146.2459716796875
0
3DFACE
8
TERRAIN
10
18.06285285949707
20
19.75615692138672
30
146.64382934570312
11
19.06634521484375
21
20.79595375061035
31
146.2459716796875
12
18.06285285949707
22
20.79595375061035
32
146.27517700195312
13
18.06285285949707
23
20.79595375061035
33
146.27517700195312
0
3DFACE
8
TERRAIN
10
19.06634521484375
20
19.75615692138672
30
146.70945739746094
11
20.06983757019043
21
19.75615692138672
31
146.72471618652344
12
20.06983757019043
22
20.79595375061035
32
146.197998046875
13
20.06983757019043
23
20.79595375061035
33
146.197998046875
0
3DFACE
8
TERRAIN
10
19.06634521484375
20
19.75615692138672
30
146.70945739746094
11
20.06983757019043
21
20.79595375061035
31
146.197998046875
12
19.06634521484375
22
20.79595375061035
32
146.2459716796875
13
19.06634521484375
23
20.79595375061035
33
146.2459716796875
0
3DFACE
8
TERRAIN
10
20.06983757019043
20
19.75615692138672
30
146.72471618652344
11
21.073328018188477
21
19.75615692138672
31
146.64987182617188
12
21.073328018188477
22
20.79595375061035
32
146.0659942626953
13
21.073328018188477
23
20.79595375061035
33
146.0659942626953
0
3DFACE
8
TERRAIN
10
20.06983757019043
20
19.75615692138672
30
146.72471618652344
11
21.073328018188477
21
20.79595375061035
31
146.0659942626953
12
20.06983757019043
22
20.79595375061035
32
146.197998046875
13
20.06983757019043
23
20.79595375061035
33
146.197998046875
0
3DFACE
8
TERRAIN
10
21.073328018188477
20
19.75615692138672
30
146.64987182617188
11
22.076820373535156
21
19.75615692138672
31
146.51358032226562
12
22.076820373535156
22
20.79595375061035
32
146.02029418945312
13
22.076820373535156
23
20.79595375061035
33
146.02029418945312
0
3DFACE
8
TERRAIN
10
21.073328018188477
20
19.75615692138672
30
146.64987182617188
11
22.076820373535156
21
20.79595375061035
31
146.02029418945312
12
21.073328018188477
22
20.79595375061035
32
146.0659942626953
13
21.073328018188477
23
20.79595375061035
33
146.0659942626953
0
3DFACE
8
TERRAIN
10
22.076820373535156
20
19.75615692138672
30
146.51358032226562
11
23.080312728881836
21
19.75615692138672
31
146.31649780273438
12
23.080312728881836
22
20.79595375061035
32
145.9250946044922
13
23.080312728881836
23
20.79595375061035
33
145.9250946044922
0
3DFACE
8
TERRAIN
10
22.076820373535156
20
19.75615692138672
30
146.51358032226562
11
23.080312728881836
21
20.79595375061035
31
145.9250946044922
12
22.076820373535156
22
20.79595375061035
32
146.02029418945312
13
22.076820373535156
23
20.79595375061035
33
146.02029418945312
0
3DFACE
8
TERRAIN
10
23.080312728881836
20
19.75615692138672
30
146.31649780273438
11
24.083803176879883
21
19.75615692138672
31
146.1204833984375
12
24.083803176879883
22
20.79595375061035
32
145.799560546875
13
24.083803176879883
23
20.79595375061035
33
145.799560546875
0
3DFACE
8
TERRAIN
10
23.080312728881836
20
19.75615692138672
30
146.31649780273438
11
24.083803176879883
21
20.79595375061035
31
145.799560546875
12
23.080312728881836
22
20.79595375061035
32
145.9250946044922
13
23.080312728881836
23
20.79595375061035
33
145.9250946044922
0
3DFACE
8
TERRAIN
10
24.083803176879883
20
19.75615692138672
30
146.1204833984375
11
25.087295532226562
21
19.75615692138672
31
146.0618438720703
12
25.087295532226562
22
20.79595375061035
32
145.8828125
13
25.087295532226562
23
20.79595375061035
33
145.8828125
0
3DFACE
8
TERRAIN
10
24.083803176879883
20
19.75615692138672
30
146.1204833984375
11
25.087295532226562
21
20.79595375061035
31
145.8828125
12
24.083803176879883
22
20.79595375061035
32
145.799560546875
13
24.083803176879883
23
20.79595375061035
33
145.799560546875
0
3DFACE
8
TERRAIN
10
25.087295532226562
20
19.75615692138672
30
146.0618438720703
11
26.090787887573242
21
19.75615692138672
31
146.06256103515625
12
26.090787887573242
22
20.79595375061035
32
145.87672424316406
13
26.090787887573242
23
20.79595375061035
33
145.87672424316406
0
3DFACE
8
TERRAIN
10
25.087295532226562
20
19.75615692138672
30
146.0618438720703
11
26.090787887573242
21
20.79595375061035
31
145.87672424316406
12
25.087295532226562
22
20.79595375061035
32
145.8828125
13
25.087295532226562
23
20.79595375061035
33
145.8828125
0
3DFACE
8
TERRAIN
10
26.090787887573242
20
19.75615692138672
30
146.06256103515625
11
27.094280242919922
21
19.75615692138672
31
145.88653564453125
12
27.094280242919922
22
20.79595375061035
32
145.84170532226562
13
27.094280242919922
23
20.79595375061035
33
145.84170532226562
0
3DFACE
8
TERRAIN
10
26.090787887573242
20
19.75615692138672
30
146.06256103515625
11
27.094280242919922
21
20.79595375061035
31
145.84170532226562
12
26.090787887573242
22
20.79595375061035
32
145.87672424316406
13
26.090787887573242
23
20.79595375061035
33
145.87672424316406
0
3DFACE
8
TERRAIN
10
27.094280242919922
20
19.75615692138672
30
145.88653564453125
11
28.09777069091797
21
19.75615692138672
31
145.8794708251953
12
28.09777069091797
22
20.79595375061035
32
145.87339782714844
13
28.09777069091797
23
20.79595375061035
33
145.87339782714844
0
3DFACE
8
TERRAIN
10
27.094280242919922
20
19.75615692138672
30
145.88653564453125
11
28.09777069091797
21
20.79595375061035
31
145.87339782714844
12
27.094280242919922
22
20.79595375061035
32
145.84170532226562
13
27.094280242919922
23
20.79595375061035
33
145.84170532226562
0
3DFACE
8
TERRAIN
10
28.09777069091797
20
19.75615692138672
30
145.8794708251953
11
29.10126304626465
21
19.75615692138672
31
145.7169647216797
12
29.10126304626465
22
20.79595375061035
32
145.8214569091797
13
29.10126304626465
23
20.79595375061035
33
145.8214569091797
0
3DFACE
8
TERRAIN
10
28.09777069091797
20
19.75615692138672
30
145.8794708251953
11
29.10126304626465
21
20.79595375061035
31
145.8214569091797
12
28.09777069091797
22
20.79595375061035
32
145.87339782714844
13
28.09777069091797
23
20.79595375061035
33
145.87339782714844
0
3DFACE
8
TERRAIN
10
29.10126304626465
20
19.75615692138672
30
145.7169647216797
11
30.104755401611328
21
19.75615692138672
31
145.65040588378906
12
30.104755401611328
22
20.79595375061035
32
145.7133331298828
13
30.104755401611328
23
20.79595375061035
33
145.7133331298828
0
3DFACE
8
TERRAIN
10
29.10126304626465
20
19.75615692138672
30
145.7169647216797
11
30.104755401611328
21
20.79595375061035
31
145.7133331298828
12
29.10126304626465
22
20.79595375061035
32
145.8214569091797
13
29.10126304626465
23
20.79595375061035
33
145.8214569091797
0
3DFACE
8
TERRAIN
10
30.104755401611328
20
19.75615692138672
30
145.65040588378906
11
31.108245849609375
21
19.75615692138672
31
145.712890625
12
31.108245849609375
22
20.79595375061035
32
145.7606658935547
13
31.108245849609375
23
20.79595375061035
33
145.7606658935547
0
3DFACE
8
TERRAIN
10
30.104755401611328
20
19.75615692138672
30
145.65040588378906
11
31.108245849609375
21
20.79595375061035
31
145.7606658935547
12
30.104755401611328
22
20.79595375061035
32
145.7133331298828
13
30.104755401611328
23
20.79595375061035
33
145.7133331298828
0
3DFACE
8
TERRAIN
10
31.108245849609375
20
19.75615692138672
30
145.712890625
11
32.11174011230469
21
19.75615692138672
31
145.80836486816406
12
32.11174011230469
22
20.79595375061035
32
145.79823303222656
13
32.11174011230469
23
20.79595375061035
33
145.79823303222656
0
3DFACE
8
TERRAIN
10
31.108245849609375
20
19.75615692138672
30
145.712890625
11
32.11174011230469
21
20.79595375061035
31
145.79823303222656
12
31.108245849609375
22
20.79595375061035
32
145.7606658935547
13
31.108245849609375
23
20.79595375061035
33
145.7606658935547
0
3DFACE
8
TERRAIN
10
32.11174011230469
20
19.75615692138672
30
145.80836486816406
11
33.115230560302734
21
19.75615692138672
31
146.00186157226562
12
33.115230560302734
22
20.79595375061035
32
145.85031127929688
13
33.115230560302734
23
20.79595375061035
33
145.85031127929688
0
3DFACE
8
TERRAIN
10
32.11174011230469
20
19.75615692138672
30
145.80836486816406
11
33.115230560302734
21
20.79595375061035
31
145.85031127929688
12
32.11174011230469
22
20.79595375061035
32
145.79823303222656
13
32.11174011230469
23
20.79595375061035
33
145.79823303222656
0
3DFACE
8
TERRAIN
10
33.115230560302734
20
19.75615692138672
30
146.00186157226562
11
34.11872100830078
21
19.75615692138672
31
146.132080078125
12
34.11872100830078
22
20.79595375061035
32
145.8720245361328
13
34.11872100830078
23
20.79595375061035
33
145.8720245361328
0
3DFACE
8
TERRAIN
10
33.115230560302734
20
19.75615692138672
30
146.00186157226562
11
34.11872100830078
21
20.79595375061035
31
145.8720245361328
12
33.115230560302734
22
20.79595375061035
32
145.85031127929688
13
33.115230560302734
23
20.79595375061035
33
145.85031127929688
0
3DFACE
8
TERRAIN
10
34.11872100830078
20
19.75615692138672
30
146.132080078125
11
35.122215270996094
21
19.75615692138672
31
146.23501586914062
12
35.122215270996094
22
20.79595375061035
32
145.84588623046875
13
35.122215270996094
23
20.79595375061035
33
145.84588623046875
0
3DFACE
8
TERRAIN
10
34.11872100830078
20
19.75615692138672
30
146.132080078125
11
35.122215270996094
21
20.79595375061035
31
145.84588623046875
12
34.11872100830078
22
20.79595375061035
32
145.8720245361328
13
34.11872100830078
23
20.79595375061035
33
145.8720245361328
0
3DFACE
8
TERRAIN
10
35.122215270996094
20
19.75615692138672
30
146.23501586914062
11
36.12570571899414
21
19.75615692138672
31
146.25819396972656
12
36.12570571899414
22
20.79595375061035
32
145.82261657714844
13
36.12570571899414
23
20.79595375061035
33
145.82261657714844
0
3DFACE
8
TERRAIN
10
35.122215270996094
20
19.75615692138672
30
146.23501586914062
11
36.12570571899414
21
20.79595375061035
31
145.82261657714844
12
35.122215270996094
22
20.79595375061035
32
145.84588623046875
13
35.122215270996094
23
20.79595375061035
33
145.84588623046875
0
3DFACE
8
TERRAIN
10
36.12570571899414
20
19.75615692138672
30
146.25819396972656
11
37.12919616699219
21
19.75615692138672
31
146.23069763183594
12
37.12919616699219
22
20.79595375061035
32
145.87400817871094
13
37.12919616699219
23
20.79595375061035
33
145.87400817871094
0
3DFACE
8
TERRAIN
10
36.12570571899414
20
19.75615692138672
30
146.25819396972656
11
37.12919616699219
21
20.79595375061035
31
145.87400817871094
12
36.12570571899414
22
20.79595375061035
32
145.82261657714844
13
36.12570571899414
23
20.79595375061035
33
145.82261657714844
0
3DFACE
8
TERRAIN
10
37.12919616699219
20
19.75615692138672
30
146.23069763183594
11
38.1326904296875
21
19.75615692138672
31
146.1988525390625
12
38.1326904296875
22
20.79595375061035
32
145.92759704589844
13
38.1326904296875
23
20.79595375061035
33
145.92759704589844
0
3DFACE
8
TERRAIN
10
37.12919616699219
20
19.75615692138672
30
146.23069763183594
11
38.1326904296875
21
20.79595375061035
31
145.92759704589844
12
37.12919616699219
22
20.79595375061035
32
145.87400817871094
13
37.12919616699219
23
20.79595375061035
33
145.87400817871094
0
3DFACE
8
TERRAIN
10
38.1326904296875
20
19.75615692138672
30
146.1988525390625
11
39.13618087768555
21
19.75615692138672
31
146.17974853515625
12
39.13618087768555
22
20.79595375061035
32
146.0621795654297
13
39.13618087768555
23
20.79595375061035
33
146.0621795654297
0
3DFACE
8
TERRAIN
10
38.1326904296875
20
19.75615692138672
30
146.1988525390625
11
39.13618087768555
21
20.79595375061035
31
146.0621795654297
12
38.1326904296875
22
20.79595375061035
32
145.92759704589844
13
38.1326904296875
23
20.79595375061035
33
145.92759704589844
0
3DFACE
8
TERRAIN
10
39.13618087768555
20
19.75615692138672
30
146.17974853515625
11
40.13967514038086
21
19.75615692138672
31
146.26626586914062
12
40.13967514038086
22
20.79595375061035
32
146.3006591796875
13
40.13967514038086
23
20.79595375061035
33
146.3006591796875
0
3DFACE
8
TERRAIN
10
39.13618087768555
20
19.75615692138672
30
146.17974853515625
11
40.13967514038086
21
20.79595375061035
31
146.3006591796875
12
39.13618087768555
22
20.79595375061035
32
146.0621795654297
13
39.13618087768555
23
20.79595375061035
33
146.0621795654297
0
3DFACE
8
TERRAIN
10
40.13967514038086
20
19.75615692138672
30
146.26626586914062
11
41.143165588378906
21
19.75615692138672
31
146.49029541015625
12
41.143165588378906
22
20.79595375061035
32
146.75918579101562
13
41.143165588378906
23
20.79595375061035
33
146.75918579101562
0
3DFACE
8
TERRAIN
10
40.13967514038086
20
19.75615692138672
30
146.26626586914062
11
41.143165588378906
21
20.79595375061035
31
146.75918579101562
12
40.13967514038086
22
20.79595375061035
32
146.3006591796875
13
40.13967514038086
23
20.79595375061035
33
146.3006591796875
0
3DFACE
8
TERRAIN
10
41.143165588378906
20
19.75615692138672
30
146.49029541015625
11
42.14665603637695
21
19.75615692138672
31
146.882568359375
12
42.14665603637695
22
20.79595375061035
32
147.3341064453125
13
42.14665603637695
23
20.79595375061035
33
147.3341064453125
0
3DFACE
8
TERRAIN
10
41.143165588378906
20
19.75615692138672
30
146.49029541015625
11
42.14665603637695
21
20.79595375061035
31
147.3341064453125
12
41.143165588378906
22
20.79595375061035
32
146.75918579101562
13
41.143165588378906
23
20.79595375061035
33
146.75918579101562
0
3DFACE
8
TERRAIN
10
42.14665603637695
20
19.75615692138672
30
146.882568359375
11
43.150150299072266
21
19.75615692138672
31
147.49403381347656
12
43.150150299072266
22
20.79595375061035
32
148.0661163330078
13
43.150150299072266
23
20.79595375061035
33
148.0661163330078
0
3DFACE
8
TERRAIN
10
42.14665603637695
20
19.75615692138672
30
146.882568359375
11
43.150150299072266
21
20.79595375061035
31
148.0661163330078
12
42.14665603637695
22
20.79595375061035
32
147.3341064453125
13
42.14665603637695
23
20.79595375061035
33
147.3341064453125
0
3DFACE
8
TERRAIN
10
43.150150299072266
20
19.75615692138672
30
147.49403381347656
11
44.15364074707031
21
19.75615692138672
31
148.22848510742188
12
44.15364074707031
22
20.79595375061035
32
148.72866821289062
13
44.15364074707031
23
20.79595375061035
33
148.72866821289062
0
3DFACE
8
TERRAIN
10
43.150150299072266
20
19.75615692138672
30
147.49403381347656
11
44.15364074707031
21
20.79595375061035
31
148.72866821289062
12
43.150150299072266
22
20.79595375061035
32
148.0661163330078
13
43.150150299072266
23
20.79595375061035
33
148.0661163330078
0
3DFACE
8
TERRAIN
10
44.15364074707031
20
19.75615692138672
30
148.22848510742188
11
45.15713119506836
21
19.75615692138672
31
148.80247497558594
12
45.15713119506836
22
20.79595375061035
32
149.21717834472656
13
45.15713119506836
23
20.79595375061035
33
149.21717834472656
0
3DFACE
8
TERRAIN
10
44.15364074707031
20
19.75615692138672
30
148.22848510742188
11
45.15713119506836
21
20.79595375061035
31
149.21717834472656
12
44.15364074707031
22
20.79595375061035
32
148.72866821289062
13
44.15364074707031
23
20.79595375061035
33
148.72866821289062
0
3DFACE
8
TERRAIN
10
0
20
18.716358184814453
30
146.39259338378906
11
1.0034918785095215
21
18.716358184814453
31
146.2787322998047
12
1.0034918785095215
22
19.75615692138672
32
145.94805908203125
13
1.0034918785095215
23
19.75615692138672
33
145.94805908203125
0
3DFACE
8
TERRAIN
10
0
20
18.716358184814453
30
146.39259338378906
11
1.0034918785095215
21
19.75615692138672
31
145.94805908203125
12
0
22
19.75615692138672
32
146.13209533691406
13
0
23
19.75615692138672
33
146.13209533691406
0
3DFACE
8
TERRAIN
10
1.0034918785095215
20
18.716358184814453
30
146.2787322998047
11
2.006983757019043
21
18.716358184814453
31
146.1426239013672
12
2.006983757019043
22
19.75615692138672
32
145.86456298828125
13
2.006983757019043
23
19.75615692138672
33
145.86456298828125
0
3DFACE
8
TERRAIN
10
1.0034918785095215
20
18.716358184814453
30
146.2787322998047
11
2.006983757019043
21
19.75615692138672
31
145.86456298828125
12
1.0034918785095215
22
19.75615692138672
32
145.94805908203125
13
1.0034918785095215
23
19.75615692138672
33
145.94805908203125
0
3DFACE
8
TERRAIN
10
2.006983757019043
20
18.716358184814453
30
146.1426239013672
11
3.0104753971099854
21
18.716358184814453
31
146.0188446044922
12
3.0104753971099854
22
19.75615692138672
32
145.7897491455078
13
3.0104753971099854
23
19.75615692138672
33
145.7897491455078
0
3DFACE
8
TERRAIN
10
2.006983757019043
20
18.716358184814453
30
146.1426239013672
11
3.0104753971099854
21
19.75615692138672
31
145.7897491455078
12
2.006983757019043
22
19.75615692138672
32
145.86456298828125
13
2.006983757019043
23
19.75615692138672
33
145.86456298828125
0
3DFACE
8
TERRAIN
10
3.0104753971099854
20
18.716358184814453
30
146.0188446044922
11
4.013967514038086
21
18.716358184814453
31
145.9454803466797
12
4.013967514038086
22
19.75615692138672
32
145.74998474121094
13
4.013967514038086
23
19.75615692138672
33
145.74998474121094
0
3DFACE
8
TERRAIN
10
3.0104753971099854
20
18.716358184814453
30
146.0188446044922
11
4.013967514038086
21
19.75615692138672
31
145.74998474121094
12
3.0104753971099854
22
19.75615692138672
32
145.7897491455078
13
3.0104753971099854
23
19.75615692138672
33
145.7897491455078
0
3DFACE
8
TERRAIN
10
4.013967514038086
20
18.716358184814453
30
145.9454803466797
11
5.017459392547607
21
18.716358184814453
31
145.8507843017578
12
5.017459392547607
22
19.75615692138672
32
145.71258544921875
13
5.017459392547607
23
19.75615692138672
33
145.71258544921875
0
3DFACE
8
TERRAIN
10
4.013967514038086
20
18.716358184814453
30
145.9454803466797
11
5.017459392547607
21
19.75615692138672
31
145.71258544921875
12
4.013967514038086
22
19.75615692138672
32
145.74998474121094
13
4.013967514038086
23
19.75615692138672
33
145.74998474121094
0
3DFACE
8
TERRAIN
10
5.017459392547607
20
18.716358184814453
30
145.8507843017578
11
6.020950794219971
21
18.716358184814453
31
145.7540740966797
12
6.020950794219971
22
19.75615692138672
32
145.6836395263672
13
6.020950794219971
23
19.75615692138672
33
145.6836395263672
0
3DFACE
8
TERRAIN
10
5.017459392547607
20
18.716358184814453
30
145.8507843017578
11
6.020950794219971
21
19.75615692138672
31
145.6836395263672
12
5.017459392547607
22
19.75615692138672
32
145.71258544921875
13
5.017459392547607
23
19.75615692138672
33
145.71258544921875
0
3DFACE
8
TERRAIN
10
6.020950794219971
20
18.716358184814453
30
145.7540740966797
11
7.024442672729492
21
18.716358184814453
31
145.66098022460938
12
7.024442672729492
22
19.75615692138672
32
145.64340209960938
13
7.024442672729492
23
19.75615692138672
33
145.64340209960938
0
3DFACE
8
TERRAIN
10
6.020950794219971
20
18.716358184814453
30
145.7540740966797
11
7.024442672729492
21
19.75615692138672
31
145.64340209960938
12
6.020950794219971
22
19.75615692138672
32
145.6836395263672
13
6.020950794219971
23
19.75615692138672
33
145.6836395263672
0
3DFACE
8
TERRAIN
10
7.024442672729492
20
18.716358184814453
30
145.66098022460938
11
8.027935028076172
21
18.716358184814453
31
145.6231689453125
12
8.027935028076172
22
19.75615692138672
32
145.63055419921875
13
8.027935028076172
23
19.75615692138672
33
145.63055419921875
0
3DFACE
8
TERRAIN
10
7.024442672729492
20
18.716358184814453
30
145.66098022460938
11
8.027935028076172
21
19.75615692138672
31
145.63055419921875
12
7.024442672729492
22
19.75615692138672
32
145.64340209960938
13
7.024442672729492
23
19.75615692138672
33
145.64340209960938
0
3DFACE
8
TERRAIN
10
8.027935028076172
20
18.716358184814453
30
145.6231689453125
11
9.031426429748535
21
18.716358184814453
31
145.6284942626953
12
9.031426429748535
22
19.75615692138672
32
145.64163208007812
13
9.031426429748535
23
19.75615692138672
33
145.64163208007812
0
3DFACE
8
TERRAIN
10
8.027935028076172
20
18.716358184814453
30
145.6231689453125
11
9.031426429748535
21
19.75615692138672
31
145.64163208007812
12
8.027935028076172
22
19.75615692138672
32
145.63055419921875
13
8.027935028076172
23
19.75615692138672
33
145.63055419921875
0
3DFACE
8
TERRAIN
10
9.031426429748535
20
18.716358184814453
30
145.6284942626953
11
10.034918785095215
21
18.716358184814453
31
145.64553833007812
12
10.034918785095215
22
19.75615692138672
32
145.66896057128906
13
10.034918785095215
23
19.75615692138672
33
145.66896057128906
0
3DFACE
8
TERRAIN
10
9.031426429748535
20
18.716358184814453
30
145.6284942626953
11
10.034918785095215
21
19.75615692138672
31
145.66896057128906
12
9.031426429748535
22
19.75615692138672
32
145.64163208007812
13
9.031426429748535
23
19.75615692138672
33
145.64163208007812
0
3DFACE
8
TERRAIN
10
10.034918785095215
20
18.716358184814453
30
145.64553833007812
11
11.038410186767578
21
18.716358184814453
31
145.6609649658203
12
11.038410186767578
22
19.75615692138672
32
145.6998748779297
13
11.038410186767578
23
19.75615692138672
33
145.6998748779297
0
3DFACE
8
TERRAIN
10
10.034918785095215
20
18.716358184814453
30
145.64553833007812
11
11.038410186767578
21
19.75615692138672
31
145.6998748779297
12
10.034918785095215
22
19.75615692138672
32
145.66896057128906
13
10.034918785095215
23
19.75615692138672
33
145.66896057128906
0
3DFACE
8
TERRAIN
10
11.038410186767578
20
18.716358184814453
30
145.6609649658203
11
12.041901588439941
21
18.716358184814453
31
145.7272491455078
12
12.041901588439941
22
19.75615692138672
32
145.73748779296875
13
12.041901588439941
23
19.75615692138672
33
145.73748779296875
0
3DFACE
8
TERRAIN
10
11.038410186767578
20
18.716358184814453
30
145.6609649658203
11
12.041901588439941
21
19.75615692138672
31
145.73748779296875
12
11.038410186767578
22
19.75615692138672
32
145.6998748779297
13
11.038410186767578
23
19.75615692138672
33
145.6998748779297
0
3DFACE
8
TERRAIN
10
12.041901588439941
20
18.716358184814453
30
145.7272491455078
11
13.045393943786621
21
18.716358184814453
31
145.90821838378906
12
13.045393943786621
22
19.75615692138672
32
145.78610229492188
13
13.045393943786621
23
19.75615692138672
33
145.78610229492188
0
3DFACE
8
TERRAIN
10
12.041901588439941
20
18.716358184814453
30
145.7272491455078
11
13.045393943786621
21
19.75615692138672
31
145.78610229492188
12
12.041901588439941
22
19.75615692138672
32
145.73748779296875
13
12.041901588439941
23
19.75615692138672
33
145.73748779296875
0
3DFACE
8
TERRAIN
10
13.045393943786621
20
18.716358184814453
30
145.90821838378906
11
14.048885345458984
21
18.716358184814453
31
146.1127166748047
12
14.048885345458984
22
19.75615692138672
32
145.82736206054688
13
14.048885345458984
23
19.75615692138672
33
145.82736206054688
0
3DFACE
8
TERRAIN
10
13.045393943786621
20
18.716358184814453
30
145.90821838378906
11
14.048885345458984
21
19.75615692138672
31
145.82736206054688
12
13.045393943786621
22
19.75615692138672
32
145.78610229492188
13
13.045393943786621
23
19.75615692138672
33
145.78610229492188
0
3DFACE
8
TERRAIN
10
14.048885345458984
20
18.716358184814453
30
146.1127166748047
11
15.052377700805664
21
18.716358184814453
31
146.39810180664062
12
15.052377700805664
22
19.75615692138672
32
145.9504852294922
13
15.052377700805664
23
19.75615692138672
33
145.9504852294922
0
3DFACE
8
TERRAIN
10
14.048885345458984
20
18.716358184814453
30
146.1127166748047
11
15.052377700805664
21
19.75615692138672
31
145.9504852294922
12
14.048885345458984
22
19.75615692138672
32
145.82736206054688
13
14.048885345458984
23
19.75615692138672
33
145.82736206054688
0
3DFACE
8
TERRAIN
10
15.052377700805664
20
18.716358184814453
30
146.39810180664062
11
16.055870056152344
21
18.716358184814453
31
146.7144317626953
12
16.055870056152344
22
19.75615692138672
32
146.2088623046875
13
16.055870056152344
23
19.75615692138672
33
146.2088623046875
0
3DFACE
8
TERRAIN
10
15.052377700805664
20
18.716358184814453
30
146.39810180664062
11
16.055870056152344
21
19.75615692138672
31
146.2088623046875
12
15.052377700805664
22
19.75615692138672
32
145.9504852294922
13
15.052377700805664
23
19.75615692138672
33
145.9504852294922
0
3DFACE
8
TERRAIN
10
16.055870056152344
20
18.716358184814453
30
146.7144317626953
11
17.05936050415039
21
18.716358184814453
31
146.9649200439453
12
17.05936050415039
22
19.75615692138672
32
146.48133850097656
13
17.05936050415039
23
19.75615692138672
33
146.48133850097656
0
3DFACE
8
TERRAIN
10
16.055870056152344
20
18.716358184814453
30
146.7144317626953
11
17.05936050415039
21
19.75615692138672
31
146.48133850097656
12
16.055870056152344
22
19.75615692138672
32
146.2088623046875
13
16.055870056152344
23
19.75615692138672
33
146.2088623046875
0
3DFACE
8
TERRAIN
10
17.05936050415039
20
18.716358184814453
30
146.9649200439453
11
18.06285285949707
21
18.716358184814453
31
147.1046600341797
12
18.06285285949707
22
19.75615692138672
32
146.64382934570312
13
18.06285285949707
23
19.75615692138672
33
146.64382934570312
0
3DFACE
8
TERRAIN
10
17.05936050415039
20
18.716358184814453
30
146.9649200439453
11
18.06285285949707
21
19.75615692138672
31
146.64382934570312
12
17.05936050415039
22
19.75615692138672
32
146.48133850097656
13
17.05936050415039
23
19.75615692138672
33
146.48133850097656
0
3DFACE
8
TERRAIN
10
18.06285285949707
20
18.716358184814453
30
147.1046600341797
11
19.06634521484375
21
18.716358184814453
31
147.2101593017578
12
19.06634521484375
22
19.75615692138672
32
146.70945739746094
13
19.06634521484375
23
19.75615692138672
33
146.70945739746094
0
3DFACE
8
TERRAIN
10
18.06285285949707
20
18.716358184814453
30
147.1046600341797
11
19.06634521484375
21
19.75615692138672
31
146.70945739746094
12
18.06285285949707
22
19.75615692138672
32
146.64382934570312
13
18.06285285949707
23
19.75615692138672
33
146.64382934570312
0
3DFACE
8
TERRAIN
10
19.06634521484375
20
18.716358184814453
30
147.2101593017578
11
20.06983757019043
21
18.716358184814453
31
147.2576904296875
12
20.06983757019043
22
19.75615692138672
32
146.72471618652344
13
20.06983757019043
23
19.75615692138672
33
146.72471618652344
0
3DFACE
8
TERRAIN
10
19.06634521484375
20
18.716358184814453
30
147.2101593017578
11
20.06983757019043
21
19.75615692138672
31
146.72471618652344
12
19.06634521484375
22
19.75615692138672
32
146.70945739746094
13
19.06634521484375
23
19.75615692138672
33
146.70945739746094
0
3DFACE
8
TERRAIN
10
20.06983757019043
20
18.716358184814453
30
147.2576904296875
11
21.073328018188477
21
18.716358184814453
31
147.24331665039062
12
21.073328018188477
22
19.75615692138672
32
146.64987182617188
13
21.073328018188477
23
19.75615692138672
33
146.64987182617188
0
3DFACE
8
TERRAIN
10
20.06983757019043
20
18.716358184814453
30
147.2576904296875
11
21.073328018188477
21
19.75615692138672
31
146.64987182617188
12
20.06983757019043
22
19.75615692138672
32
146.72471618652344
13
20.06983757019043
23
19.75615692138672
33
146.72471618652344
0
3DFACE
8
TERRAIN
10
21.073328018188477
20
18.716358184814453
30
147.24331665039062
11
22.076820373535156
21
18.716358184814453
31
147.1049041748047
12
22.076820373535156
22
19.75615692138672
32
146.51358032226562
13
22.076820373535156
23
19.75615692138672
33
146.51358032226562
0
3DFACE
8
TERRAIN
10
21.073328018188477
20
18.716358184814453
30
147.24331665039062
11
22.076820373535156
21
19.75615692138672
31
146.51358032226562
12
21.073328018188477
22
19.75615692138672
32
146.64987182617188
13
21.073328018188477
23
19.75615692138672
33
146.64987182617188
0
3DFACE
8
TERRAIN
10
22.076820373535156
20
18.716358184814453
30
147.1049041748047
11
23.080312728881836
21
18.716358184814453
31
146.9555206298828
12
23.080312728881836
22
19.75615692138672
32
146.31649780273438
13
23.080312728881836
23
19.75615692138672
33
146.31649780273438
0
3DFACE
8
TERRAIN
10
22.076820373535156
20
18.716358184814453
30
147.1049041748047
11
23.080312728881836
21
19.75615692138672
31
146.31649780273438
12
22.076820373535156
22
19.75615692138672
32
146.51358032226562
13
22.076820373535156
23
19.75615692138672
33
146.51358032226562
0
3DFACE
8
TERRAIN
10
23.080312728881836
20
18.716358184814453
30
146.9555206298828
11
24.083803176879883
21
18.716358184814453
31
146.8107452392578
12
24.083803176879883
22
19.75615692138672
32
146.1204833984375
13
24.083803176879883
23
19.75615692138672
33
146.1204833984375
0
3DFACE
8
TERRAIN
10
23.080312728881836
20
18.716358184814453
30
146.9555206298828
11
24.083803176879883
21
19.75615692138672
31
146.1204833984375
12
23.080312728881836
22
19.75615692138672
32
146.31649780273438
13
23.080312728881836
23
19.75615692138672
33
146.31649780273438
0
3DFACE
8
TERRAIN
10
24.083803176879883
20
18.716358184814453
30
146.8107452392578
11
25.087295532226562
21
18.716358184814453
31
146.56048583984375
12
25.087295532226562
22
19.75615692138672
32
146.0618438720703
13
25.087295532226562
23
19.75615692138672
33
146.0618438720703
0
3DFACE
8
TERRAIN
10
24.083803176879883
20
18.716358184814453
30
146.8107452392578
11
25.087295532226562
21
19.75615692138672
31
146.0618438720703
12
24.083803176879883
22
19.75615692138672
32
146.1204833984375
13
24.083803176879883
23
19.75615692138672
33
146.1204833984375
0
3DFACE
8
TERRAIN
10
25.087295532226562
20
18.716358184814453
30
146.56048583984375
11
26.090787887573242
21
18.716358184814453
31
146.27420043945312
12
26.090787887573242
22
19.75615692138672
32
146.06256103515625
13
26.090787887573242
23
19.75615692138672
33
146.06256103515625
0
3DFACE
8
TERRAIN
10
25.087295532226562
20
18.716358184814453
30
146.56048583984375
11
26.090787887573242
21
19.75615692138672
31
146.06256103515625
12
25.087295532226562
22
19.75615692138672
32
146.0618438720703
13
25.087295532226562
23
19.75615692138672
33
146.0618438720703
0
3DFACE
8
TERRAIN
10
26.090787887573242
20
18.716358184814453
30
146.27420043945312
11
27.094280242919922
21
18.716358184814453
31
145.98118591308594
12
27.094280242919922
22
19.75615692138672
32
145.88653564453125
13
27.094280242919922
23
19.75615692138672
33
145.88653564453125
0
3DFACE
8
TERRAIN
10
26.090787887573242
20
18.716358184814453
30
146.27420043945312
11
27.094280242919922
21
19.75615692138672
31
145.88653564453125
12
26.090787887573242
22
19.75615692138672
32
146.06256103515625
13
26.090787887573242
23
19.75615692138672
33
146.06256103515625
0
3DFACE
8
TERRAIN
10
27.094280242919922
20
18.716358184814453
30
145.98118591308594
11
28.09777069091797
21
18.716358184814453
31
145.84494018554688
12
28.09777069091797
22
19.75615692138672
32
145.8794708251953
13
28.09777069091797
23
19.75615692138672
33
145.8794708251953
0
3DFACE
8
TERRAIN
10
27.094280242919922
20
18.716358184814453
30
145.98118591308594
11
28.09777069091797
21
19.75615692138672
31
145.8794708251953
12
27.094280242919922
22
19.75615692138672
32
145.88653564453125
13
27.094280242919922
23
19.75615692138672
33
145.88653564453125
0
3DFACE
8
TERRAIN
10
28.09777069091797
20
18.716358184814453
30
145.84494018554688
11
29.10126304626465
21
18.716358184814453
31
145.75387573242188
12
29.10126304626465
22
19.75615692138672
32
145.7169647216797
13
29.10126304626465
23
19.75615692138672
33
145.7169647216797
0
3DFACE
8
TERRAIN
10
28.09777069091797
20
18.716358184814453
30
145.84494018554688
11
29.10126304626465
21
19.75615692138672
31
145.7169647216797
12
28.09777069091797
22
19.75615692138672
32
145.8794708251953
13
28.09777069091797
23
19.75615692138672
33
145.8794708251953
0
3DFACE
8
TERRAIN
10
29.10126304626465
20
18.716358184814453
30
145.75387573242188
11
30.104755401611328
21
18.716358184814453
31
145.71836853027344
12
30.104755401611328
22
19.75615692138672
32
145.65040588378906
13
30.104755401611328
23
19.75615692138672
33
145.65040588378906
0
3DFACE
8
TERRAIN
10
29.10126304626465
20
18.716358184814453
30
145.75387573242188
11
30.104755401611328
21
19.75615692138672
31
145.65040588378906
12
29.10126304626465
22
19.75615692138672
32
145.7169647216797
13
29.10126304626465
23
19.75615692138672
33
145.7169647216797
0
3DFACE
8
TERRAIN
10
30.104755401611328
20
18.716358184814453
30
145.71836853027344
11
31.108245849609375
21
18.716358184814453
31
145.85325622558594
12
31.108245849609375
22
19.75615692138672
32
145.712890625
13
31.108245849609375
23
19.75615692138672
33
145.712890625
0
3DFACE
8
TERRAIN
10
30.104755401611328
20
18.716358184814453
30
145.71836853027344
11
31.108245849609375
21
19.75615692138672
31
145.712890625
12
30.104755401611328
22
19.75615692138672
32
145.65040588378906
13
30.104755401611328
23
19.75615692138672
33
145.65040588378906
0
3DFACE
8
TERRAIN
10
31.108245849609375
20
18.716358184814453
30
145.85325622558594
11
32.11174011230469
21
18.716358184814453
31
146.074462890625
12
32.11174011230469
22
19.75615692138672
32
145.80836486816406
13
32.11174011230469
23
19.75615692138672
33
145.80836486816406
0
3DFACE
8
TERRAIN
10
31.108245849609375
20
18.716358184814453
30
145.85325622558594
11
32.11174011230469
21
19.75615692138672
31
145.80836486816406
12
31.108245849609375
22
19.75615692138672
32
145.712890625
13
31.108245849609375
23
19.75615692138672
33
145.712890625
0
3DFACE
8
TERRAIN
10
32.11174011230469
20
18.716358184814453
30
146.074462890625
11
33.115230560302734
21
18.716358184814453
31
146.3382110595703
12
33.115230560302734
22
19.75615692138672
32
146.00186157226562
13
33.115230560302734
23
19.75615692138672
33
146.00186157226562
0
3DFACE
8
TERRAIN
10
32.11174011230469
20
18.716358184814453
30
146.074462890625
11
33.115230560302734
21
19.75615692138672
31
146.00186157226562
12
32.11174011230469
22
19.75615692138672
32
145.80836486816406
13
32.11174011230469
23
19.75615692138672
33
145.80836486816406
0
3DFACE
8
TERRAIN
10
33.115230560302734
20
18.716358184814453
30
146.3382110595703
11
34.11872100830078
21
18.716358184814453
31
146.56509399414062
12
34.11872100830078
22
19.75615692138672
32
146.132080078125
13
34.11872100830078
23
19.75615692138672
33
146.132080078125
0
3DFACE
8
TERRAIN
10
33.115230560302734
20
18.716358184814453
30
146.3382110595703
11
34.11872100830078
21
19.75615692138672
31
146.132080078125
12
33.115230560302734
22
19.75615692138672
32
146.00186157226562
13
33.115230560302734
23
19.75615692138672
33
146.00186157226562
0
3DFACE
8
TERRAIN
10
34.11872100830078
20
18.716358184814453
30
146.56509399414062
11
35.122215270996094
21
18.716358184814453
31
146.70216369628906
12
35.122215270996094
22
19.75615692138672
32
146.23501586914062
13
35.122215270996094
23
19.75615692138672
33
146.23501586914062
0
3DFACE
8
TERRAIN
10
34.11872100830078
20
18.716358184814453
30
146.56509399414062
11
35.122215270996094
21
19.75615692138672
31
146.23501586914062
12
34.11872100830078
22
19.75615692138672
32
146.132080078125
13
34.11872100830078
23
19.75615692138672
33
146.132080078125
0
3DFACE
8
TERRAIN
10
35.122215270996094
20
18.716358184814453
30
146.70216369628906
11
36.12570571899414
21
18.716358184814453
31
146.74609375
12
36.12570571899414
22
19.75615692138672
32
146.25819396972656
13
36.12570571899414
23
19.75615692138672
33
146.25819396972656
0
3DFACE
8
TERRAIN
10
35.122215270996094
20
18.716358184814453
30
146.70216369628906
11
36.12570571899414
21
19.75615692138672
31
146.25819396972656
12
35.122215270996094
22
19.75615692138672
32
146.23501586914062
13
35.122215270996094
23
19.75615692138672
33
146.23501586914062
0
3DFACE
8
TERRAIN
10
36.12570571899414
20
18.716358184814453
30
146.74609375
11
37.12919616699219
21
18.716358184814453
31
146.6812286376953
12
37.12919616699219
22
19.75615692138672
32
146.23069763183594
13
37.12919616699219
23
19.75615692138672
33
146.23069763183594
0
3DFACE
8
TERRAIN
10
36.12570571899414
20
18.716358184814453
30
146.74609375
11
37.12919616699219
21
19.75615692138672
31
146.23069763183594
12
36.12570571899414
22
19.75615692138672
32
146.25819396972656
13
36.12570571899414
23
19.75615692138672
33
146.25819396972656
0
3DFACE
8
TERRAIN
10
37.12919616699219
20
18.716358184814453
30
146.6812286376953
11
38.1326904296875
21
18.716358184814453
31
146.61978149414062
12
38.1326904296875
22
19.75615692138672
32
146.1988525390625
13
38.1326904296875
23
19.75615692138672
33
146.1988525390625
0
3DFACE
8
TERRAIN
10
37.12919616699219
20
18.716358184814453
30
146.6812286376953
11
38.1326904296875
21
19.75615692138672
31
146.1988525390625
12
37.12919616699219
22
19.75615692138672
32
146.23069763183594
13
37.12919616699219
23
19.75615692138672
33
146.23069763183594
0
3DFACE
8
TERRAIN
10
38.1326904296875
20
18.716358184814453
30
146.61978149414062
11
39.13618087768555
21
18.716358184814453
31
146.5068817138672
12
39.13618087768555
22
19.75615692138672
32
146.17974853515625
13
39.13618087768555
23
19.75615692138672
33
146.17974853515625
0
3DFACE
8
TERRAIN
10
38.1326904296875
20
18.716358184814453
30
146.61978149414062
11
39.13618087768555
21
19.75615692138672
31
146.17974853515625
12
38.1326904296875
22
19.75615692138672
32
146.1988525390625
13
38.1326904296875
23
19.75615692138672
33
146.1988525390625
0
3DFACE
8
TERRAIN
10
39.13618087768555
20
18.716358184814453
30
146.5068817138672
11
40.13967514038086
21
18.716358184814453
31
146.3817138671875
12
40.13967514038086
22
19.75615692138672
32
146.26626586914062
13
40.13967514038086
23
19.75615692138672
33
146.26626586914062
0
3DFACE
8
TERRAIN
10
39.13618087768555
20
18.716358184814453
30
146.5068817138672
11
40.13967514038086
21
19.75615692138672
31
146.26626586914062
12
39.13618087768555
22
19.75615692138672
32
146.17974853515625
13
39.13618087768555
23
19.75615692138672
33
146.17974853515625
0
3DFACE
8
TERRAIN
10
40.13967514038086
20
18.716358184814453
30
146.3817138671875
11
41.143165588378906
21
18.716358184814453
31
146.37921142578125
12
41.143165588378906
22
19.75615692138672
32
146.49029541015625
13
41.143165588378906
23
19.75615692138672
33
146.49029541015625
0
3DFACE
8
TERRAIN
10
40.13967514038086
20
18.716358184814453
30
146.3817138671875
11
41.143165588378906
21
19.75615692138672
31
146.49029541015625
12
40.13967514038086
22
19.75615692138672
32
146.26626586914062
13
40.13967514038086
23
19.75615692138672
33
146.26626586914062
0
3DFACE
8
TERRAIN
10
41.143165588378906
20
18.716358184814453
30
146.37921142578125
11
42.14665603637695
21
18.716358184814453
31
146.6092529296875
12
42.14665603637695
22
19.75615692138672
32
146.882568359375
13
42.14665603637695
23
19.75615692138672
33
146.882568359375
0
3DFACE
8
TERRAIN
10
41.143165588378906
20
18.716358184814453
30
146.37921142578125
11
42.14665603637695
21
19.75615692138672
31
146.882568359375
12
41.143165588378906
22
19.75615692138672
32
146.49029541015625
13
41.143165588378906
23
19.75615692138672
33
146.49029541015625
0
3DFACE
8
TERRAIN
10
42.14665603637695
20
18.716358184814453
30
146.6092529296875
11
43.150150299072266
21
18.716358184814453
31
147.1490936279297
12
43.150150299072266
22
19.75615692138672
32
147.49403381347656
13
43.150150299072266
23
19.75615692138672
33
147.49403381347656
0
3DFACE
8
TERRAIN
10
42.14665603637695
20
18.716358184814453
30
146.6092529296875
11
43.150150299072266
21
19.75615692138672
31
147.49403381347656
12
42.14665603637695
22
19.75615692138672
32
146.882568359375
13
42.14665603637695
23
19.75615692138672
33
146.882568359375
0
3DFACE
8
TERRAIN
10
43.150150299072266
20
18.716358184814453
30
147.1490936279297
11
44.15364074707031
21
18.716358184814453
31
147.80844116210938
12
44.15364074707031
22
19.75615692138672
32
148.22848510742188
13
44.15364074707031
23
19.75615692138672
33
148.22848510742188
0
3DFACE
8
TERRAIN
10
43.150150299072266
20
18.716358184814453
30
147.1490936279297
11
44.15364074707031
21
19.75615692138672
31
148.22848510742188
12
43.150150299072266
22
19.75615692138672
32
147.49403381347656
13
43.150150299072266
23
19.75615692138672
33
147.49403381347656
0
3DFACE
8
TERRAIN
10
44.15364074707031
20
18.716358184814453
30
147.80844116210938
11
45.15713119506836
21
18.716358184814453
31
148.42691040039062
12
45.15713119506836
22
19.75615692138672
32
148.80247497558594
13
45.15713119506836
23
19.75615692138672
33
148.80247497558594
0
3DFACE
8
TERRAIN
10
44.15364074707031
20
18.716358184814453
30
147.80844116210938
11
45.15713119506836
21
19.75615692138672
31
148.80247497558594
12
44.15364074707031
22
19.75615692138672
32
148.22848510742188
13
44.15364074707031
23
19.75615692138672
33
148.22848510742188
0
3DFACE
8
TERRAIN
10
0
20
17.67656135559082
30
146.6997528076172
11
1.0034918785095215
21
17.67656135559082
31
146.6138153076172
12
1.0034918785095215
22
18.716358184814453
32
146.2787322998047
13
1.0034918785095215
23
18.716358184814453
33
146.2787322998047
0
3DFACE
8
TERRAIN
10
0
20
17.67656135559082
30
146.6997528076172
11
1.0034918785095215
21
18.716358184814453
31
146.2787322998047
12
0
22
18.716358184814453
32
146.39259338378906
13
0
23
18.716358184814453
33
146.39259338378906
0
3DFACE
8
TERRAIN
10
1.0034918785095215
20
17.67656135559082
30
146.6138153076172
11
2.006983757019043
21
17.67656135559082
31
146.48338317871094
12
2.006983757019043
22
18.716358184814453
32
146.1426239013672
13
2.006983757019043
23
18.716358184814453
33
146.1426239013672
0
3DFACE
8
TERRAIN
10
1.0034918785095215
20
17.67656135559082
30
146.6138153076172
11
2.006983757019043
21
18.716358184814453
31
146.1426239013672
12
1.0034918785095215
22
18.716358184814453
32
146.2787322998047
13
1.0034918785095215
23
18.716358184814453
33
146.2787322998047
0
3DFACE
8
TERRAIN
10
2.006983757019043
20
17.67656135559082
30
146.48338317871094
11
3.0104753971099854
21
17.67656135559082
31
146.3225555419922
12
3.0104753971099854
22
18.716358184814453
32
146.0188446044922
13
3.0104753971099854
23
18.716358184814453
33
146.0188446044922
0
3DFACE
8
TERRAIN
10
2.006983757019043
20
17.67656135559082
30
146.48338317871094
11
3.0104753971099854
21
18.716358184814453
31
146.0188446044922
12
2.006983757019043
22
18.716358184814453
32
146.1426239013672
13
2.006983757019043
23
18.716358184814453
33
146.1426239013672
0
3DFACE
8
TERRAIN
10
3.0104753971099854
20
17.67656135559082
30
146.3225555419922
11
4.013967514038086
21
17.67656135559082
31
146.15538024902344
12
4.013967514038086
22
18.716358184814453
32
145.9454803466797
13
4.013967514038086
23
18.716358184814453
33
145.9454803466797
0
3DFACE
8
TERRAIN
10
3.0104753971099854
20
17.67656135559082
30
146.3225555419922
11
4.013967514038086
21
18.716358184814453
31
145.9454803466797
12
3.0104753971099854
22
18.716358184814453
32
146.0188446044922
13
3.0104753971099854
23
18.716358184814453
33
146.0188446044922
0
3DFACE
8
TERRAIN
10
4.013967514038086
20
17.67656135559082
30
146.15538024902344
11
5.017459392547607
21
17.67656135559082
31
146.02145385742188
12
5.017459392547607
22
18.716358184814453
32
145.8507843017578
13
5.017459392547607
23
18.716358184814453
33
145.8507843017578
0
3DFACE
8
TERRAIN
10
4.013967514038086
20
17.67656135559082
30
146.15538024902344
11
5.017459392547607
21
18.716358184814453
31
145.8507843017578
12
4.013967514038086
22
18.716358184814453
32
145.9454803466797
13
4.013967514038086
23
18.716358184814453
33
145.9454803466797
0
3DFACE
8
TERRAIN
10
5.017459392547607
20
17.67656135559082
30
146.02145385742188
11
6.020950794219971
21
17.67656135559082
31
145.90769958496094
12
6.020950794219971
22
18.716358184814453
32
145.7540740966797
13
6.020950794219971
23
18.716358184814453
33
145.7540740966797
0
3DFACE
8
TERRAIN
10
5.017459392547607
20
17.67656135559082
30
146.02145385742188
11
6.020950794219971
21
18.716358184814453
31
145.7540740966797
12
5.017459392547607
22
18.716358184814453
32
145.8507843017578
13
5.017459392547607
23
18.716358184814453
33
145.8507843017578
0
3DFACE
8
TERRAIN
10
6.020950794219971
20
17.67656135559082
30
145.90769958496094
11
7.024442672729492
21
17.67656135559082
31
145.79502868652344
12
7.024442672729492
22
18.716358184814453
32
145.66098022460938
13
7.024442672729492
23
18.716358184814453
33
145.66098022460938
0
3DFACE
8
TERRAIN
10
6.020950794219971
20
17.67656135559082
30
145.90769958496094
11
7.024442672729492
21
18.716358184814453
31
145.66098022460938
12
6.020950794219971
22
18.716358184814453
32
145.7540740966797
13
6.020950794219971
23
18.716358184814453
33
145.7540740966797
0
3DFACE
8
TERRAIN
10
7.024442672729492
20
17.67656135559082
30
145.79502868652344
11
8.027935028076172
21
17.67656135559082
31
145.69898986816406
12
8.027935028076172
22
18.716358184814453
32
145.6231689453125
13
8.027935028076172
23
18.716358184814453
33
145.6231689453125
0
3DFACE
8
TERRAIN
10
7.024442672729492
20
17.67656135559082
30
145.79502868652344
11
8.027935028076172
21
18.716358184814453
31
145.6231689453125
12
7.024442672729492
22
18.716358184814453
32
145.66098022460938
13
7.024442672729492
23
18.716358184814453
33
145.66098022460938
0
3DFACE
8
TERRAIN
10
8.027935028076172
20
17.67656135559082
30
145.69898986816406
11
9.031426429748535
21
17.67656135559082
31
145.703369140625
12
9.031426429748535
22
18.716358184814453
32
145.6284942626953
13
9.031426429748535
23
18.716358184814453
33
145.6284942626953
0
3DFACE
8
TERRAIN
10
8.027935028076172
20
17.67656135559082
30
145.69898986816406
11
9.031426429748535
21
18.716358184814453
31
145.6284942626953
12
8.027935028076172
22
18.716358184814453
32
145.6231689453125
13
8.027935028076172
23
18.716358184814453
33
145.6231689453125
0
3DFACE
8
TERRAIN
10
9.031426429748535
20
17.67656135559082
30
145.703369140625
11
10.034918785095215
21
17.67656135559082
31
145.72203063964844
12
10.034918785095215
22
18.716358184814453
32
145.64553833007812
13
10.034918785095215
23
18.716358184814453
33
145.64553833007812
0
3DFACE
8
TERRAIN
10
9.031426429748535
20
17.67656135559082
30
145.703369140625
11
10.034918785095215
21
18.716358184814453
31
145.64553833007812
12
9.031426429748535
22
18.716358184814453
32
145.6284942626953
13
9.031426429748535
23
18.716358184814453
33
145.6284942626953
0
3DFACE
8
TERRAIN
10
10.034918785095215
20
17.67656135559082
30
145.72203063964844
11
11.038410186767578
21
17.67656135559082
31
145.78121948242188
12
11.038410186767578
22
18.716358184814453
32
145.6609649658203
13
11.038410186767578
23
18.716358184814453
33
145.6609649658203
0
3DFACE
8
TERRAIN
10
10.034918785095215
20
17.67656135559082
30
145.72203063964844
11
11.038410186767578
21
18.716358184814453
31
145.6609649658203
12
10.034918785095215
22
18.716358184814453
32
145.64553833007812
13
10.034918785095215
23
18.716358184814453
33
145.64553833007812
0
3DFACE
8
TERRAIN
10
11.038410186767578
20
17.67656135559082
30
145.78121948242188
11
12.041901588439941
21
17.67656135559082
31
145.9928436279297
12
12.041901588439941
22
18.716358184814453
32
145.7272491455078
13
12.041901588439941
23
18.716358184814453
33
145.7272491455078
0
3DFACE
8
TERRAIN
10
11.038410186767578
20
17.67656135559082
30
145.78121948242188
11
12.041901588439941
21
18.716358184814453
31
145.7272491455078
12
11.038410186767578
22
18.716358184814453
32
145.6609649658203
13
11.038410186767578
23
18.716358184814453
33
145.6609649658203
0
3DFACE
8
TERRAIN
10
12.041901588439941
20
17.67656135559082
30
145.9928436279297
11
13.045393943786621
21
17.67656135559082
31
146.32839965820312
12
13.045393943786621
22
18.716358184814453
32
145.90821838378906
13
13.045393943786621
23
18.716358184814453
33
145.90821838378906
0
3DFACE
8
TERRAIN
10
12.041901588439941
20
17.67656135559082
30
145.9928436279297
11
13.045393943786621
21
18.716358184814453
31
145.90821838378906
12
12.041901588439941
22
18.716358184814453
32
145.7272491455078
13
12.041901588439941
23
18.716358184814453
33
145.7272491455078
0
3DFACE
8
TERRAIN
10
13.045393943786621
20
17.67656135559082
30
146.32839965820312
11
14.048885345458984
21
17.67656135559082
31
146.7083740234375
12
14.048885345458984
22
18.716358184814453
32
146.1127166748047
13
14.048885345458984
23
18.716358184814453
33
146.1127166748047
0
3DFACE
8
TERRAIN
10
13.045393943786621
20
17.67656135559082
30
146.32839965820312
11
14.048885345458984
21
18.716358184814453
31
146.1127166748047
12
13.045393943786621
22
18.716358184814453
32
145.90821838378906
13
13.045393943786621
23
18.716358184814453
33
145.90821838378906
0
3DFACE
8
TERRAIN
10
14.048885345458984
20
17.67656135559082
30
146.7083740234375
11
15.052377700805664
21
17.67656135559082
31
147.0072021484375
12
15.052377700805664
22
18.716358184814453
32
146.39810180664062
13
15.052377700805664
23
18.716358184814453
33
146.39810180664062
0
3DFACE
8
TERRAIN
10
14.048885345458984
20
17.67656135559082
30
146.7083740234375
11
15.052377700805664
21
18.716358184814453
31
146.39810180664062
12
14.048885345458984
22
18.716358184814453
32
146.1127166748047
13
14.048885345458984
23
18.716358184814453
33
146.1127166748047
0
3DFACE
8
TERRAIN
10
15.052377700805664
20
17.67656135559082
30
147.0072021484375
11
16.055870056152344
21
17.67656135559082
31
147.33714294433594
12
16.055870056152344
22
18.716358184814453
32
146.7144317626953
13
16.055870056152344
23
18.716358184814453
33
146.7144317626953
0
3DFACE
8
TERRAIN
10
15.052377700805664
20
17.67656135559082
30
147.0072021484375
11
16.055870056152344
21
18.716358184814453
31
146.7144317626953
12
15.052377700805664
22
18.716358184814453
32
146.39810180664062
13
15.052377700805664
23
18.716358184814453
33
146.39810180664062
0
3DFACE
8
TERRAIN
10
16.055870056152344
20
17.67656135559082
30
147.33714294433594
11
17.05936050415039
21
17.67656135559082
31
147.55882263183594
12
17.05936050415039
22
18.716358184814453
32
146.9649200439453
13
17.05936050415039
23
18.716358184814453
33
146.9649200439453
0
3DFACE
8
TERRAIN
10
16.055870056152344
20
17.67656135559082
30
147.33714294433594
11
17.05936050415039
21
18.716358184814453
31
146.9649200439453
12
16.055870056152344
22
18.716358184814453
32
146.7144317626953
13
16.055870056152344
23
18.716358184814453
33
146.7144317626953
0
3DFACE
8
TERRAIN
10
17.05936050415039
20
17.67656135559082
30
147.55882263183594
11
18.06285285949707
21
17.67656135559082
31
147.62535095214844
12
18.06285285949707
22
18.716358184814453
32
147.1046600341797
13
18.06285285949707
23
18.716358184814453
33
147.1046600341797
0
3DFACE
8
TERRAIN
10
17.05936050415039
20
17.67656135559082
30
147.55882263183594
11
18.06285285949707
21
18.716358184814453
31
147.1046600341797
12
17.05936050415039
22
18.716358184814453
32
146.9649200439453
13
17.05936050415039
23
18.716358184814453
33
146.9649200439453
0
3DFACE
8
TERRAIN
10
18.06285285949707
20
17.67656135559082
30
147.62535095214844
11
19.06634521484375
21
17.67656135559082
31
147.70660400390625
12
19.06634521484375
22
18.716358184814453
32
147.2101593017578
13
19.06634521484375
23
18.716358184814453
33
147.2101593017578
0
3DFACE
8
TERRAIN
10
18.06285285949707
20
17.67656135559082
30
147.62535095214844
11
19.06634521484375
21
18.716358184814453
31
147.2101593017578
12
18.06285285949707
22
18.716358184814453
32
147.1046600341797
13
18.06285285949707
23
18.716358184814453
33
147.1046600341797
0
3DFACE
8
TERRAIN
10
19.06634521484375
20
17.67656135559082
30
147.70660400390625
11
20.06983757019043
21
17.67656135559082
31
147.82211303710938
12
20.06983757019043
22
18.716358184814453
32
147.2576904296875
13
20.06983757019043
23
18.716358184814453
33
147.2576904296875
0
3DFACE
8
TERRAIN
10
19.06634521484375
20
17.67656135559082
30
147.70660400390625
11
20.06983757019043
21
18.716358184814453
31
147.2576904296875
12
19.06634521484375
22
18.716358184814453
32
147.2101593017578
13
19.06634521484375
23
18.716358184814453
33
147.2101593017578
0
3DFACE
8
TERRAIN
10
20.06983757019043
20
17.67656135559082
30
147.82211303710938
11
21.073328018188477
21
17.67656135559082
31
147.84814453125
12
21.073328018188477
22
18.716358184814453
32
147.24331665039062
13
21.073328018188477
23
18.716358184814453
33
147.24331665039062
0
3DFACE
8
TERRAIN
10
20.06983757019043
20
17.67656135559082
30
147.82211303710938
11
21.073328018188477
21
18.716358184814453
31
147.24331665039062
12
20.06983757019043
22
18.716358184814453
32
147.2576904296875
13
20.06983757019043
23
18.716358184814453
33
147.2576904296875
0
3DFACE
8
TERRAIN
10
21.073328018188477
20
17.67656135559082
30
147.84814453125
11
22.076820373535156
21
17.67656135559082
31
147.70242309570312
12
22.076820373535156
22
18.716358184814453
32
147.1049041748047
13
22.076820373535156
23
18.716358184814453
33
147.1049041748047
0
3DFACE
8
TERRAIN
10
21.073328018188477
20
17.67656135559082
30
147.84814453125
11
22.076820373535156
21
18.716358184814453
31
147.1049041748047
12
21.073328018188477
22
18.716358184814453
32
147.24331665039062
13
21.073328018188477
23
18.716358184814453
33
147.24331665039062
0
3DFACE
8
TERRAIN
10
22.076820373535156
20
17.67656135559082
30
147.70242309570312
11
23.080312728881836
21
17.67656135559082
31
147.54824829101562
12
23.080312728881836
22
18.716358184814453
32
146.9555206298828
13
23.080312728881836
23
18.716358184814453
33
146.9555206298828
0
3DFACE
8
TERRAIN
10
22.076820373535156
20
17.67656135559082
30
147.70242309570312
11
23.080312728881836
21
18.716358184814453
31
146.9555206298828
12
22.076820373535156
22
18.716358184814453
32
147.1049041748047
13
22.076820373535156
23
18.716358184814453
33
147.1049041748047
0
3DFACE
8
TERRAIN
10
23.080312728881836
20
17.67656135559082
30
147.54824829101562
11
24.083803176879883
21
17.67656135559082
31
147.28395080566406
12
24.083803176879883
22
18.716358184814453
32
146.8107452392578
13
24.083803176879883
23
18.716358184814453
33
146.8107452392578
0
3DFACE
8
TERRAIN
10
23.080312728881836
20
17.67656135559082
30
147.54824829101562
11
24.083803176879883
21
18.716358184814453
31
146.8107452392578
12
23.080312728881836
22
18.716358184814453
32
146.9555206298828
13
23.080312728881836
23
18.716358184814453
33
146.9555206298828
0
3DFACE
8
TERRAIN
10
24.083803176879883
20
17.67656135559082
30
147.28395080566406
11
25.087295532226562
21
17.67656135559082
31
146.96194458007812
12
25.087295532226562
22
18.716358184814453
32
146.56048583984375
13
25.087295532226562
23
18.716358184814453
33
146.56048583984375
0
3DFACE
8
TERRAIN
10
24.083803176879883
20
17.67656135559082
30
147.28395080566406
11
25.087295532226562
21
18.716358184814453
31
146.56048583984375
12
24.083803176879883
22
18.716358184814453
32
146.8107452392578
13
24.083803176879883
23
18.716358184814453
33
146.8107452392578
0
3DFACE
8
TERRAIN
10
25.087295532226562
20
17.67656135559082
30
146.96194458007812
11
26.090787887573242
21
17.67656135559082
31
146.5984344482422
12
26.090787887573242
22
18.716358184814453
32
146.27420043945312
13
26.090787887573242
23
18.716358184814453
33
146.27420043945312
0
3DFACE
8
TERRAIN
10
25.087295532226562
20
17.67656135559082
30
146.96194458007812
11
26.090787887573242
21
18.716358184814453
31
146.27420043945312
12
25.087295532226562
22
18.716358184814453
32
146.56048583984375
13
25.087295532226562
23
18.716358184814453
33
146.56048583984375
0
3DFACE
8
TERRAIN
10
26.090787887573242
20
17.67656135559082
30
146.5984344482422
11
27.094280242919922
21
17.67656135559082
31
146.2399139404297
12
27.094280242919922
22
18.716358184814453
32
145.98118591308594
13
27.094280242919922
23
18.716358184814453
33
145.98118591308594
0
3DFACE
8
TERRAIN
10
26.090787887573242
20
17.67656135559082
30
146.5984344482422
11
27.094280242919922
21
18.716358184814453
31
145.98118591308594
12
26.090787887573242
22
18.716358184814453
32
146.27420043945312
13
26.090787887573242
23
18.716358184814453
33
146.27420043945312
0
3DFACE
8
TERRAIN
10
27.094280242919922
20
17.67656135559082
30
146.2399139404297
11
28.09777069091797
21
17.67656135559082
31
145.90731811523438
12
28.09777069091797
22
18.716358184814453
32
145.84494018554688
13
28.09777069091797
23
18.716358184814453
33
145.84494018554688
0
3DFACE
8
TERRAIN
10
27.094280242919922
20
17.67656135559082
30
146.2399139404297
11
28.09777069091797
21
18.716358184814453
31
145.84494018554688
12
27.094280242919922
22
18.716358184814453
32
145.98118591308594
13
27.094280242919922
23
18.716358184814453
33
145.98118591308594
0
3DFACE
8
TERRAIN
10
28.09777069091797
20
17.67656135559082
30
145.90731811523438
11
29.10126304626465
21
17.67656135559082
31
145.75282287597656
12
29.10126304626465
22
18.716358184814453
32
145.75387573242188
13
29.10126304626465
23
18.716358184814453
33
145.75387573242188
0
3DFACE
8
TERRAIN
10
28.09777069091797
20
17.67656135559082
30
145.90731811523438
11
29.10126304626465
21
18.716358184814453
31
145.75387573242188
12
28.09777069091797
22
18.716358184814453
32
145.84494018554688
13
28.09777069091797
23
18.716358184814453
33
145.84494018554688
0
3DFACE
8
TERRAIN
10
29.10126304626465
20
17.67656135559082
30
145.75282287597656
11
30.104755401611328
21
17.67656135559082
31
145.6895751953125
12
30.104755401611328
22
18.716358184814453
32
145.71836853027344
13
30.104755401611328
23
18.716358184814453
33
145.71836853027344
0
3DFACE
8
TERRAIN
10
29.10126304626465
20
17.67656135559082
30
145.75282287597656
11
30.104755401611328
21
18.716358184814453
31
145.71836853027344
12
29.10126304626465
22
18.716358184814453
32
145.75387573242188
13
29.10126304626465
23
18.716358184814453
33
145.75387573242188
0
3DFACE
8
TERRAIN
10
30.104755401611328
20
17.67656135559082
30
145.6895751953125
11
31.108245849609375
21
17.67656135559082
31
145.95220947265625
12
31.108245849609375
22
18.716358184814453
32
145.85325622558594
13
31.108245849609375
23
18.716358184814453
33
145.85325622558594
0
3DFACE
8
TERRAIN
10
30.104755401611328
20
17.67656135559082
30
145.6895751953125
11
31.108245849609375
21
18.716358184814453
31
145.85325622558594
12
30.104755401611328
22
18.716358184814453
32
145.71836853027344
13
30.104755401611328
23
18.716358184814453
33
145.71836853027344
0
3DFACE
8
TERRAIN
10
31.108245849609375
20
17.67656135559082
30
145.95220947265625
11
32.11174011230469
21
17.67656135559082
31
146.29908752441406
12
32.11174011230469
22
18.716358184814453
32
146.074462890625
13
32.11174011230469
23
18.716358184814453
33
146.074462890625
0
3DFACE
8
TERRAIN
10
31.108245849609375
20
17.67656135559082
30
145.95220947265625
11
32.11174011230469
21
18.716358184814453
31
146.074462890625
12
31.108245849609375
22
18.716358184814453
32
145.85325622558594
13
31.108245849609375
23
18.716358184814453
33
145.85325622558594
0
3DFACE
8
TERRAIN
10
32.11174011230469
20
17.67656135559082
30
146.29908752441406
11
33.115230560302734
21
17.67656135559082
31
146.62969970703125
12
33.115230560302734
22
18.716358184814453
32
146.3382110595703
13
33.115230560302734
23
18.716358184814453
33
146.3382110595703
0
3DFACE
8
TERRAIN
10
32.11174011230469
20
17.67656135559082
30
146.29908752441406
11
33.115230560302734
21
18.716358184814453
31
146.3382110595703
12
32.11174011230469
22
18.716358184814453
32
146.074462890625
13
32.11174011230469
23
18.716358184814453
33
146.074462890625
0
3DFACE
8
TERRAIN
10
33.115230560302734
20
17.67656135559082
30
146.62969970703125
11
34.11872100830078
21
17.67656135559082
31
146.9316864013672
12
34.11872100830078
22
18.716358184814453
32
146.56509399414062
13
34.11872100830078
23
18.716358184814453
33
146.56509399414062
0
3DFACE
8
TERRAIN
10
33.115230560302734
20
17.67656135559082
30
146.62969970703125
11
34.11872100830078
21
18.716358184814453
31
146.56509399414062
12
33.115230560302734
22
18.716358184814453
32
146.3382110595703
13
33.115230560302734
23
18.716358184814453
33
146.3382110595703
0
3DFACE
8
TERRAIN
10
34.11872100830078
20
17.67656135559082
30
146.9316864013672
11
35.122215270996094
21
17.67656135559082
31
147.13467407226562
12
35.122215270996094
22
18.716358184814453
32
146.70216369628906
13
35.122215270996094
23
18.716358184814453
33
146.70216369628906
0
3DFACE
8
TERRAIN
10
34.11872100830078
20
17.67656135559082
30
146.9316864013672
11
35.122215270996094
21
18.716358184814453
31
146.70216369628906
12
34.11872100830078
22
18.716358184814453
32
146.56509399414062
13
34.11872100830078
23
18.716358184814453
33
146.56509399414062
0
3DFACE
8
TERRAIN
10
35.122215270996094
20
17.67656135559082
30
147.13467407226562
11
36.12570571899414
21
17.67656135559082
31
147.29600524902344
12
36.12570571899414
22
18.716358184814453
32
146.74609375
13
36.12570571899414
23
18.716358184814453
33
146.74609375
0
3DFACE
8
TERRAIN
10
35.122215270996094
20
17.67656135559082
30
147.13467407226562
11
36.12570571899414
21
18.716358184814453
31
146.74609375
12
35.122215270996094
22
18.716358184814453
32
146.70216369628906
13
35.122215270996094
23
18.716358184814453
33
146.70216369628906
0
3DFACE
8
TERRAIN
10
36.12570571899414
20
17.67656135559082
30
147.29600524902344
11
37.12919616699219
21
17.67656135559082
31
147.21844482421875
12
37.12919616699219
22
18.716358184814453
32
146.6812286376953
13
37.12919616699219
23
18.716358184814453
33
146.6812286376953
0
3DFACE
8
TERRAIN
10
36.12570571899414
20
17.67656135559082
30
147.29600524902344
11
37.12919616699219
21
18.716358184814453
31
146.6812286376953
12
36.12570571899414
22
18.716358184814453
32
146.74609375
13
36.12570571899414
23
18.716358184814453
33
146.74609375
0
3DFACE
8
TERRAIN
10
37.12919616699219
20
17.67656135559082
30
147.21844482421875
11
38.1326904296875
21
17.67656135559082
31
147.0166473388672
12
38.1326904296875
22
18.716358184814453
32
146.61978149414062
13
38.1326904296875
23
18.716358184814453
33
146.61978149414062
0
3DFACE
8
TERRAIN
10
37.12919616699219
20
17.67656135559082
30
147.21844482421875
11
38.1326904296875
21
18.716358184814453
31
146.61978149414062
12
37.12919616699219
22
18.716358184814453
32
146.6812286376953
13
37.12919616699219
23
18.716358184814453
33
146.6812286376953
0
3DFACE
8
TERRAIN
10
38.1326904296875
20
17.67656135559082
30
147.0166473388672
11
39.13618087768555
21
17.67656135559082
31
146.70004272460938
12
39.13618087768555
22
18.716358184814453
32
146.5068817138672
13
39.13618087768555
23
18.716358184814453
33
146.5068817138672
0
3DFACE
8
TERRAIN
10
38.1326904296875
20
17.67656135559082
30
147.0166473388672
11
39.13618087768555
21
18.716358184814453
31
146.5068817138672
12
38.1326904296875
22
18.716358184814453
32
146.61978149414062
13
38.1326904296875
23
18.716358184814453
33
146.61978149414062
0
3DFACE
8
TERRAIN
10
39.13618087768555
20
17.67656135559082
30
146.70004272460938
11
40.13967514038086
21
17.67656135559082
31
146.43539428710938
12
40.13967514038086
22
18.716358184814453
32
146.3817138671875
13
40.13967514038086
23
18.716358184814453
33
146.3817138671875
0
3DFACE
8
TERRAIN
10
39.13618087768555
20
17.67656135559082
30
146.70004272460938
11
40.13967514038086
21
18.716358184814453
31
146.3817138671875
12
39.13618087768555
22
18.716358184814453
32
146.5068817138672
13
39.13618087768555
23
18.716358184814453
33
146.5068817138672
0
3DFACE
8
TERRAIN
10
40.13967514038086
20
17.67656135559082
30
146.43539428710938
11
41.143165588378906
21
17.67656135559082
31
146.4349822998047
12
41.143165588378906
22
18.716358184814453
32
146.37921142578125
13
41.143165588378906
23
18.716358184814453
33
146.37921142578125
0
3DFACE
8
TERRAIN
10
40.13967514038086
20
17.67656135559082
30
146.43539428710938
11
41.143165588378906
21
18.716358184814453
31
146.37921142578125
12
40.13967514038086
22
18.716358184814453
32
146.3817138671875
13
40.13967514038086
23
18.716358184814453
33
146.3817138671875
0
3DFACE
8
TERRAIN
10
41.143165588378906
20
17.67656135559082
30
146.4349822998047
11
42.14665603637695
21
17.67656135559082
31
146.63417053222656
12
42.14665603637695
22
18.716358184814453
32
146.6092529296875
13
42.14665603637695
23
18.716358184814453
33
146.6092529296875
0
3DFACE
8
TERRAIN
10
41.143165588378906
20
17.67656135559082
30
146.4349822998047
11
42.14665603637695
21
18.716358184814453
31
146.6092529296875
12
41.143165588378906
22
18.716358184814453
32
146.37921142578125
13
41.143165588378906
23
18.716358184814453
33
146.37921142578125
0
3DFACE
8
TERRAIN
10
42.14665603637695
20
17.67656135559082
30
146.63417053222656
11
43.150150299072266
21
17.67656135559082
31
147.04031372070312
12
43.150150299072266
22
18.716358184814453
32
147.1490936279297
13
43.150150299072266
23
18.716358184814453
33
147.1490936279297
0
3DFACE
8
TERRAIN
10
42.14665603637695
20
17.67656135559082
30
146.63417053222656
11
43.150150299072266
21
18.716358184814453
31
147.1490936279297
12
42.14665603637695
22
18.716358184814453
32
146.6092529296875
13
42.14665603637695
23
18.716358184814453
33
146.6092529296875
0
3DFACE
8
TERRAIN
10
43.150150299072266
20
17.67656135559082
30
147.04031372070312
11
44.15364074707031
21
17.67656135559082
31
147.53561401367188
12
44.15364074707031
22
18.716358184814453
32
147.80844116210938
13
44.15364074707031
23
18.716358184814453
33
147.80844116210938
0
3DFACE
8
TERRAIN
10
43.150150299072266
20
17.67656135559082
30
147.04031372070312
11
44.15364074707031
21
18.716358184814453
31
147.80844116210938
12
43.150150299072266
22
18.716358184814453
32
147.1490936279297
13
43.150150299072266
23
18.716358184814453
33
147.1490936279297
0
3DFACE
8
TERRAIN
10
44.15364074707031
20
17.67656135559082
30
147.53561401367188
11
45.15713119506836
21
17.67656135559082
31
148.0965118408203
12
45.15713119506836
22
18.716358184814453
32
148.42691040039062
13
45.15713119506836
23
18.716358184814453
33
148.42691040039062
0
3DFACE
8
TERRAIN
10
44.15364074707031
20
17.67656135559082
30
147.53561401367188
11
45.15713119506836
21
18.716358184814453
31
148.42691040039062
12
44.15364074707031
22
18.716358184814453
32
147.80844116210938
13
44.15364074707031
23
18.716358184814453
33
147.80844116210938
0
3DFACE
8
TERRAIN
10
0
20
16.636762619018555
30
146.96832275390625
11
1.0034918785095215
21
16.636762619018555
31
146.89723205566406
12
1.0034918785095215
22
17.67656135559082
32
146.6138153076172
13
1.0034918785095215
23
17.67656135559082
33
146.6138153076172
0
3DFACE
8
TERRAIN
10
0
20
16.636762619018555
30
146.96832275390625
11
1.0034918785095215
21
17.67656135559082
31
146.6138153076172
12
0
22
17.67656135559082
32
146.6997528076172
13
0
23
17.67656135559082
33
146.6997528076172
0
3DFACE
8
TERRAIN
10
1.0034918785095215
20
16.636762619018555
30
146.89723205566406
11
2.006983757019043
21
16.636762619018555
31
146.7852783203125
12
2.006983757019043
22
17.67656135559082
32
146.48338317871094
13
2.006983757019043
23
17.67656135559082
33
146.48338317871094
0
3DFACE
8
TERRAIN
10
1.0034918785095215
20
16.636762619018555
30
146.89723205566406
11
2.006983757019043
21
17.67656135559082
31
146.48338317871094
12
1.0034918785095215
22
17.67656135559082
32
146.6138153076172
13
1.0034918785095215
23
17.67656135559082
33
146.6138153076172
0
3DFACE
8
TERRAIN
10
2.006983757019043
20
16.636762619018555
30
146.7852783203125
11
3.0104753971099854
21
16.636762619018555
31
146.60557556152344
12
3.0104753971099854
22
17.67656135559082
32
146.3225555419922
13
3.0104753971099854
23
17.67656135559082
33
146.3225555419922
0
3DFACE
8
TERRAIN
10
2.006983757019043
20
16.636762619018555
30
146.7852783203125
11
3.0104753971099854
21
17.67656135559082
31
146.3225555419922
12
2.006983757019043
22
17.67656135559082
32
146.48338317871094
13
2.006983757019043
23
17.67656135559082
33
146.48338317871094
0
3DFACE
8
TERRAIN
10
3.0104753971099854
20
16.636762619018555
30
146.60557556152344
11
4.013967514038086
21
16.636762619018555
31
146.40457153320312
12
4.013967514038086
22
17.67656135559082
32
146.15538024902344
13
4.013967514038086
23
17.67656135559082
33
146.15538024902344
0
3DFACE
8
TERRAIN
10
3.0104753971099854
20
16.636762619018555
30
146.60557556152344
11
4.013967514038086
21
17.67656135559082
31
146.15538024902344
12
3.0104753971099854
22
17.67656135559082
32
146.3225555419922
13
3.0104753971099854
23
17.67656135559082
33
146.3225555419922
0
3DFACE
8
TERRAIN
10
4.013967514038086
20
16.636762619018555
30
146.40457153320312
11
5.017459392547607
21
16.636762619018555
31
146.25086975097656
12
5.017459392547607
22
17.67656135559082
32
146.02145385742188
13
5.017459392547607
23
17.67656135559082
33
146.02145385742188
0
3DFACE
8
TERRAIN
10
4.013967514038086
20
16.636762619018555
30
146.40457153320312
11
5.017459392547607
21
17.67656135559082
31
146.02145385742188
12
4.013967514038086
22
17.67656135559082
32
146.15538024902344
13
4.013967514038086
23
17.67656135559082
33
146.15538024902344
0
3DFACE
8
TERRAIN
10
5.017459392547607
20
16.636762619018555
30
146.25086975097656
11
6.020950794219971
21
16.636762619018555
31
146.1046142578125
12
6.020950794219971
22
17.67656135559082
32
145.90769958496094
13
6.020950794219971
23
17.67656135559082
33
145.90769958496094
0
3DFACE
8
TERRAIN
10
5.017459392547607
20
16.636762619018555
30
146.25086975097656
11
6.020950794219971
21
17.67656135559082
31
145.90769958496094
12
5.017459392547607
22
17.67656135559082
32
146.02145385742188
13
5.017459392547607
23
17.67656135559082
33
146.02145385742188
0
3DFACE
8
TERRAIN
10
6.020950794219971
20
16.636762619018555
30
146.1046142578125
11
7.024442672729492
21
16.636762619018555
31
145.99375915527344
12
7.024442672729492
22
17.67656135559082
32
145.79502868652344
13
7.024442672729492
23
17.67656135559082
33
145.79502868652344
0
3DFACE
8
TERRAIN
10
6.020950794219971
20
16.636762619018555
30
146.1046142578125
11
7.024442672729492
21
17.67656135559082
31
145.79502868652344
12
6.020950794219971
22
17.67656135559082
32
145.90769958496094
13
6.020950794219971
23
17.67656135559082
33
145.90769958496094
0
3DFACE
8
TERRAIN
10
7.024442672729492
20
16.636762619018555
30
145.99375915527344
11
8.027935028076172
21
16.636762619018555
31
145.86036682128906
12
8.027935028076172
22
17.67656135559082
32
145.69898986816406
13
8.027935028076172
23
17.67656135559082
33
145.69898986816406
0
3DFACE
8
TERRAIN
10
7.024442672729492
20
16.636762619018555
30
145.99375915527344
11
8.027935028076172
21
17.67656135559082
31
145.69898986816406
12
7.024442672729492
22
17.67656135559082
32
145.79502868652344
13
7.024442672729492
23
17.67656135559082
33
145.79502868652344
0
3DFACE
8
TERRAIN
10
8.027935028076172
20
16.636762619018555
30
145.86036682128906
11
9.031426429748535
21
16.636762619018555
31
145.80020141601562
12
9.031426429748535
22
17.67656135559082
32
145.703369140625
13
9.031426429748535
23
17.67656135559082
33
145.703369140625
0
3DFACE
8
TERRAIN
10
8.027935028076172
20
16.636762619018555
30
145.86036682128906
11
9.031426429748535
21
17.67656135559082
31
145.703369140625
12
8.027935028076172
22
17.67656135559082
32
145.69898986816406
13
8.027935028076172
23
17.67656135559082
33
145.69898986816406
0
3DFACE
8
TERRAIN
10
9.031426429748535
20
16.636762619018555
30
145.80020141601562
11
10.034918785095215
21
16.636762619018555
31
145.92306518554688
12
10.034918785095215
22
17.67656135559082
32
145.72203063964844
13
10.034918785095215
23
17.67656135559082
33
145.72203063964844
0
3DFACE
8
TERRAIN
10
9.031426429748535
20
16.636762619018555
30
145.80020141601562
11
10.034918785095215
21
17.67656135559082
31
145.72203063964844
12
9.031426429748535
22
17.67656135559082
32
145.703369140625
13
9.031426429748535
23
17.67656135559082
33
145.703369140625
0
3DFACE
8
TERRAIN
10
10.034918785095215
20
16.636762619018555
30
145.92306518554688
11
11.038410186767578
21
16.636762619018555
31
146.18360900878906
12
11.038410186767578
22
17.67656135559082
32
145.78121948242188
13
11.038410186767578
23
17.67656135559082
33
145.78121948242188
0
3DFACE
8
TERRAIN
10
10.034918785095215
20
16.636762619018555
30
145.92306518554688
11
11.038410186767578
21
17.67656135559082
31
145.78121948242188
12
10.034918785095215
22
17.67656135559082
32
145.72203063964844
13
10.034918785095215
23
17.67656135559082
33
145.72203063964844
0
3DFACE
8
TERRAIN
10
11.038410186767578
20
16.636762619018555
30
146.18360900878906
11
12.041901588439941
21
16.636762619018555
31
146.50497436523438
12
12.041901588439941
22
17.67656135559082
32
145.9928436279297
13
12.041901588439941
23
17.67656135559082
33
145.9928436279297
0
3DFACE
8
TERRAIN
10
11.038410186767578
20
16.636762619018555
30
146.18360900878906
11
12.041901588439941
21
17.67656135559082
31
145.9928436279297
12
11.038410186767578
22
17.67656135559082
32
145.78121948242188
13
11.038410186767578
23
17.67656135559082
33
145.78121948242188
0
3DFACE
8
TERRAIN
10
12.041901588439941
20
16.636762619018555
30
146.50497436523438
11
13.045393943786621
21
16.636762619018555
31
146.94122314453125
12
13.045393943786621
22
17.67656135559082
32
146.32839965820312
13
13.045393943786621
23
17.67656135559082
33
146.32839965820312
0
3DFACE
8
TERRAIN
10
12.041901588439941
20
16.636762619018555
30
146.50497436523438
11
13.045393943786621
21
17.67656135559082
31
146.32839965820312
12
12.041901588439941
22
17.67656135559082
32
145.9928436279297
13
12.041901588439941
23
17.67656135559082
33
145.9928436279297
0
3DFACE
8
TERRAIN
10
13.045393943786621
20
16.636762619018555
30
146.94122314453125
11
14.048885345458984
21
16.636762619018555
31
147.24037170410156
12
14.048885345458984
22
17.67656135559082
32
146.7083740234375
13
14.048885345458984
23
17.67656135559082
33
146.7083740234375
0
3DFACE
8
TERRAIN
10
13.045393943786621
20
16.636762619018555
30
146.94122314453125
11
14.048885345458984
21
17.67656135559082
31
146.7083740234375
12
13.045393943786621
22
17.67656135559082
32
146.32839965820312
13
13.045393943786621
23
17.67656135559082
33
146.32839965820312
0
3DFACE
8
TERRAIN
10
14.048885345458984
20
16.636762619018555
30
147.24037170410156
11
15.052377700805664
21
16.636762619018555
31
147.5791015625
12
15.052377700805664
22
17.67656135559082
32
147.0072021484375
13
15.052377700805664
23
17.67656135559082
33
147.0072021484375
0
3DFACE
8
TERRAIN
10
14.048885345458984
20
16.636762619018555
30
147.24037170410156
11
15.052377700805664
21
17.67656135559082
31
147.0072021484375
12
14.048885345458984
22
17.67656135559082
32
146.7083740234375
13
14.048885345458984
23
17.67656135559082
33
146.7083740234375
0
3DFACE
8
TERRAIN
10
15.052377700805664
20
16.636762619018555
30
147.5791015625
11
16.055870056152344
21
16.636762619018555
31
147.88340759277344
12
16.055870056152344
22
17.67656135559082
32
147.33714294433594
13
16.055870056152344
23
17.67656135559082
33
147.33714294433594
0
3DFACE
8
TERRAIN
10
15.052377700805664
20
16.636762619018555
30
147.5791015625
11
16.055870056152344
21
17.67656135559082
31
147.33714294433594
12
15.052377700805664
22
17.67656135559082
32
147.0072021484375
13
15.052377700805664
23
17.67656135559082
33
147.0072021484375
0
3DFACE
8
TERRAIN
10
16.055870056152344
20
16.636762619018555
30
147.88340759277344
11
17.05936050415039
21
16.636762619018555
31
148.135986328125
12
17.05936050415039
22
17.67656135559082
32
147.55882263183594
13
17.05936050415039
23
17.67656135559082
33
147.55882263183594
0
3DFACE
8
TERRAIN
10
16.055870056152344
20
16.636762619018555
30
147.88340759277344
11
17.05936050415039
21
17.67656135559082
31
147.55882263183594
12
16.055870056152344
22
17.67656135559082
32
147.33714294433594
13
16.055870056152344
23
17.67656135559082
33
147.33714294433594
0
3DFACE
8
TERRAIN
10
17.05936050415039
20
16.636762619018555
30
148.135986328125
11
18.06285285949707
21
16.636762619018555
31
148.20068359375
12
18.06285285949707
22
17.67656135559082
32
147.62535095214844
13
18.06285285949707
23
17.67656135559082
33
147.62535095214844
0
3DFACE
8
TERRAIN
10
17.05936050415039
20
16.636762619018555
30
148.135986328125
11
18.06285285949707
21
17.67656135559082
31
147.62535095214844
12
17.05936050415039
22
17.67656135559082
32
147.55882263183594
13
17.05936050415039
23
17.67656135559082
33
147.55882263183594
0
3DFACE
8
TERRAIN
10
18.06285285949707
20
16.636762619018555
30
148.20068359375
11
19.06634521484375
21
16.636762619018555
31
148.2484588623047
12
19.06634521484375
22
17.67656135559082
32
147.70660400390625
13
19.06634521484375
23
17.67656135559082
33
147.70660400390625
0
3DFACE
8
TERRAIN
10
18.06285285949707
20
16.636762619018555
30
148.20068359375
11
19.06634521484375
21
17.67656135559082
31
147.70660400390625
12
18.06285285949707
22
17.67656135559082
32
147.62535095214844
13
18.06285285949707
23
17.67656135559082
33
147.62535095214844
0
3DFACE
8
TERRAIN
10
19.06634521484375
20
16.636762619018555
30
148.2484588623047
11
20.06983757019043
21
16.636762619018555
31
148.40492248535156
12
20.06983757019043
22
17.67656135559082
32
147.82211303710938
13
20.06983757019043
23
17.67656135559082
33
147.82211303710938
0
3DFACE
8
TERRAIN
10
19.06634521484375
20
16.636762619018555
30
148.2484588623047
11
20.06983757019043
21
17.67656135559082
31
147.82211303710938
12
19.06634521484375
22
17.67656135559082
32
147.70660400390625
13
19.06634521484375
23
17.67656135559082
33
147.70660400390625
0
3DFACE
8
TERRAIN
10
20.06983757019043
20
16.636762619018555
30
148.40492248535156
11
21.073328018188477
21
16.636762619018555
31
148.45729064941406
12
21.073328018188477
22
17.67656135559082
32
147.84814453125
13
21.073328018188477
23
17.67656135559082
33
147.84814453125
0
3DFACE
8
TERRAIN
10
20.06983757019043
20
16.636762619018555
30
148.40492248535156
11
21.073328018188477
21
17.67656135559082
31
147.84814453125
12
20.06983757019043
22
17.67656135559082
32
147.82211303710938
13
20.06983757019043
23
17.67656135559082
33
147.82211303710938
0
3DFACE
8
TERRAIN
10
21.073328018188477
20
16.636762619018555
30
148.45729064941406
11
22.076820373535156
21
16.636762619018555
31
148.32110595703125
12
22.076820373535156
22
17.67656135559082
32
147.70242309570312
13
22.076820373535156
23
17.67656135559082
33
147.70242309570312
0
3DFACE
8
TERRAIN
10
21.073328018188477
20
16.636762619018555
30
148.45729064941406
11
22.076820373535156
21
17.67656135559082
31
147.70242309570312
12
21.073328018188477
22
17.67656135559082
32
147.84814453125
13
21.073328018188477
23
17.67656135559082
33
147.84814453125
0
3DFACE
8
TERRAIN
10
22.076820373535156
20
16.636762619018555
30
148.32110595703125
11
23.080312728881836
21
16.636762619018555
31
148.06500244140625
12
23.080312728881836
22
17.67656135559082
32
147.54824829101562
13
23.080312728881836
23
17.67656135559082
33
147.54824829101562
0
3DFACE
8
TERRAIN
10
22.076820373535156
20
16.636762619018555
30
148.32110595703125
11
23.080312728881836
21
17.67656135559082
31
147.54824829101562
12
22.076820373535156
22
17.67656135559082
32
147.70242309570312
13
22.076820373535156
23
17.67656135559082
33
147.70242309570312
0
3DFACE
8
TERRAIN
10
23.080312728881836
20
16.636762619018555
30
148.06500244140625
11
24.083803176879883
21
16.636762619018555
31
147.6610565185547
12
24.083803176879883
22
17.67656135559082
32
147.28395080566406
13
24.083803176879883
23
17.67656135559082
33
147.28395080566406
0
3DFACE
8
TERRAIN
10
23.080312728881836
20
16.636762619018555
30
148.06500244140625
11
24.083803176879883
21
17.67656135559082
31
147.28395080566406
12
23.080312728881836
22
17.67656135559082
32
147.54824829101562
13
23.080312728881836
23
17.67656135559082
33
147.54824829101562
0
3DFACE
8
TERRAIN
10
24.083803176879883
20
16.636762619018555
30
147.6610565185547
11
25.087295532226562
21
16.636762619018555
31
147.28834533691406
12
25.087295532226562
22
17.67656135559082
32
146.96194458007812
13
25.087295532226562
23
17.67656135559082
33
146.96194458007812
0
3DFACE
8
TERRAIN
10
24.083803176879883
20
16.636762619018555
30
147.6610565185547
11
25.087295532226562
21
17.67656135559082
31
146.96194458007812
12
24.083803176879883
22
17.67656135559082
32
147.28395080566406
13
24.083803176879883
23
17.67656135559082
33
147.28395080566406
0
3DFACE
8
TERRAIN
10
25.087295532226562
20
16.636762619018555
30
147.28834533691406
11
26.090787887573242
21
16.636762619018555
31
146.8653106689453
12
26.090787887573242
22
17.67656135559082
32
146.5984344482422
13
26.090787887573242
23
17.67656135559082
33
146.5984344482422
0
3DFACE
8
TERRAIN
10
25.087295532226562
20
16.636762619018555
30
147.28834533691406
11
26.090787887573242
21
17.67656135559082
31
146.5984344482422
12
25.087295532226562
22
17.67656135559082
32
146.96194458007812
13
25.087295532226562
23
17.67656135559082
33
146.96194458007812
0
3DFACE
8
TERRAIN
10
26.090787887573242
20
16.636762619018555
30
146.8653106689453
11
27.094280242919922
21
16.636762619018555
31
146.4001007080078
12
27.094280242919922
22
17.67656135559082
32
146.2399139404297
13
27.094280242919922
23
17.67656135559082
33
146.2399139404297
0
3DFACE
8
TERRAIN
10
26.090787887573242
20
16.636762619018555
30
146.8653106689453
11
27.094280242919922
21
17.67656135559082
31
146.2399139404297
12
26.090787887573242
22
17.67656135559082
32
146.5984344482422
13
26.090787887573242
23
17.67656135559082
33
146.5984344482422
0
3DFACE
8
TERRAIN
10
27.094280242919922
20
16.636762619018555
30
146.4001007080078
11
28.09777069091797
21
16.636762619018555
31
146.0040740966797
12
28.09777069091797
22
17.67656135559082
32
145.90731811523438
13
28.09777069091797
23
17.67656135559082
33
145.90731811523438
0
3DFACE
8
TERRAIN
10
27.094280242919922
20
16.636762619018555
30
146.4001007080078
11
28.09777069091797
21
17.67656135559082
31
145.90731811523438
12
27.094280242919922
22
17.67656135559082
32
146.2399139404297
13
27.094280242919922
23
17.67656135559082
33
146.2399139404297
0
3DFACE
8
TERRAIN
10
28.09777069091797
20
16.636762619018555
30
146.0040740966797
11
29.10126304626465
21
16.636762619018555
31
145.71360778808594
12
29.10126304626465
22
17.67656135559082
32
145.75282287597656
13
29.10126304626465
23
17.67656135559082
33
145.75282287597656
0
3DFACE
8
TERRAIN
10
28.09777069091797
20
16.636762619018555
30
146.0040740966797
11
29.10126304626465
21
17.67656135559082
31
145.75282287597656
12
28.09777069091797
22
17.67656135559082
32
145.90731811523438
13
28.09777069091797
23
17.67656135559082
33
145.90731811523438
0
3DFACE
8
TERRAIN
10
29.10126304626465
20
16.636762619018555
30
145.71360778808594
11
30.104755401611328
21
16.636762619018555
31
145.6801300048828
12
30.104755401611328
22
17.67656135559082
32
145.6895751953125
13
30.104755401611328
23
17.67656135559082
33
145.6895751953125
0
3DFACE
8
TERRAIN
10
29.10126304626465
20
16.636762619018555
30
145.71360778808594
11
30.104755401611328
21
17.67656135559082
31
145.6895751953125
12
29.10126304626465
22
17.67656135559082
32
145.75282287597656
13
29.10126304626465
23
17.67656135559082
33
145.75282287597656
0
3DFACE
8
TERRAIN
10
30.104755401611328
20
16.636762619018555
30
145.6801300048828
11
31.108245849609375
21
16.636762619018555
31
146.05897521972656
12
31.108245849609375
22
17.67656135559082
32
145.95220947265625
13
31.108245849609375
23
17.67656135559082
33
145.95220947265625
0
3DFACE
8
TERRAIN
10
30.104755401611328
20
16.636762619018555
30
145.6801300048828
11
31.108245849609375
21
17.67656135559082
31
145.95220947265625
12
30.104755401611328
22
17.67656135559082
32
145.6895751953125
13
30.104755401611328
23
17.67656135559082
33
145.6895751953125
0
3DFACE
8
TERRAIN
10
31.108245849609375
20
16.636762619018555
30
146.05897521972656
11
32.11174011230469
21
16.636762619018555
31
146.47828674316406
12
32.11174011230469
22
17.67656135559082
32
146.29908752441406
13
32.11174011230469
23
17.67656135559082
33
146.29908752441406
0
3DFACE
8
TERRAIN
10
31.108245849609375
20
16.636762619018555
30
146.05897521972656
11
32.11174011230469
21
17.67656135559082
31
146.29908752441406
12
31.108245849609375
22
17.67656135559082
32
145.95220947265625
13
31.108245849609375
23
17.67656135559082
33
145.95220947265625
0
3DFACE
8
TERRAIN
10
32.11174011230469
20
16.636762619018555
30
146.47828674316406
11
33.115230560302734
21
16.636762619018555
31
146.87515258789062
12
33.115230560302734
22
17.67656135559082
32
146.62969970703125
13
33.115230560302734
23
17.67656135559082
33
146.62969970703125
0
3DFACE
8
TERRAIN
10
32.11174011230469
20
16.636762619018555
30
146.47828674316406
11
33.115230560302734
21
17.67656135559082
31
146.62969970703125
12
32.11174011230469
22
17.67656135559082
32
146.29908752441406
13
32.11174011230469
23
17.67656135559082
33
146.29908752441406
0
3DFACE
8
TERRAIN
10
33.115230560302734
20
16.636762619018555
30
146.87515258789062
11
34.11872100830078
21
16.636762619018555
31
147.2504119873047
12
34.11872100830078
22
17.67656135559082
32
146.9316864013672
13
34.11872100830078
23
17.67656135559082
33
146.9316864013672
0
3DFACE
8
TERRAIN
10
33.115230560302734
20
16.636762619018555
30
146.87515258789062
11
34.11872100830078
21
17.67656135559082
31
146.9316864013672
12
33.115230560302734
22
17.67656135559082
32
146.62969970703125
13
33.115230560302734
23
17.67656135559082
33
146.62969970703125
0
3DFACE
8
TERRAIN
10
34.11872100830078
20
16.636762619018555
30
147.2504119873047
11
35.122215270996094
21
16.636762619018555
31
147.6182861328125
12
35.122215270996094
22
17.67656135559082
32
147.13467407226562
13
35.122215270996094
23
17.67656135559082
33
147.13467407226562
0
3DFACE
8
TERRAIN
10
34.11872100830078
20
16.636762619018555
30
147.2504119873047
11
35.122215270996094
21
17.67656135559082
31
147.13467407226562
12
34.11872100830078
22
17.67656135559082
32
146.9316864013672
13
34.11872100830078
23
17.67656135559082
33
146.9316864013672
0
3DFACE
8
TERRAIN
10
35.122215270996094
20
16.636762619018555
30
147.6182861328125
11
36.12570571899414
21
16.636762619018555
31
147.8202667236328
12
36.12570571899414
22
17.67656135559082
32
147.29600524902344
13
36.12570571899414
23
17.67656135559082
33
147.29600524902344
0
3DFACE
8
TERRAIN
10
35.122215270996094
20
16.636762619018555
30
147.6182861328125
11
36.12570571899414
21
17.67656135559082
31
147.29600524902344
12
35.122215270996094
22
17.67656135559082
32
147.13467407226562
13
35.122215270996094
23
17.67656135559082
33
147.13467407226562
0
3DFACE
8
TERRAIN
10
36.12570571899414
20
16.636762619018555
30
147.8202667236328
11
37.12919616699219
21
16.636762619018555
31
147.671142578125
12
37.12919616699219
22
17.67656135559082
32
147.21844482421875
13
37.12919616699219
23
17.67656135559082
33
147.21844482421875
0
3DFACE
8
TERRAIN
10
36.12570571899414
20
16.636762619018555
30
147.8202667236328
11
37.12919616699219
21
17.67656135559082
31
147.21844482421875
12
36.12570571899414
22
17.67656135559082
32
147.29600524902344
13
36.12570571899414
23
17.67656135559082
33
147.29600524902344
0
3DFACE
8
TERRAIN
10
37.12919616699219
20
16.636762619018555
30
147.671142578125
11
38.1326904296875
21
16.636762619018555
31
147.3312225341797
12
38.1326904296875
22
17.67656135559082
32
147.0166473388672
13
38.1326904296875
23
17.67656135559082
33
147.0166473388672
0
3DFACE
8
TERRAIN
10
37.12919616699219
20
16.636762619018555
30
147.671142578125
11
38.1326904296875
21
17.67656135559082
31
147.0166473388672
12
37.12919616699219
22
17.67656135559082
32
147.21844482421875
13
37.12919616699219
23
17.67656135559082
33
147.21844482421875
0
3DFACE
8
TERRAIN
10
38.1326904296875
20
16.636762619018555
30
147.3312225341797
11
39.13618087768555
21
16.636762619018555
31
146.87643432617188
12
39.13618087768555
22
17.67656135559082
32
146.70004272460938
13
39.13618087768555
23
17.67656135559082
33
146.70004272460938
0
3DFACE
8
TERRAIN
10
38.1326904296875
20
16.636762619018555
30
147.3312225341797
11
39.13618087768555
21
17.67656135559082
31
146.70004272460938
12
38.1326904296875
22
17.67656135559082
32
147.0166473388672
13
38.1326904296875
23
17.67656135559082
33
147.0166473388672
0
3DFACE
8
TERRAIN
10
39.13618087768555
20
16.636762619018555
30
146.87643432617188
11
40.13967514038086
21
16.636762619018555
31
146.4769287109375
12
40.13967514038086
22
17.67656135559082
32
146.43539428710938
13
40.13967514038086
23
17.67656135559082
33
146.43539428710938
0
3DFACE
8
TERRAIN
10
39.13618087768555
20
16.636762619018555
30
146.87643432617188
11
40.13967514038086
21
17.67656135559082
31
146.43539428710938
12
39.13618087768555
22
17.67656135559082
32
146.70004272460938
13
39.13618087768555
23
17.67656135559082
33
146.70004272460938
0
3DFACE
8
TERRAIN
10
40.13967514038086
20
16.636762619018555
30
146.4769287109375
11
41.143165588378906
21
16.636762619018555
31
146.4835662841797
12
41.143165588378906
22
17.67656135559082
32
146.4349822998047
13
41.143165588378906
23
17.67656135559082
33
146.4349822998047
0
3DFACE
8
TERRAIN
10
40.13967514038086
20
16.636762619018555
30
146.4769287109375
11
41.143165588378906
21
17.67656135559082
31
146.4349822998047
12
40.13967514038086
22
17.67656135559082
32
146.43539428710938
13
40.13967514038086
23
17.67656135559082
33
146.43539428710938
0
3DFACE
8
TERRAIN
10
41.143165588378906
20
16.636762619018555
30
146.4835662841797
11
42.14665603637695
21
16.636762619018555
31
146.64625549316406
12
42.14665603637695
22
17.67656135559082
32
146.63417053222656
13
42.14665603637695
23
17.67656135559082
33
146.63417053222656
0
3DFACE
8
TERRAIN
10
41.143165588378906
20
16.636762619018555
30
146.4835662841797
11
42.14665603637695
21
17.67656135559082
31
146.63417053222656
12
41.143165588378906
22
17.67656135559082
32
146.4349822998047
13
41.143165588378906
23
17.67656135559082
33
146.4349822998047
0
3DFACE
8
TERRAIN
10
42.14665603637695
20
16.636762619018555
30
146.64625549316406
11
43.150150299072266
21
16.636762619018555
31
146.97987365722656
12
43.150150299072266
22
17.67656135559082
32
147.04031372070312
13
43.150150299072266
23
17.67656135559082
33
147.04031372070312
0
3DFACE
8
TERRAIN
10
42.14665603637695
20
16.636762619018555
30
146.64625549316406
11
43.150150299072266
21
17.67656135559082
31
147.04031372070312
12
42.14665603637695
22
17.67656135559082
32
146.63417053222656
13
42.14665603637695
23
17.67656135559082
33
146.63417053222656
0
3DFACE
8
TERRAIN
10
43.150150299072266
20
16.636762619018555
30
146.97987365722656
11
44.15364074707031
21
16.636762619018555
31
147.42355346679688
12
44.15364074707031
22
17.67656135559082
32
147.53561401367188
13
44.15364074707031
23
17.67656135559082
33
147.53561401367188
0
3DFACE
8
TERRAIN
10
43.150150299072266
20
16.636762619018555
30
146.97987365722656
11
44.15364074707031
21
17.67656135559082
31
147.53561401367188
12
43.150150299072266
22
17.67656135559082
32
147.04031372070312
13
43.150150299072266
23
17.67656135559082
33
147.04031372070312
0
3DFACE
8
TERRAIN
10
44.15364074707031
20
16.636762619018555
30
147.42355346679688
11
45.15713119506836
21
16.636762619018555
31
147.9248046875
12
45.15713119506836
22
17.67656135559082
32
148.0965118408203
13
45.15713119506836
23
17.67656135559082
33
148.0965118408203
0
3DFACE
8
TERRAIN
10
44.15364074707031
20
16.636762619018555
30
147.42355346679688
11
45.15713119506836
21
17.67656135559082
31
148.0965118408203
12
44.15364074707031
22
17.67656135559082
32
147.53561401367188
13
44.15364074707031
23
17.67656135559082
33
147.53561401367188
0
3DFACE
8
TERRAIN
10
0
20
15.596965789794922
30
147.2563934326172
11
1.0034918785095215
21
15.596965789794922
31
147.16204833984375
12
1.0034918785095215
22
16.636762619018555
32
146.89723205566406
13
1.0034918785095215
23
16.636762619018555
33
146.89723205566406
0
3DFACE
8
TERRAIN
10
0
20
15.596965789794922
30
147.2563934326172
11
1.0034918785095215
21
16.636762619018555
31
146.89723205566406
12
0
22
16.636762619018555
32
146.96832275390625
13
0
23
16.636762619018555
33
146.96832275390625
0
3DFACE
8
TERRAIN
10
1.0034918785095215
20
15.596965789794922
30
147.16204833984375
11
2.006983757019043
21
15.596965789794922
31
147.01815795898438
12
2.006983757019043
22
16.636762619018555
32
146.7852783203125
13
2.006983757019043
23
16.636762619018555
33
146.7852783203125
0
3DFACE
8
TERRAIN
10
1.0034918785095215
20
15.596965789794922
30
147.16204833984375
11
2.006983757019043
21
16.636762619018555
31
146.7852783203125
12
1.0034918785095215
22
16.636762619018555
32
146.89723205566406
13
1.0034918785095215
23
16.636762619018555
33
146.89723205566406
0
3DFACE
8
TERRAIN
10
2.006983757019043
20
15.596965789794922
30
147.01815795898438
11
3.0104753971099854
21
15.596965789794922
31
146.8744354248047
12
3.0104753971099854
22
16.636762619018555
32
146.60557556152344
13
3.0104753971099854
23
16.636762619018555
33
146.60557556152344
0
3DFACE
8
TERRAIN
10
2.006983757019043
20
15.596965789794922
30
147.01815795898438
11
3.0104753971099854
21
16.636762619018555
31
146.60557556152344
12
2.006983757019043
22
16.636762619018555
32
146.7852783203125
13
2.006983757019043
23
16.636762619018555
33
146.7852783203125
0
3DFACE
8
TERRAIN
10
3.0104753971099854
20
15.596965789794922
30
146.8744354248047
11
4.013967514038086
21
15.596965789794922
31
146.72384643554688
12
4.013967514038086
22
16.636762619018555
32
146.40457153320312
13
4.013967514038086
23
16.636762619018555
33
146.40457153320312
0
3DFACE
8
TERRAIN
10
3.0104753971099854
20
15.596965789794922
30
146.8744354248047
11
4.013967514038086
21
16.636762619018555
31
146.40457153320312
12
3.0104753971099854
22
16.636762619018555
32
146.60557556152344
13
3.0104753971099854
23
16.636762619018555
33
146.60557556152344
0
3DFACE
8
TERRAIN
10
4.013967514038086
20
15.596965789794922
30
146.72384643554688
11
5.017459392547607
21
15.596965789794922
31
146.59844970703125
12
5.017459392547607
22
16.636762619018555
32
146.25086975097656
13
5.017459392547607
23
16.636762619018555
33
146.25086975097656
0
3DFACE
8
TERRAIN
10
4.013967514038086
20
15.596965789794922
30
146.72384643554688
11
5.017459392547607
21
16.636762619018555
31
146.25086975097656
12
4.013967514038086
22
16.636762619018555
32
146.40457153320312
13
4.013967514038086
23
16.636762619018555
33
146.40457153320312
0
3DFACE
8
TERRAIN
10
5.017459392547607
20
15.596965789794922
30
146.59844970703125
11
6.020950794219971
21
15.596965789794922
31
146.50711059570312
12
6.020950794219971
22
16.636762619018555
32
146.1046142578125
13
6.020950794219971
23
16.636762619018555
33
146.1046142578125
0
3DFACE
8
TERRAIN
10
5.017459392547607
20
15.596965789794922
30
146.59844970703125
11
6.020950794219971
21
16.636762619018555
31
146.1046142578125
12
5.017459392547607
22
16.636762619018555
32
146.25086975097656
13
5.017459392547607
23
16.636762619018555
33
146.25086975097656
0
3DFACE
8
TERRAIN
10
6.020950794219971
20
15.596965789794922
30
146.50711059570312
11
7.024442672729492
21
15.596965789794922
31
146.3487548828125
12
7.024442672729492
22
16.636762619018555
32
145.99375915527344
13
7.024442672729492
23
16.636762619018555
33
145.99375915527344
0
3DFACE
8
TERRAIN
10
6.020950794219971
20
15.596965789794922
30
146.50711059570312
11
7.024442672729492
21
16.636762619018555
31
145.99375915527344
12
6.020950794219971
22
16.636762619018555
32
146.1046142578125
13
6.020950794219971
23
16.636762619018555
33
146.1046142578125
0
3DFACE
8
TERRAIN
10
7.024442672729492
20
15.596965789794922
30
146.3487548828125
11
8.027935028076172
21
15.596965789794922
31
146.16146850585938
12
8.027935028076172
22
16.636762619018555
32
145.86036682128906
13
8.027935028076172
23
16.636762619018555
33
145.86036682128906
0
3DFACE
8
TERRAIN
10
7.024442672729492
20
15.596965789794922
30
146.3487548828125
11
8.027935028076172
21
16.636762619018555
31
145.86036682128906
12
7.024442672729492
22
16.636762619018555
32
145.99375915527344
13
7.024442672729492
23
16.636762619018555
33
145.99375915527344
0
3DFACE
8
TERRAIN
10
8.027935028076172
20
15.596965789794922
30
146.16146850585938
11
9.031426429748535
21
15.596965789794922
31
146.2823028564453
12
9.031426429748535
22
16.636762619018555
32
145.80020141601562
13
9.031426429748535
23
16.636762619018555
33
145.80020141601562
0
3DFACE
8
TERRAIN
10
8.027935028076172
20
15.596965789794922
30
146.16146850585938
11
9.031426429748535
21
16.636762619018555
31
145.80020141601562
12
8.027935028076172
22
16.636762619018555
32
145.86036682128906
13
8.027935028076172
23
16.636762619018555
33
145.86036682128906
0
3DFACE
8
TERRAIN
10
9.031426429748535
20
15.596965789794922
30
146.2823028564453
11
10.034918785095215
21
15.596965789794922
31
146.56781005859375
12
10.034918785095215
22
16.636762619018555
32
145.92306518554688
13
10.034918785095215
23
16.636762619018555
33
145.92306518554688
0
3DFACE
8
TERRAIN
10
9.031426429748535
20
15.596965789794922
30
146.2823028564453
11
10.034918785095215
21
16.636762619018555
31
145.92306518554688
12
9.031426429748535
22
16.636762619018555
32
145.80020141601562
13
9.031426429748535
23
16.636762619018555
33
145.80020141601562
0
3DFACE
8
TERRAIN
10
10.034918785095215
20
15.596965789794922
30
146.56781005859375
11
11.038410186767578
21
15.596965789794922
31
146.88368225097656
12
11.038410186767578
22
16.636762619018555
32
146.18360900878906
13
11.038410186767578
23
16.636762619018555
33
146.18360900878906
0
3DFACE
8
TERRAIN
10
10.034918785095215
20
15.596965789794922
30
146.56781005859375
11
11.038410186767578
21
16.636762619018555
31
146.18360900878906
12
10.034918785095215
22
16.636762619018555
32
145.92306518554688
13
10.034918785095215
23
16.636762619018555
33
145.92306518554688
0
3DFACE
8
TERRAIN
10
11.038410186767578
20
15.596965789794922
30
146.88368225097656
11
12.041901588439941
21
15.596965789794922
31
147.21717834472656
12
12.041901588439941
22
16.636762619018555
32
146.50497436523438
13
12.041901588439941
23
16.636762619018555
33
146.50497436523438
0
3DFACE
8
TERRAIN
10
11.038410186767578
20
15.596965789794922
30
146.88368225097656
11
12.041901588439941
21
16.636762619018555
31
146.50497436523438
12
11.038410186767578
22
16.636762619018555
32
146.18360900878906
13
11.038410186767578
23
16.636762619018555
33
146.18360900878906
0
3DFACE
8
TERRAIN
10
12.041901588439941
20
15.596965789794922
30
147.21717834472656
11
13.045393943786621
21
15.596965789794922
31
147.57008361816406
12
13.045393943786621
22
16.636762619018555
32
146.94122314453125
13
13.045393943786621
23
16.636762619018555
33
146.94122314453125
0
3DFACE
8
TERRAIN
10
12.041901588439941
20
15.596965789794922
30
147.21717834472656
11
13.045393943786621
21
16.636762619018555
31
146.94122314453125
12
12.041901588439941
22
16.636762619018555
32
146.50497436523438
13
12.041901588439941
23
16.636762619018555
33
146.50497436523438
0
3DFACE
8
TERRAIN
10
13.045393943786621
20
15.596965789794922
30
147.57008361816406
11
14.048885345458984
21
15.596965789794922
31
147.85226440429688
12
14.048885345458984
22
16.636762619018555
32
147.24037170410156
13
14.048885345458984
23
16.636762619018555
33
147.24037170410156
0
3DFACE
8
TERRAIN
10
13.045393943786621
20
15.596965789794922
30
147.57008361816406
11
14.048885345458984
21
16.636762619018555
31
147.24037170410156
12
13.045393943786621
22
16.636762619018555
32
146.94122314453125
13
13.045393943786621
23
16.636762619018555
33
146.94122314453125
0
3DFACE
8
TERRAIN
10
14.048885345458984
20
15.596965789794922
30
147.85226440429688
11
15.052377700805664
21
15.596965789794922
31
148.1695556640625
12
15.052377700805664
22
16.636762619018555
32
147.5791015625
13
15.052377700805664
23
16.636762619018555
33
147.5791015625
0
3DFACE
8
TERRAIN
10
14.048885345458984
20
15.596965789794922
30
147.85226440429688
11
15.052377700805664
21
16.636762619018555
31
147.5791015625
12
14.048885345458984
22
16.636762619018555
32
147.24037170410156
13
14.048885345458984
23
16.636762619018555
33
147.24037170410156
0
3DFACE
8
TERRAIN
10
15.052377700805664
20
15.596965789794922
30
148.1695556640625
11
16.055870056152344
21
15.596965789794922
31
148.4233856201172
12
16.055870056152344
22
16.636762619018555
32
147.88340759277344
13
16.055870056152344
23
16.636762619018555
33
147.88340759277344
0
3DFACE
8
TERRAIN
10
15.052377700805664
20
15.596965789794922
30
148.1695556640625
11
16.055870056152344
21
16.636762619018555
31
147.88340759277344
12
15.052377700805664
22
16.636762619018555
32
147.5791015625
13
15.052377700805664
23
16.636762619018555
33
147.5791015625
0
3DFACE
8
TERRAIN
10
16.055870056152344
20
15.596965789794922
30
148.4233856201172
11
17.05936050415039
21
15.596965789794922
31
148.6175537109375
12
17.05936050415039
22
16.636762619018555
32
148.135986328125
13
17.05936050415039
23
16.636762619018555
33
148.135986328125
0
3DFACE
8
TERRAIN
10
16.055870056152344
20
15.596965789794922
30
148.4233856201172
11
17.05936050415039
21
16.636762619018555
31
148.135986328125
12
16.055870056152344
22
16.636762619018555
32
147.88340759277344
13
16.055870056152344
23
16.636762619018555
33
147.88340759277344
0
3DFACE
8
TERRAIN
10
17.05936050415039
20
15.596965789794922
30
148.6175537109375
11
18.06285285949707
21
15.596965789794922
31
148.6979217529297
12
18.06285285949707
22
16.636762619018555
32
148.20068359375
13
18.06285285949707
23
16.636762619018555
33
148.20068359375
0
3DFACE
8
TERRAIN
10
17.05936050415039
20
15.596965789794922
30
148.6175537109375
11
18.06285285949707
21
16.636762619018555
31
148.20068359375
12
17.05936050415039
22
16.636762619018555
32
148.135986328125
13
17.05936050415039
23
16.636762619018555
33
148.135986328125
0
3DFACE
8
TERRAIN
10
18.06285285949707
20
15.596965789794922
30
148.6979217529297
11
19.06634521484375
21
15.596965789794922
31
148.81529235839844
12
19.06634521484375
22
16.636762619018555
32
148.2484588623047
13
19.06634521484375
23
16.636762619018555
33
148.2484588623047
0
3DFACE
8
TERRAIN
10
18.06285285949707
20
15.596965789794922
30
148.6979217529297
11
19.06634521484375
21
16.636762619018555
31
148.2484588623047
12
18.06285285949707
22
16.636762619018555
32
148.20068359375
13
18.06285285949707
23
16.636762619018555
33
148.20068359375
0
3DFACE
8
TERRAIN
10
19.06634521484375
20
15.596965789794922
30
148.81529235839844
11
20.06983757019043
21
15.596965789794922
31
148.97747802734375
12
20.06983757019043
22
16.636762619018555
32
148.40492248535156
13
20.06983757019043
23
16.636762619018555
33
148.40492248535156
0
3DFACE
8
TERRAIN
10
19.06634521484375
20
15.596965789794922
30
148.81529235839844
11
20.06983757019043
21
16.636762619018555
31
148.40492248535156
12
19.06634521484375
22
16.636762619018555
32
148.2484588623047
13
19.06634521484375
23
16.636762619018555
33
148.2484588623047
0
3DFACE
8
TERRAIN
10
20.06983757019043
20
15.596965789794922
30
148.97747802734375
11
21.073328018188477
21
15.596965789794922
31
149.06495666503906
12
21.073328018188477
22
16.636762619018555
32
148.45729064941406
13
21.073328018188477
23
16.636762619018555
33
148.45729064941406
0
3DFACE
8
TERRAIN
10
20.06983757019043
20
15.596965789794922
30
148.97747802734375
11
21.073328018188477
21
16.636762619018555
31
148.45729064941406
12
20.06983757019043
22
16.636762619018555
32
148.40492248535156
13
20.06983757019043
23
16.636762619018555
33
148.40492248535156
0
3DFACE
8
TERRAIN
10
21.073328018188477
20
15.596965789794922
30
149.06495666503906
11
22.076820373535156
21
15.596965789794922
31
148.9333038330078
12
22.076820373535156
22
16.636762619018555
32
148.32110595703125
13
22.076820373535156
23
16.636762619018555
33
148.32110595703125
0
3DFACE
8
TERRAIN
10
21.073328018188477
20
15.596965789794922
30
149.06495666503906
11
22.076820373535156
21
16.636762619018555
31
148.32110595703125
12
21.073328018188477
22
16.636762619018555
32
148.45729064941406
13
21.073328018188477
23
16.636762619018555
33
148.45729064941406
0
3DFACE
8
TERRAIN
10
22.076820373535156
20
15.596965789794922
30
148.9333038330078
11
23.080312728881836
21
15.596965789794922
31
148.51168823242188
12
23.080312728881836
22
16.636762619018555
32
148.06500244140625
13
23.080312728881836
23
16.636762619018555
33
148.06500244140625
0
3DFACE
8
TERRAIN
10
22.076820373535156
20
15.596965789794922
30
148.9333038330078
11
23.080312728881836
21
16.636762619018555
31
148.06500244140625
12
22.076820373535156
22
16.636762619018555
32
148.32110595703125
13
22.076820373535156
23
16.636762619018555
33
148.32110595703125
0
3DFACE
8
TERRAIN
10
23.080312728881836
20
15.596965789794922
30
148.51168823242188
11
24.083803176879883
21
15.596965789794922
31
148.05825805664062
12
24.083803176879883
22
16.636762619018555
32
147.6610565185547
13
24.083803176879883
23
16.636762619018555
33
147.6610565185547
0
3DFACE
8
TERRAIN
10
23.080312728881836
20
15.596965789794922
30
148.51168823242188
11
24.083803176879883
21
16.636762619018555
31
147.6610565185547
12
23.080312728881836
22
16.636762619018555
32
148.06500244140625
13
23.080312728881836
23
16.636762619018555
33
148.06500244140625
0
3DFACE
8
TERRAIN
10
24.083803176879883
20
15.596965789794922
30
148.05825805664062
11
25.087295532226562
21
15.596965789794922
31
147.67340087890625
12
25.087295532226562
22
16.636762619018555
32
147.28834533691406
13
25.087295532226562
23
16.636762619018555
33
147.28834533691406
0
3DFACE
8
TERRAIN
10
24.083803176879883
20
15.596965789794922
30
148.05825805664062
11
25.087295532226562
21
16.636762619018555
31
147.28834533691406
12
24.083803176879883
22
16.636762619018555
32
147.6610565185547
13
24.083803176879883
23
16.636762619018555
33
147.6610565185547
0
3DFACE
8
TERRAIN
10
25.087295532226562
20
15.596965789794922
30
147.67340087890625
11
26.090787887573242
21
15.596965789794922
31
147.0865020751953
12
26.090787887573242
22
16.636762619018555
32
146.8653106689453
13
26.090787887573242
23
16.636762619018555
33
146.8653106689453
0
3DFACE
8
TERRAIN
10
25.087295532226562
20
15.596965789794922
30
147.67340087890625
11
26.090787887573242
21
16.636762619018555
31
146.8653106689453
12
25.087295532226562
22
16.636762619018555
32
147.28834533691406
13
25.087295532226562
23
16.636762619018555
33
147.28834533691406
0
3DFACE
8
TERRAIN
10
26.090787887573242
20
15.596965789794922
30
147.0865020751953
11
27.094280242919922
21
15.596965789794922
31
146.5807342529297
12
27.094280242919922
22
16.636762619018555
32
146.4001007080078
13
27.094280242919922
23
16.636762619018555
33
146.4001007080078
0
3DFACE
8
TERRAIN
10
26.090787887573242
20
15.596965789794922
30
147.0865020751953
11
27.094280242919922
21
16.636762619018555
31
146.4001007080078
12
26.090787887573242
22
16.636762619018555
32
146.8653106689453
13
26.090787887573242
23
16.636762619018555
33
146.8653106689453
0
3DFACE
8
TERRAIN
10
27.094280242919922
20
15.596965789794922
30
146.5807342529297
11
28.09777069091797
21
15.596965789794922
31
146.05772399902344
12
28.09777069091797
22
16.636762619018555
32
146.0040740966797
13
28.09777069091797
23
16.636762619018555
33
146.0040740966797
0
3DFACE
8
TERRAIN
10
27.094280242919922
20
15.596965789794922
30
146.5807342529297
11
28.09777069091797
21
16.636762619018555
31
146.0040740966797
12
27.094280242919922
22
16.636762619018555
32
146.4001007080078
13
27.094280242919922
23
16.636762619018555
33
146.4001007080078
0
3DFACE
8
TERRAIN
10
28.09777069091797
20
15.596965789794922
30
146.05772399902344
11
29.10126304626465
21
15.596965789794922
31
145.82525634765625
12
29.10126304626465
22
16.636762619018555
32
145.71360778808594
13
29.10126304626465
23
16.636762619018555
33
145.71360778808594
0
3DFACE
8
TERRAIN
10
28.09777069091797
20
15.596965789794922
30
146.05772399902344
11
29.10126304626465
21
16.636762619018555
31
145.71360778808594
12
28.09777069091797
22
16.636762619018555
32
146.0040740966797
13
28.09777069091797
23
16.636762619018555
33
146.0040740966797
0
3DFACE
8
TERRAIN
10
29.10126304626465
20
15.596965789794922
30
145.82525634765625
11
30.104755401611328
21
15.596965789794922
31
145.83058166503906
12
30.104755401611328
22
16.636762619018555
32
145.6801300048828
13
30.104755401611328
23
16.636762619018555
33
145.6801300048828
0
3DFACE
8
TERRAIN
10
29.10126304626465
20
15.596965789794922
30
145.82525634765625
11
30.104755401611328
21
16.636762619018555
31
145.6801300048828
12
29.10126304626465
22
16.636762619018555
32
145.71360778808594
13
29.10126304626465
23
16.636762619018555
33
145.71360778808594
0
3DFACE
8
TERRAIN
10
30.104755401611328
20
15.596965789794922
30
145.83058166503906
11
31.108245849609375
21
15.596965789794922
31
146.23545837402344
12
31.108245849609375
22
16.636762619018555
32
146.05897521972656
13
31.108245849609375
23
16.636762619018555
33
146.05897521972656
0
3DFACE
8
TERRAIN
10
30.104755401611328
20
15.596965789794922
30
145.83058166503906
11
31.108245849609375
21
16.636762619018555
31
146.05897521972656
12
30.104755401611328
22
16.636762619018555
32
145.6801300048828
13
30.104755401611328
23
16.636762619018555
33
145.6801300048828
0
3DFACE
8
TERRAIN
10
31.108245849609375
20
15.596965789794922
30
146.23545837402344
11
32.11174011230469
21
15.596965789794922
31
146.63388061523438
12
32.11174011230469
22
16.636762619018555
32
146.47828674316406
13
32.11174011230469
23
16.636762619018555
33
146.47828674316406
0
3DFACE
8
TERRAIN
10
31.108245849609375
20
15.596965789794922
30
146.23545837402344
11
32.11174011230469
21
16.636762619018555
31
146.47828674316406
12
31.108245849609375
22
16.636762619018555
32
146.05897521972656
13
31.108245849609375
23
16.636762619018555
33
146.05897521972656
0
3DFACE
8
TERRAIN
10
32.11174011230469
20
15.596965789794922
30
146.63388061523438
11
33.115230560302734
21
15.596965789794922
31
147.04330444335938
12
33.115230560302734
22
16.636762619018555
32
146.87515258789062
13
33.115230560302734
23
16.636762619018555
33
146.87515258789062
0
3DFACE
8
TERRAIN
10
32.11174011230469
20
15.596965789794922
30
146.63388061523438
11
33.115230560302734
21
16.636762619018555
31
146.87515258789062
12
32.11174011230469
22
16.636762619018555
32
146.47828674316406
13
32.11174011230469
23
16.636762619018555
33
146.47828674316406
0
3DFACE
8
TERRAIN
10
33.115230560302734
20
15.596965789794922
30
147.04330444335938
11
34.11872100830078
21
15.596965789794922
31
147.49510192871094
12
34.11872100830078
22
16.636762619018555
32
147.2504119873047
13
34.11872100830078
23
16.636762619018555
33
147.2504119873047
0
3DFACE
8
TERRAIN
10
33.115230560302734
20
15.596965789794922
30
147.04330444335938
11
34.11872100830078
21
16.636762619018555
31
147.2504119873047
12
33.115230560302734
22
16.636762619018555
32
146.87515258789062
13
33.115230560302734
23
16.636762619018555
33
146.87515258789062
0
3DFACE
8
TERRAIN
10
34.11872100830078
20
15.596965789794922
30
147.49510192871094
11
35.122215270996094
21
15.596965789794922
31
147.96409606933594
12
35.122215270996094
22
16.636762619018555
32
147.6182861328125
13
35.122215270996094
23
16.636762619018555
33
147.6182861328125
0
3DFACE
8
TERRAIN
10
34.11872100830078
20
15.596965789794922
30
147.49510192871094
11
35.122215270996094
21
16.636762619018555
31
147.6182861328125
12
34.11872100830078
22
16.636762619018555
32
147.2504119873047
13
34.11872100830078
23
16.636762619018555
33
147.2504119873047
0
3DFACE
8
TERRAIN
10
35.122215270996094
20
15.596965789794922
30
147.96409606933594
11
36.12570571899414
21
15.596965789794922
31
148.20556640625
12
36.12570571899414
22
16.636762619018555
32
147.8202667236328
13
36.12570571899414
23
16.636762619018555
33
147.8202667236328
0
3DFACE
8
TERRAIN
10
35.122215270996094
20
15.596965789794922
30
147.96409606933594
11
36.12570571899414
21
16.636762619018555
31
147.8202667236328
12
35.122215270996094
22
16.636762619018555
32
147.6182861328125
13
35.122215270996094
23
16.636762619018555
33
147.6182861328125
0
3DFACE
8
TERRAIN
10
36.12570571899414
20
15.596965789794922
30
148.20556640625
11
37.12919616699219
21
15.596965789794922
31
148.0618438720703
12
37.12919616699219
22
16.636762619018555
32
147.671142578125
13
37.12919616699219
23
16.636762619018555
33
147.671142578125
0
3DFACE
8
TERRAIN
10
36.12570571899414
20
15.596965789794922
30
148.20556640625
11
37.12919616699219
21
16.636762619018555
31
147.671142578125
12
36.12570571899414
22
16.636762619018555
32
147.8202667236328
13
36.12570571899414
23
16.636762619018555
33
147.8202667236328
0
3DFACE
8
TERRAIN
10
37.12919616699219
20
15.596965789794922
30
148.0618438720703
11
38.1326904296875
21
15.596965789794922
31
147.6013946533203
12
38.1326904296875
22
16.636762619018555
32
147.3312225341797
13
38.1326904296875
23
16.636762619018555
33
147.3312225341797
0
3DFACE
8
TERRAIN
10
37.12919616699219
20
15.596965789794922
30
148.0618438720703
11
38.1326904296875
21
16.636762619018555
31
147.3312225341797
12
37.12919616699219
22
16.636762619018555
32
147.671142578125
13
37.12919616699219
23
16.636762619018555
33
147.671142578125
0
3DFACE
8
TERRAIN
10
38.1326904296875
20
15.596965789794922
30
147.6013946533203
11
39.13618087768555
21
15.596965789794922
31
147.05166625976562
12
39.13618087768555
22
16.636762619018555
32
146.87643432617188
13
39.13618087768555
23
16.636762619018555
33
146.87643432617188
0
3DFACE
8
TERRAIN
10
38.1326904296875
20
15.596965789794922
30
147.6013946533203
11
39.13618087768555
21
16.636762619018555
31
146.87643432617188
12
38.1326904296875
22
16.636762619018555
32
147.3312225341797
13
38.1326904296875
23
16.636762619018555
33
147.3312225341797
0
3DFACE
8
TERRAIN
10
39.13618087768555
20
15.596965789794922
30
147.05166625976562
11
40.13967514038086
21
15.596965789794922
31
146.5210723876953
12
40.13967514038086
22
16.636762619018555
32
146.4769287109375
13
40.13967514038086
23
16.636762619018555
33
146.4769287109375
0
3DFACE
8
TERRAIN
10
39.13618087768555
20
15.596965789794922
30
147.05166625976562
11
40.13967514038086
21
16.636762619018555
31
146.4769287109375
12
39.13618087768555
22
16.636762619018555
32
146.87643432617188
13
39.13618087768555
23
16.636762619018555
33
146.87643432617188
0
3DFACE
8
TERRAIN
10
40.13967514038086
20
15.596965789794922
30
146.5210723876953
11
41.143165588378906
21
15.596965789794922
31
146.48611450195312
12
41.143165588378906
22
16.636762619018555
32
146.4835662841797
13
41.143165588378906
23
16.636762619018555
33
146.4835662841797
0
3DFACE
8
TERRAIN
10
40.13967514038086
20
15.596965789794922
30
146.5210723876953
11
41.143165588378906
21
16.636762619018555
31
146.4835662841797
12
40.13967514038086
22
16.636762619018555
32
146.4769287109375
13
40.13967514038086
23
16.636762619018555
33
146.4769287109375
0
3DFACE
8
TERRAIN
10
41.143165588378906
20
15.596965789794922
30
146.48611450195312
11
42.14665603637695
21
15.596965789794922
31
146.71026611328125
12
42.14665603637695
22
16.636762619018555
32
146.64625549316406
13
42.14665603637695
23
16.636762619018555
33
146.64625549316406
0
3DFACE
8
TERRAIN
10
41.143165588378906
20
15.596965789794922
30
146.48611450195312
11
42.14665603637695
21
16.636762619018555
31
146.64625549316406
12
41.143165588378906
22
16.636762619018555
32
146.4835662841797
13
41.143165588378906
23
16.636762619018555
33
146.4835662841797
0
3DFACE
8
TERRAIN
10
42.14665603637695
20
15.596965789794922
30
146.71026611328125
11
43.150150299072266
21
15.596965789794922
31
147.02459716796875
12
43.150150299072266
22
16.636762619018555
32
146.97987365722656
13
43.150150299072266
23
16.636762619018555
33
146.97987365722656
0
3DFACE
8
TERRAIN
10
42.14665603637695
20
15.596965789794922
30
146.71026611328125
11
43.150150299072266
21
16.636762619018555
31
146.97987365722656
12
42.14665603637695
22
16.636762619018555
32
146.64625549316406
13
42.14665603637695
23
16.636762619018555
33
146.64625549316406
0
3DFACE
8
TERRAIN
10
43.150150299072266
20
15.596965789794922
30
147.02459716796875
11
44.15364074707031
21
15.596965789794922
31
147.46304321289062
12
44.15364074707031
22
16.636762619018555
32
147.42355346679688
13
44.15364074707031
23
16.636762619018555
33
147.42355346679688
0
3DFACE
8
TERRAIN
10
43.150150299072266
20
15.596965789794922
30
147.02459716796875
11
44.15364074707031
21
16.636762619018555
31
147.42355346679688
12
43.150150299072266
22
16.636762619018555
32
146.97987365722656
13
43.150150299072266
23
16.636762619018555
33
146.97987365722656
0
3DFACE
8
TERRAIN
10
44.15364074707031
20
15.596965789794922
30
147.46304321289062
11
45.15713119506836
21
15.596965789794922
31
147.91786193847656
12
45.15713119506836
22
16.636762619018555
32
147.9248046875
13
45.15713119506836
23
16.636762619018555
33
147.9248046875
0
3DFACE
8
TERRAIN
10
44.15364074707031
20
15.596965789794922
30
147.46304321289062
11
45.15713119506836
21
16.636762619018555
31
147.9248046875
12
44.15364074707031
22
16.636762619018555
32
147.42355346679688
13
44.15364074707031
23
16.636762619018555
33
147.42355346679688
0
3DFACE
8
TERRAIN
10
0
20
14.557168006896973
30
147.7214813232422
11
1.0034918785095215
21
14.557168006896973
31
147.717529296875
12
1.0034918785095215
22
15.596965789794922
32
147.16204833984375
13
1.0034918785095215
23
15.596965789794922
33
147.16204833984375
0
3DFACE
8
TERRAIN
10
0
20
14.557168006896973
30
147.7214813232422
11
1.0034918785095215
21
15.596965789794922
31
147.16204833984375
12
0
22
15.596965789794922
32
147.2563934326172
13
0
23
15.596965789794922
33
147.2563934326172
0
3DFACE
8
TERRAIN
10
1.0034918785095215
20
14.557168006896973
30
147.717529296875
11
2.006983757019043
21
14.557168006896973
31
147.59742736816406
12
2.006983757019043
22
15.596965789794922
32
147.01815795898438
13
2.006983757019043
23
15.596965789794922
33
147.01815795898438
0
3DFACE
8
TERRAIN
10
1.0034918785095215
20
14.557168006896973
30
147.717529296875
11
2.006983757019043
21
15.596965789794922
31
147.01815795898438
12
1.0034918785095215
22
15.596965789794922
32
147.16204833984375
13
1.0034918785095215
23
15.596965789794922
33
147.16204833984375
0
3DFACE
8
TERRAIN
10
2.006983757019043
20
14.557168006896973
30
147.59742736816406
11
3.0104753971099854
21
14.557168006896973
31
147.46429443359375
12
3.0104753971099854
22
15.596965789794922
32
146.8744354248047
13
3.0104753971099854
23
15.596965789794922
33
146.8744354248047
0
3DFACE
8
TERRAIN
10
2.006983757019043
20
14.557168006896973
30
147.59742736816406
11
3.0104753971099854
21
15.596965789794922
31
146.8744354248047
12
2.006983757019043
22
15.596965789794922
32
147.01815795898438
13
2.006983757019043
23
15.596965789794922
33
147.01815795898438
0
3DFACE
8
TERRAIN
10
3.0104753971099854
20
14.557168006896973
30
147.46429443359375
11
4.013967514038086
21
14.557168006896973
31
147.3115692138672
12
4.013967514038086
22
15.596965789794922
32
146.72384643554688
13
4.013967514038086
23
15.596965789794922
33
146.72384643554688
0
3DFACE
8
TERRAIN
10
3.0104753971099854
20
14.557168006896973
30
147.46429443359375
11
4.013967514038086
21
15.596965789794922
31
146.72384643554688
12
3.0104753971099854
22
15.596965789794922
32
146.8744354248047
13
3.0104753971099854
23
15.596965789794922
33
146.8744354248047
0
3DFACE
8
TERRAIN
10
4.013967514038086
20
14.557168006896973
30
147.3115692138672
11
5.017459392547607
21
14.557168006896973
31
147.26817321777344
12
5.017459392547607
22
15.596965789794922
32
146.59844970703125
13
5.017459392547607
23
15.596965789794922
33
146.59844970703125
0
3DFACE
8
TERRAIN
10
4.013967514038086
20
14.557168006896973
30
147.3115692138672
11
5.017459392547607
21
15.596965789794922
31
146.59844970703125
12
4.013967514038086
22
15.596965789794922
32
146.72384643554688
13
4.013967514038086
23
15.596965789794922
33
146.72384643554688
0
3DFACE
8
TERRAIN
10
5.017459392547607
20
14.557168006896973
30
147.26817321777344
11
6.020950794219971
21
14.557168006896973
31
147.26272583007812
12
6.020950794219971
22
15.596965789794922
32
146.50711059570312
13
6.020950794219971
23
15.596965789794922
33
146.50711059570312
0
3DFACE
8
TERRAIN
10
5.017459392547607
20
14.557168006896973
30
147.26817321777344
11
6.020950794219971
21
15.596965789794922
31
146.50711059570312
12
5.017459392547607
22
15.596965789794922
32
146.59844970703125
13
5.017459392547607
23
15.596965789794922
33
146.59844970703125
0
3DFACE
8
TERRAIN
10
6.020950794219971
20
14.557168006896973
30
147.26272583007812
11
7.024442672729492
21
14.557168006896973
31
147.11349487304688
12
7.024442672729492
22
15.596965789794922
32
146.3487548828125
13
7.024442672729492
23
15.596965789794922
33
146.3487548828125
0
3DFACE
8
TERRAIN
10
6.020950794219971
20
14.557168006896973
30
147.26272583007812
11
7.024442672729492
21
15.596965789794922
31
146.3487548828125
12
6.020950794219971
22
15.596965789794922
32
146.50711059570312
13
6.020950794219971
23
15.596965789794922
33
146.50711059570312
0
3DFACE
8
TERRAIN
10
7.024442672729492
20
14.557168006896973
30
147.11349487304688
11
8.027935028076172
21
14.557168006896973
31
147.0955352783203
12
8.027935028076172
22
15.596965789794922
32
146.16146850585938
13
8.027935028076172
23
15.596965789794922
33
146.16146850585938
0
3DFACE
8
TERRAIN
10
7.024442672729492
20
14.557168006896973
30
147.11349487304688
11
8.027935028076172
21
15.596965789794922
31
146.16146850585938
12
7.024442672729492
22
15.596965789794922
32
146.3487548828125
13
7.024442672729492
23
15.596965789794922
33
146.3487548828125
0
3DFACE
8
TERRAIN
10
8.027935028076172
20
14.557168006896973
30
147.0955352783203
11
9.031426429748535
21
14.557168006896973
31
147.4589385986328
12
9.031426429748535
22
15.596965789794922
32
146.2823028564453
13
9.031426429748535
23
15.596965789794922
33
146.2823028564453
0
3DFACE
8
TERRAIN
10
8.027935028076172
20
14.557168006896973
30
147.0955352783203
11
9.031426429748535
21
15.596965789794922
31
146.2823028564453
12
8.027935028076172
22
15.596965789794922
32
146.16146850585938
13
8.027935028076172
23
15.596965789794922
33
146.16146850585938
0
3DFACE
8
TERRAIN
10
9.031426429748535
20
14.557168006896973
30
147.4589385986328
11
10.034918785095215
21
14.557168006896973
31
147.71095275878906
12
10.034918785095215
22
15.596965789794922
32
146.56781005859375
13
10.034918785095215
23
15.596965789794922
33
146.56781005859375
0
3DFACE
8
TERRAIN
10
9.031426429748535
20
14.557168006896973
30
147.4589385986328
11
10.034918785095215
21
15.596965789794922
31
146.56781005859375
12
9.031426429748535
22
15.596965789794922
32
146.2823028564453
13
9.031426429748535
23
15.596965789794922
33
146.2823028564453
0
3DFACE
8
TERRAIN
10
10.034918785095215
20
14.557168006896973
30
147.71095275878906
11
11.038410186767578
21
14.557168006896973
31
147.8495330810547
12
11.038410186767578
22
15.596965789794922
32
146.88368225097656
13
11.038410186767578
23
15.596965789794922
33
146.88368225097656
0
3DFACE
8
TERRAIN
10
10.034918785095215
20
14.557168006896973
30
147.71095275878906
11
11.038410186767578
21
15.596965789794922
31
146.88368225097656
12
10.034918785095215
22
15.596965789794922
32
146.56781005859375
13
10.034918785095215
23
15.596965789794922
33
146.56781005859375
0
3DFACE
8
TERRAIN
10
11.038410186767578
20
14.557168006896973
30
147.8495330810547
11
12.041901588439941
21
14.557168006896973
31
148.05557250976562
12
12.041901588439941
22
15.596965789794922
32
147.21717834472656
13
12.041901588439941
23
15.596965789794922
33
147.21717834472656
0
3DFACE
8
TERRAIN
10
11.038410186767578
20
14.557168006896973
30
147.8495330810547
11
12.041901588439941
21
15.596965789794922
31
147.21717834472656
12
11.038410186767578
22
15.596965789794922
32
146.88368225097656
13
11.038410186767578
23
15.596965789794922
33
146.88368225097656
0
3DFACE
8
TERRAIN
10
12.041901588439941
20
14.557168006896973
30
148.05557250976562
11
13.045393943786621
21
14.557168006896973
31
148.35821533203125
12
13.045393943786621
22
15.596965789794922
32
147.57008361816406
13
13.045393943786621
23
15.596965789794922
33
147.57008361816406
0
3DFACE
8
TERRAIN
10
12.041901588439941
20
14.557168006896973
30
148.05557250976562
11
13.045393943786621
21
15.596965789794922
31
147.57008361816406
12
12.041901588439941
22
15.596965789794922
32
147.21717834472656
13
12.041901588439941
23
15.596965789794922
33
147.21717834472656
0
3DFACE
8
TERRAIN
10
13.045393943786621
20
14.557168006896973
30
148.35821533203125
11
14.048885345458984
21
14.557168006896973
31
148.61660766601562
12
14.048885345458984
22
15.596965789794922
32
147.85226440429688
13
14.048885345458984
23
15.596965789794922
33
147.85226440429688
0
3DFACE
8
TERRAIN
10
13.045393943786621
20
14.557168006896973
30
148.35821533203125
11
14.048885345458984
21
15.596965789794922
31
147.85226440429688
12
13.045393943786621
22
15.596965789794922
32
147.57008361816406
13
13.045393943786621
23
15.596965789794922
33
147.57008361816406
0
3DFACE
8
TERRAIN
10
14.048885345458984
20
14.557168006896973
30
148.61660766601562
11
15.052377700805664
21
14.557168006896973
31
148.80943298339844
12
15.052377700805664
22
15.596965789794922
32
148.1695556640625
13
15.052377700805664
23
15.596965789794922
33
148.1695556640625
0
3DFACE
8
TERRAIN
10
14.048885345458984
20
14.557168006896973
30
148.61660766601562
11
15.052377700805664
21
15.596965789794922
31
148.1695556640625
12
14.048885345458984
22
15.596965789794922
32
147.85226440429688
13
14.048885345458984
23
15.596965789794922
33
147.85226440429688
0
3DFACE
8
TERRAIN
10
15.052377700805664
20
14.557168006896973
30
148.80943298339844
11
16.055870056152344
21
14.557168006896973
31
149.0067138671875
12
16.055870056152344
22
15.596965789794922
32
148.4233856201172
13
16.055870056152344
23
15.596965789794922
33
148.4233856201172
0
3DFACE
8
TERRAIN
10
15.052377700805664
20
14.557168006896973
30
148.80943298339844
11
16.055870056152344
21
15.596965789794922
31
148.4233856201172
12
15.052377700805664
22
15.596965789794922
32
148.1695556640625
13
15.052377700805664
23
15.596965789794922
33
148.1695556640625
0
3DFACE
8
TERRAIN
10
16.055870056152344
20
14.557168006896973
30
149.0067138671875
11
17.05936050415039
21
14.557168006896973
31
149.12449645996094
12
17.05936050415039
22
15.596965789794922
32
148.6175537109375
13
17.05936050415039
23
15.596965789794922
33
148.6175537109375
0
3DFACE
8
TERRAIN
10
16.055870056152344
20
14.557168006896973
30
149.0067138671875
11
17.05936050415039
21
15.596965789794922
31
148.6175537109375
12
16.055870056152344
22
15.596965789794922
32
148.4233856201172
13
16.055870056152344
23
15.596965789794922
33
148.4233856201172
0
3DFACE
8
TERRAIN
10
17.05936050415039
20
14.557168006896973
30
149.12449645996094
11
18.06285285949707
21
14.557168006896973
31
149.2460174560547
12
18.06285285949707
22
15.596965789794922
32
148.6979217529297
13
18.06285285949707
23
15.596965789794922
33
148.6979217529297
0
3DFACE
8
TERRAIN
10
17.05936050415039
20
14.557168006896973
30
149.12449645996094
11
18.06285285949707
21
15.596965789794922
31
148.6979217529297
12
17.05936050415039
22
15.596965789794922
32
148.6175537109375
13
17.05936050415039
23
15.596965789794922
33
148.6175537109375
0
3DFACE
8
TERRAIN
10
18.06285285949707
20
14.557168006896973
30
149.2460174560547
11
19.06634521484375
21
14.557168006896973
31
149.38201904296875
12
19.06634521484375
22
15.596965789794922
32
148.81529235839844
13
19.06634521484375
23
15.596965789794922
33
148.81529235839844
0
3DFACE
8
TERRAIN
10
18.06285285949707
20
14.557168006896973
30
149.2460174560547
11
19.06634521484375
21
15.596965789794922
31
148.81529235839844
12
18.06285285949707
22
15.596965789794922
32
148.6979217529297
13
18.06285285949707
23
15.596965789794922
33
148.6979217529297
0
3DFACE
8
TERRAIN
10
19.06634521484375
20
14.557168006896973
30
149.38201904296875
11
20.06983757019043
21
14.557168006896973
31
149.5293731689453
12
20.06983757019043
22
15.596965789794922
32
148.97747802734375
13
20.06983757019043
23
15.596965789794922
33
148.97747802734375
0
3DFACE
8
TERRAIN
10
19.06634521484375
20
14.557168006896973
30
149.38201904296875
11
20.06983757019043
21
15.596965789794922
31
148.97747802734375
12
19.06634521484375
22
15.596965789794922
32
148.81529235839844
13
19.06634521484375
23
15.596965789794922
33
148.81529235839844
0
3DFACE
8
TERRAIN
10
20.06983757019043
20
14.557168006896973
30
149.5293731689453
11
21.073328018188477
21
14.557168006896973
31
149.5595703125
12
21.073328018188477
22
15.596965789794922
32
149.06495666503906
13
21.073328018188477
23
15.596965789794922
33
149.06495666503906
0
3DFACE
8
TERRAIN
10
20.06983757019043
20
14.557168006896973
30
149.5293731689453
11
21.073328018188477
21
15.596965789794922
31
149.06495666503906
12
20.06983757019043
22
15.596965789794922
32
148.97747802734375
13
20.06983757019043
23
15.596965789794922
33
148.97747802734375
0
3DFACE
8
TERRAIN
10
21.073328018188477
20
14.557168006896973
30
149.5595703125
11
22.076820373535156
21
14.557168006896973
31
149.3860626220703
12
22.076820373535156
22
15.596965789794922
32
148.9333038330078
13
22.076820373535156
23
15.596965789794922
33
148.9333038330078
0
3DFACE
8
TERRAIN
10
21.073328018188477
20
14.557168006896973
30
149.5595703125
11
22.076820373535156
21
15.596965789794922
31
148.9333038330078
12
21.073328018188477
22
15.596965789794922
32
149.06495666503906
13
21.073328018188477
23
15.596965789794922
33
149.06495666503906
0
3DFACE
8
TERRAIN
10
22.076820373535156
20
14.557168006896973
30
149.3860626220703
11
23.080312728881836
21
14.557168006896973
31
148.89273071289062
12
23.080312728881836
22
15.596965789794922
32
148.51168823242188
13
23.080312728881836
23
15.596965789794922
33
148.51168823242188
0
3DFACE
8
TERRAIN
10
22.076820373535156
20
14.557168006896973
30
149.3860626220703
11
23.080312728881836
21
15.596965789794922
31
148.51168823242188
12
22.076820373535156
22
15.596965789794922
32
148.9333038330078
13
22.076820373535156
23
15.596965789794922
33
148.9333038330078
0
3DFACE
8
TERRAIN
10
23.080312728881836
20
14.557168006896973
30
148.89273071289062
11
24.083803176879883
21
14.557168006896973
31
148.43716430664062
12
24.083803176879883
22
15.596965789794922
32
148.05825805664062
13
24.083803176879883
23
15.596965789794922
33
148.05825805664062
0
3DFACE
8
TERRAIN
10
23.080312728881836
20
14.557168006896973
30
148.89273071289062
11
24.083803176879883
21
15.596965789794922
31
148.05825805664062
12
23.080312728881836
22
15.596965789794922
32
148.51168823242188
13
23.080312728881836
23
15.596965789794922
33
148.51168823242188
0
3DFACE
8
TERRAIN
10
24.083803176879883
20
14.557168006896973
30
148.43716430664062
11
25.087295532226562
21
14.557168006896973
31
147.90602111816406
12
25.087295532226562
22
15.596965789794922
32
147.67340087890625
13
25.087295532226562
23
15.596965789794922
33
147.67340087890625
0
3DFACE
8
TERRAIN
10
24.083803176879883
20
14.557168006896973
30
148.43716430664062
11
25.087295532226562
21
15.596965789794922
31
147.67340087890625
12
24.083803176879883
22
15.596965789794922
32
148.05825805664062
13
24.083803176879883
23
15.596965789794922
33
148.05825805664062
0
3DFACE
8
TERRAIN
10
25.087295532226562
20
14.557168006896973
30
147.90602111816406
11
26.090787887573242
21
14.557168006896973
31
147.31622314453125
12
26.090787887573242
22
15.596965789794922
32
147.0865020751953
13
26.090787887573242
23
15.596965789794922
33
147.0865020751953
0
3DFACE
8
TERRAIN
10
25.087295532226562
20
14.557168006896973
30
147.90602111816406
11
26.090787887573242
21
15.596965789794922
31
147.0865020751953
12
25.087295532226562
22
15.596965789794922
32
147.67340087890625
13
25.087295532226562
23
15.596965789794922
33
147.67340087890625
0
3DFACE
8
TERRAIN
10
26.090787887573242
20
14.557168006896973
30
147.31622314453125
11
27.094280242919922
21
14.557168006896973
31
146.61244201660156
12
27.094280242919922
22
15.596965789794922
32
146.5807342529297
13
27.094280242919922
23
15.596965789794922
33
146.5807342529297
0
3DFACE
8
TERRAIN
10
26.090787887573242
20
14.557168006896973
30
147.31622314453125
11
27.094280242919922
21
15.596965789794922
31
146.5807342529297
12
26.090787887573242
22
15.596965789794922
32
147.0865020751953
13
26.090787887573242
23
15.596965789794922
33
147.0865020751953
0
3DFACE
8
TERRAIN
10
27.094280242919922
20
14.557168006896973
30
146.61244201660156
11
28.09777069091797
21
14.557168006896973
31
146.09844970703125
12
28.09777069091797
22
15.596965789794922
32
146.05772399902344
13
28.09777069091797
23
15.596965789794922
33
146.05772399902344
0
3DFACE
8
TERRAIN
10
27.094280242919922
20
14.557168006896973
30
146.61244201660156
11
28.09777069091797
21
15.596965789794922
31
146.05772399902344
12
27.094280242919922
22
15.596965789794922
32
146.5807342529297
13
27.094280242919922
23
15.596965789794922
33
146.5807342529297
0
3DFACE
8
TERRAIN
10
28.09777069091797
20
14.557168006896973
30
146.09844970703125
11
29.10126304626465
21
14.557168006896973
31
145.89881896972656
12
29.10126304626465
22
15.596965789794922
32
145.82525634765625
13
29.10126304626465
23
15.596965789794922
33
145.82525634765625
0
3DFACE
8
TERRAIN
10
28.09777069091797
20
14.557168006896973
30
146.09844970703125
11
29.10126304626465
21
15.596965789794922
31
145.82525634765625
12
28.09777069091797
22
15.596965789794922
32
146.05772399902344
13
28.09777069091797
23
15.596965789794922
33
146.05772399902344
0
3DFACE
8
TERRAIN
10
29.10126304626465
20
14.557168006896973
30
145.89881896972656
11
30.104755401611328
21
14.557168006896973
31
146.15843200683594
12
30.104755401611328
22
15.596965789794922
32
145.83058166503906
13
30.104755401611328
23
15.596965789794922
33
145.83058166503906
0
3DFACE
8
TERRAIN
10
29.10126304626465
20
14.557168006896973
30
145.89881896972656
11
30.104755401611328
21
15.596965789794922
31
145.83058166503906
12
29.10126304626465
22
15.596965789794922
32
145.82525634765625
13
29.10126304626465
23
15.596965789794922
33
145.82525634765625
0
3DFACE
8
TERRAIN
10
30.104755401611328
20
14.557168006896973
30
146.15843200683594
11
31.108245849609375
21
14.557168006896973
31
146.49057006835938
12
31.108245849609375
22
15.596965789794922
32
146.23545837402344
13
31.108245849609375
23
15.596965789794922
33
146.23545837402344
0
3DFACE
8
TERRAIN
10
30.104755401611328
20
14.557168006896973
30
146.15843200683594
11
31.108245849609375
21
15.596965789794922
31
146.23545837402344
12
30.104755401611328
22
15.596965789794922
32
145.83058166503906
13
30.104755401611328
23
15.596965789794922
33
145.83058166503906
0
3DFACE
8
TERRAIN
10
31.108245849609375
20
14.557168006896973
30
146.49057006835938
11
32.11174011230469
21
14.557168006896973
31
146.87652587890625
12
32.11174011230469
22
15.596965789794922
32
146.63388061523438
13
32.11174011230469
23
15.596965789794922
33
146.63388061523438
0
3DFACE
8
TERRAIN
10
31.108245849609375
20
14.557168006896973
30
146.49057006835938
11
32.11174011230469
21
15.596965789794922
31
146.63388061523438
12
31.108245849609375
22
15.596965789794922
32
146.23545837402344
13
31.108245849609375
23
15.596965789794922
33
146.23545837402344
0
3DFACE
8
TERRAIN
10
32.11174011230469
20
14.557168006896973
30
146.87652587890625
11
33.115230560302734
21
14.557168006896973
31
147.24871826171875
12
33.115230560302734
22
15.596965789794922
32
147.04330444335938
13
33.115230560302734
23
15.596965789794922
33
147.04330444335938
0
3DFACE
8
TERRAIN
10
32.11174011230469
20
14.557168006896973
30
146.87652587890625
11
33.115230560302734
21
15.596965789794922
31
147.04330444335938
12
32.11174011230469
22
15.596965789794922
32
146.63388061523438
13
32.11174011230469
23
15.596965789794922
33
146.63388061523438
0
3DFACE
8
TERRAIN
10
33.115230560302734
20
14.557168006896973
30
147.24871826171875
11
34.11872100830078
21
14.557168006896973
31
147.6565704345703
12
34.11872100830078
22
15.596965789794922
32
147.49510192871094
13
34.11872100830078
23
15.596965789794922
33
147.49510192871094
0
3DFACE
8
TERRAIN
10
33.115230560302734
20
14.557168006896973
30
147.24871826171875
11
34.11872100830078
21
15.596965789794922
31
147.49510192871094
12
33.115230560302734
22
15.596965789794922
32
147.04330444335938
13
33.115230560302734
23
15.596965789794922
33
147.04330444335938
0
3DFACE
8
TERRAIN
10
34.11872100830078
20
14.557168006896973
30
147.6565704345703
11
35.122215270996094
21
14.557168006896973
31
148.081298828125
12
35.122215270996094
22
15.596965789794922
32
147.96409606933594
13
35.122215270996094
23
15.596965789794922
33
147.96409606933594
0
3DFACE
8
TERRAIN
10
34.11872100830078
20
14.557168006896973
30
147.6565704345703
11
35.122215270996094
21
15.596965789794922
31
147.96409606933594
12
34.11872100830078
22
15.596965789794922
32
147.49510192871094
13
34.11872100830078
23
15.596965789794922
33
147.49510192871094
0
3DFACE
8
TERRAIN
10
35.122215270996094
20
14.557168006896973
30
148.081298828125
11
36.12570571899414
21
14.557168006896973
31
148.4047088623047
12
36.12570571899414
22
15.596965789794922
32
148.20556640625
13
36.12570571899414
23
15.596965789794922
33
148.20556640625
0
3DFACE
8
TERRAIN
10
35.122215270996094
20
14.557168006896973
30
148.081298828125
11
36.12570571899414
21
15.596965789794922
31
148.20556640625
12
35.122215270996094
22
15.596965789794922
32
147.96409606933594
13
35.122215270996094
23
15.596965789794922
33
147.96409606933594
0
3DFACE
8
TERRAIN
10
36.12570571899414
20
14.557168006896973
30
148.4047088623047
11
37.12919616699219
21
14.557168006896973
31
148.23583984375
12
37.12919616699219
22
15.596965789794922
32
148.0618438720703
13
37.12919616699219
23
15.596965789794922
33
148.0618438720703
0
3DFACE
8
TERRAIN
10
36.12570571899414
20
14.557168006896973
30
148.4047088623047
11
37.12919616699219
21
15.596965789794922
31
148.0618438720703
12
36.12570571899414
22
15.596965789794922
32
148.20556640625
13
36.12570571899414
23
15.596965789794922
33
148.20556640625
0
3DFACE
8
TERRAIN
10
37.12919616699219
20
14.557168006896973
30
148.23583984375
11
38.1326904296875
21
14.557168006896973
31
147.80908203125
12
38.1326904296875
22
15.596965789794922
32
147.6013946533203
13
38.1326904296875
23
15.596965789794922
33
147.6013946533203
0
3DFACE
8
TERRAIN
10
37.12919616699219
20
14.557168006896973
30
148.23583984375
11
38.1326904296875
21
15.596965789794922
31
147.6013946533203
12
37.12919616699219
22
15.596965789794922
32
148.0618438720703
13
37.12919616699219
23
15.596965789794922
33
148.0618438720703
0
3DFACE
8
TERRAIN
10
38.1326904296875
20
14.557168006896973
30
147.80908203125
11
39.13618087768555
21
14.557168006896973
31
147.29966735839844
12
39.13618087768555
22
15.596965789794922
32
147.05166625976562
13
39.13618087768555
23
15.596965789794922
33
147.05166625976562
0
3DFACE
8
TERRAIN
10
38.1326904296875
20
14.557168006896973
30
147.80908203125
11
39.13618087768555
21
15.596965789794922
31
147.05166625976562
12
38.1326904296875
22
15.596965789794922
32
147.6013946533203
13
38.1326904296875
23
15.596965789794922
33
147.6013946533203
0
3DFACE
8
TERRAIN
10
39.13618087768555
20
14.557168006896973
30
147.29966735839844
11
40.13967514038086
21
14.557168006896973
31
146.7525177001953
12
40.13967514038086
22
15.596965789794922
32
146.5210723876953
13
40.13967514038086
23
15.596965789794922
33
146.5210723876953
0
3DFACE
8
TERRAIN
10
39.13618087768555
20
14.557168006896973
30
147.29966735839844
11
40.13967514038086
21
15.596965789794922
31
146.5210723876953
12
39.13618087768555
22
15.596965789794922
32
147.05166625976562
13
39.13618087768555
23
15.596965789794922
33
147.05166625976562
0
3DFACE
8
TERRAIN
10
40.13967514038086
20
14.557168006896973
30
146.7525177001953
11
41.143165588378906
21
14.557168006896973
31
146.59666442871094
12
41.143165588378906
22
15.596965789794922
32
146.48611450195312
13
41.143165588378906
23
15.596965789794922
33
146.48611450195312
0
3DFACE
8
TERRAIN
10
40.13967514038086
20
14.557168006896973
30
146.7525177001953
11
41.143165588378906
21
15.596965789794922
31
146.48611450195312
12
40.13967514038086
22
15.596965789794922
32
146.5210723876953
13
40.13967514038086
23
15.596965789794922
33
146.5210723876953
0
3DFACE
8
TERRAIN
10
41.143165588378906
20
14.557168006896973
30
146.59666442871094
11
42.14665603637695
21
14.557168006896973
31
146.8500518798828
12
42.14665603637695
22
15.596965789794922
32
146.71026611328125
13
42.14665603637695
23
15.596965789794922
33
146.71026611328125
0
3DFACE
8
TERRAIN
10
41.143165588378906
20
14.557168006896973
30
146.59666442871094
11
42.14665603637695
21
15.596965789794922
31
146.71026611328125
12
41.143165588378906
22
15.596965789794922
32
146.48611450195312
13
41.143165588378906
23
15.596965789794922
33
146.48611450195312
0
3DFACE
8
TERRAIN
10
42.14665603637695
20
14.557168006896973
30
146.8500518798828
11
43.150150299072266
21
14.557168006896973
31
147.11981201171875
12
43.150150299072266
22
15.596965789794922
32
147.02459716796875
13
43.150150299072266
23
15.596965789794922
33
147.02459716796875
0
3DFACE
8
TERRAIN
10
42.14665603637695
20
14.557168006896973
30
146.8500518798828
11
43.150150299072266
21
15.596965789794922
31
147.02459716796875
12
42.14665603637695
22
15.596965789794922
32
146.71026611328125
13
42.14665603637695
23
15.596965789794922
33
146.71026611328125
0
3DFACE
8
TERRAIN
10
43.150150299072266
20
14.557168006896973
30
147.11981201171875
11
44.15364074707031
21
14.557168006896973
31
147.42337036132812
12
44.15364074707031
22
15.596965789794922
32
147.46304321289062
13
44.15364074707031
23
15.596965789794922
33
147.46304321289062
0
3DFACE
8
TERRAIN
10
43.150150299072266
20
14.557168006896973
30
147.11981201171875
11
44.15364074707031
21
15.596965789794922
31
147.46304321289062
12
43.150150299072266
22
15.596965789794922
32
147.02459716796875
13
43.150150299072266
23
15.596965789794922
33
147.02459716796875
0
3DFACE
8
TERRAIN
10
44.15364074707031
20
14.557168006896973
30
147.42337036132812
11
45.15713119506836
21
14.557168006896973
31
147.87989807128906
12
45.15713119506836
22
15.596965789794922
32
147.91786193847656
13
45.15713119506836
23
15.596965789794922
33
147.91786193847656
0
3DFACE
8
TERRAIN
10
44.15364074707031
20
14.557168006896973
30
147.42337036132812
11
45.15713119506836
21
15.596965789794922
31
147.91786193847656
12
44.15364074707031
22
15.596965789794922
32
147.46304321289062
13
44.15364074707031
23
15.596965789794922
33
147.46304321289062
0
3DFACE
8
TERRAIN
10
0
20
13.517370223999023
30
148.3595428466797
11
1.0034918785095215
21
13.517370223999023
31
148.3204345703125
12
1.0034918785095215
22
14.557168006896973
32
147.717529296875
13
1.0034918785095215
23
14.557168006896973
33
147.717529296875
0
3DFACE
8
TERRAIN
10
0
20
13.517370223999023
30
148.3595428466797
11
1.0034918785095215
21
14.557168006896973
31
147.717529296875
12
0
22
14.557168006896973
32
147.7214813232422
13
0
23
14.557168006896973
33
147.7214813232422
0
3DFACE
8
TERRAIN
10
1.0034918785095215
20
13.517370223999023
30
148.3204345703125
11
2.006983757019043
21
13.517370223999023
31
148.24375915527344
12
2.006983757019043
22
14.557168006896973
32
147.59742736816406
13
2.006983757019043
23
14.557168006896973
33
147.59742736816406
0
3DFACE
8
TERRAIN
10
1.0034918785095215
20
13.517370223999023
30
148.3204345703125
11
2.006983757019043
21
14.557168006896973
31
147.59742736816406
12
1.0034918785095215
22
14.557168006896973
32
147.717529296875
13
1.0034918785095215
23
14.557168006896973
33
147.717529296875
0
3DFACE
8
TERRAIN
10
2.006983757019043
20
13.517370223999023
30
148.24375915527344
11
3.0104753971099854
21
13.517370223999023
31
148.1703338623047
12
3.0104753971099854
22
14.557168006896973
32
147.46429443359375
13
3.0104753971099854
23
14.557168006896973
33
147.46429443359375
0
3DFACE
8
TERRAIN
10
2.006983757019043
20
13.517370223999023
30
148.24375915527344
11
3.0104753971099854
21
14.557168006896973
31
147.46429443359375
12
2.006983757019043
22
14.557168006896973
32
147.59742736816406
13
2.006983757019043
23
14.557168006896973
33
147.59742736816406
0
3DFACE
8
TERRAIN
10
3.0104753971099854
20
13.517370223999023
30
148.1703338623047
11
4.013967514038086
21
13.517370223999023
31
148.10452270507812
12
4.013967514038086
22
14.557168006896973
32
147.3115692138672
13
4.013967514038086
23
14.557168006896973
33
147.3115692138672
0
3DFACE
8
TERRAIN
10
3.0104753971099854
20
13.517370223999023
30
148.1703338623047
11
4.013967514038086
21
14.557168006896973
31
147.3115692138672
12
3.0104753971099854
22
14.557168006896973
32
147.46429443359375
13
3.0104753971099854
23
14.557168006896973
33
147.46429443359375
0
3DFACE
8
TERRAIN
10
4.013967514038086
20
13.517370223999023
30
148.10452270507812
11
5.017459392547607
21
13.517370223999023
31
148.164794921875
12
5.017459392547607
22
14.557168006896973
32
147.26817321777344
13
5.017459392547607
23
14.557168006896973
33
147.26817321777344
0
3DFACE
8
TERRAIN
10
4.013967514038086
20
13.517370223999023
30
148.10452270507812
11
5.017459392547607
21
14.557168006896973
31
147.26817321777344
12
4.013967514038086
22
14.557168006896973
32
147.3115692138672
13
4.013967514038086
23
14.557168006896973
33
147.3115692138672
0
3DFACE
8
TERRAIN
10
5.017459392547607
20
13.517370223999023
30
148.164794921875
11
6.020950794219971
21
13.517370223999023
31
148.26846313476562
12
6.020950794219971
22
14.557168006896973
32
147.26272583007812
13
6.020950794219971
23
14.557168006896973
33
147.26272583007812
0
3DFACE
8
TERRAIN
10
5.017459392547607
20
13.517370223999023
30
148.164794921875
11
6.020950794219971
21
14.557168006896973
31
147.26272583007812
12
5.017459392547607
22
14.557168006896973
32
147.26817321777344
13
5.017459392547607
23
14.557168006896973
33
147.26817321777344
0
3DFACE
8
TERRAIN
10
6.020950794219971
20
13.517370223999023
30
148.26846313476562
11
7.024442672729492
21
13.517370223999023
31
148.26087951660156
12
7.024442672729492
22
14.557168006896973
32
147.11349487304688
13
7.024442672729492
23
14.557168006896973
33
147.11349487304688
0
3DFACE
8
TERRAIN
10
6.020950794219971
20
13.517370223999023
30
148.26846313476562
11
7.024442672729492
21
14.557168006896973
31
147.11349487304688
12
6.020950794219971
22
14.557168006896973
32
147.26272583007812
13
6.020950794219971
23
14.557168006896973
33
147.26272583007812
0
3DFACE
8
TERRAIN
10
7.024442672729492
20
13.517370223999023
30
148.26087951660156
11
8.027935028076172
21
13.517370223999023
31
148.21005249023438
12
8.027935028076172
22
14.557168006896973
32
147.0955352783203
13
8.027935028076172
23
14.557168006896973
33
147.0955352783203
0
3DFACE
8
TERRAIN
10
7.024442672729492
20
13.517370223999023
30
148.26087951660156
11
8.027935028076172
21
14.557168006896973
31
147.0955352783203
12
7.024442672729492
22
14.557168006896973
32
147.11349487304688
13
7.024442672729492
23
14.557168006896973
33
147.11349487304688
0
3DFACE
8
TERRAIN
10
8.027935028076172
20
13.517370223999023
30
148.21005249023438
11
9.031426429748535
21
13.517370223999023
31
148.33877563476562
12
9.031426429748535
22
14.557168006896973
32
147.4589385986328
13
9.031426429748535
23
14.557168006896973
33
147.4589385986328
0
3DFACE
8
TERRAIN
10
8.027935028076172
20
13.517370223999023
30
148.21005249023438
11
9.031426429748535
21
14.557168006896973
31
147.4589385986328
12
8.027935028076172
22
14.557168006896973
32
147.0955352783203
13
8.027935028076172
23
14.557168006896973
33
147.0955352783203
0
3DFACE
8
TERRAIN
10
9.031426429748535
20
13.517370223999023
30
148.33877563476562
11
10.034918785095215
21
13.517370223999023
31
148.55694580078125
12
10.034918785095215
22
14.557168006896973
32
147.71095275878906
13
10.034918785095215
23
14.557168006896973
33
147.71095275878906
0
3DFACE
8
TERRAIN
10
9.031426429748535
20
13.517370223999023
30
148.33877563476562
11
10.034918785095215
21
14.557168006896973
31
147.71095275878906
12
9.031426429748535
22
14.557168006896973
32
147.4589385986328
13
9.031426429748535
23
14.557168006896973
33
147.4589385986328
0
3DFACE
8
TERRAIN
10
10.034918785095215
20
13.517370223999023
30
148.55694580078125
11
11.038410186767578
21
13.517370223999023
31
148.65475463867188
12
11.038410186767578
22
14.557168006896973
32
147.8495330810547
13
11.038410186767578
23
14.557168006896973
33
147.8495330810547
0
3DFACE
8
TERRAIN
10
10.034918785095215
20
13.517370223999023
30
148.55694580078125
11
11.038410186767578
21
14.557168006896973
31
147.8495330810547
12
10.034918785095215
22
14.557168006896973
32
147.71095275878906
13
10.034918785095215
23
14.557168006896973
33
147.71095275878906
0
3DFACE
8
TERRAIN
10
11.038410186767578
20
13.517370223999023
30
148.65475463867188
11
12.041901588439941
21
13.517370223999023
31
148.80865478515625
12
12.041901588439941
22
14.557168006896973
32
148.05557250976562
13
12.041901588439941
23
14.557168006896973
33
148.05557250976562
0
3DFACE
8
TERRAIN
10
11.038410186767578
20
13.517370223999023
30
148.65475463867188
11
12.041901588439941
21
14.557168006896973
31
148.05557250976562
12
11.038410186767578
22
14.557168006896973
32
147.8495330810547
13
11.038410186767578
23
14.557168006896973
33
147.8495330810547
0
3DFACE
8
TERRAIN
10
12.041901588439941
20
13.517370223999023
30
148.80865478515625
11
13.045393943786621
21
13.517370223999023
31
149.12869262695312
12
13.045393943786621
22
14.557168006896973
32
148.35821533203125
13
13.045393943786621
23
14.557168006896973
33
148.35821533203125
0
3DFACE
8
TERRAIN
10
12.041901588439941
20
13.517370223999023
30
148.80865478515625
11
13.045393943786621
21
14.557168006896973
31
148.35821533203125
12
12.041901588439941
22
14.557168006896973
32
148.05557250976562
13
12.041901588439941
23
14.557168006896973
33
148.05557250976562
0
3DFACE
8
TERRAIN
10
13.045393943786621
20
13.517370223999023
30
149.12869262695312
11
14.048885345458984
21
13.517370223999023
31
149.30450439453125
12
14.048885345458984
22
14.557168006896973
32
148.61660766601562
13
14.048885345458984
23
14.557168006896973
33
148.61660766601562
0
3DFACE
8
TERRAIN
10
13.045393943786621
20
13.517370223999023
30
149.12869262695312
11
14.048885345458984
21
14.557168006896973
31
148.61660766601562
12
13.045393943786621
22
14.557168006896973
32
148.35821533203125
13
13.045393943786621
23
14.557168006896973
33
148.35821533203125
0
3DFACE
8
TERRAIN
10
14.048885345458984
20
13.517370223999023
30
149.30450439453125
11
15.052377700805664
21
13.517370223999023
31
149.37290954589844
12
15.052377700805664
22
14.557168006896973
32
148.80943298339844
13
15.052377700805664
23
14.557168006896973
33
148.80943298339844
0
3DFACE
8
TERRAIN
10
14.048885345458984
20
13.517370223999023
30
149.30450439453125
11
15.052377700805664
21
14.557168006896973
31
148.80943298339844
12
14.048885345458984
22
14.557168006896973
32
148.61660766601562
13
14.048885345458984
23
14.557168006896973
33
148.61660766601562
0
3DFACE
8
TERRAIN
10
15.052377700805664
20
13.517370223999023
30
149.37290954589844
11
16.055870056152344
21
13.517370223999023
31
149.52310180664062
12
16.055870056152344
22
14.557168006896973
32
149.0067138671875
13
16.055870056152344
23
14.557168006896973
33
149.0067138671875
0
3DFACE
8
TERRAIN
10
15.052377700805664
20
13.517370223999023
30
149.37290954589844
11
16.055870056152344
21
14.557168006896973
31
149.0067138671875
12
15.052377700805664
22
14.557168006896973
32
148.80943298339844
13
15.052377700805664
23
14.557168006896973
33
148.80943298339844
0
3DFACE
8
TERRAIN
10
16.055870056152344
20
13.517370223999023
30
149.52310180664062
11
17.05936050415039
21
13.517370223999023
31
149.61746215820312
12
17.05936050415039
22
14.557168006896973
32
149.12449645996094
13
17.05936050415039
23
14.557168006896973
33
149.12449645996094
0
3DFACE
8
TERRAIN
10
16.055870056152344
20
13.517370223999023
30
149.52310180664062
11
17.05936050415039
21
14.557168006896973
31
149.12449645996094
12
16.055870056152344
22
14.557168006896973
32
149.0067138671875
13
16.055870056152344
23
14.557168006896973
33
149.0067138671875
0
3DFACE
8
TERRAIN
10
17.05936050415039
20
13.517370223999023
30
149.61746215820312
11
18.06285285949707
21
13.517370223999023
31
149.74313354492188
12
18.06285285949707
22
14.557168006896973
32
149.2460174560547
13
18.06285285949707
23
14.557168006896973
33
149.2460174560547
0
3DFACE
8
TERRAIN
10
17.05936050415039
20
13.517370223999023
30
149.61746215820312
11
18.06285285949707
21
14.557168006896973
31
149.2460174560547
12
17.05936050415039
22
14.557168006896973
32
149.12449645996094
13
17.05936050415039
23
14.557168006896973
33
149.12449645996094
0
3DFACE
8
TERRAIN
10
18.06285285949707
20
13.517370223999023
30
149.74313354492188
11
19.06634521484375
21
13.517370223999023
31
149.86976623535156
12
19.06634521484375
22
14.557168006896973
32
149.38201904296875
13
19.06634521484375
23
14.557168006896973
33
149.38201904296875
0
3DFACE
8
TERRAIN
10
18.06285285949707
20
13.517370223999023
30
149.74313354492188
11
19.06634521484375
21
14.557168006896973
31
149.38201904296875
12
18.06285285949707
22
14.557168006896973
32
149.2460174560547
13
18.06285285949707
23
14.557168006896973
33
149.2460174560547
0
3DFACE
8
TERRAIN
10
19.06634521484375
20
13.517370223999023
30
149.86976623535156
11
20.06983757019043
21
13.517370223999023
31
149.95863342285156
12
20.06983757019043
22
14.557168006896973
32
149.5293731689453
13
20.06983757019043
23
14.557168006896973
33
149.5293731689453
0
3DFACE
8
TERRAIN
10
19.06634521484375
20
13.517370223999023
30
149.86976623535156
11
20.06983757019043
21
14.557168006896973
31
149.5293731689453
12
19.06634521484375
22
14.557168006896973
32
149.38201904296875
13
19.06634521484375
23
14.557168006896973
33
149.38201904296875
0
3DFACE
8
TERRAIN
10
20.06983757019043
20
13.517370223999023
30
149.95863342285156
11
21.073328018188477
21
13.517370223999023
31
149.89842224121094
12
21.073328018188477
22
14.557168006896973
32
149.5595703125
13
21.073328018188477
23
14.557168006896973
33
149.5595703125
0
3DFACE
8
TERRAIN
10
20.06983757019043
20
13.517370223999023
30
149.95863342285156
11
21.073328018188477
21
14.557168006896973
31
149.5595703125
12
20.06983757019043
22
14.557168006896973
32
149.5293731689453
13
20.06983757019043
23
14.557168006896973
33
149.5293731689453
0
3DFACE
8
TERRAIN
10
21.073328018188477
20
13.517370223999023
30
149.89842224121094
11
22.076820373535156
21
13.517370223999023
31
149.5955047607422
12
22.076820373535156
22
14.557168006896973
32
149.3860626220703
13
22.076820373535156
23
14.557168006896973
33
149.3860626220703
0
3DFACE
8
TERRAIN
10
21.073328018188477
20
13.517370223999023
30
149.89842224121094
11
22.076820373535156
21
14.557168006896973
31
149.3860626220703
12
21.073328018188477
22
14.557168006896973
32
149.5595703125
13
21.073328018188477
23
14.557168006896973
33
149.5595703125
0
3DFACE
8
TERRAIN
10
22.076820373535156
20
13.517370223999023
30
149.5955047607422
11
23.080312728881836
21
13.517370223999023
31
149.1193084716797
12
23.080312728881836
22
14.557168006896973
32
148.89273071289062
13
23.080312728881836
23
14.557168006896973
33
148.89273071289062
0
3DFACE
8
TERRAIN
10
22.076820373535156
20
13.517370223999023
30
149.5955047607422
11
23.080312728881836
21
14.557168006896973
31
148.89273071289062
12
22.076820373535156
22
14.557168006896973
32
149.3860626220703
13
22.076820373535156
23
14.557168006896973
33
149.3860626220703
0
3DFACE
8
TERRAIN
10
23.080312728881836
20
13.517370223999023
30
149.1193084716797
11
24.083803176879883
21
13.517370223999023
31
148.67916870117188
12
24.083803176879883
22
14.557168006896973
32
148.43716430664062
13
24.083803176879883
23
14.557168006896973
33
148.43716430664062
0
3DFACE
8
TERRAIN
10
23.080312728881836
20
13.517370223999023
30
149.1193084716797
11
24.083803176879883
21
14.557168006896973
31
148.43716430664062
12
23.080312728881836
22
14.557168006896973
32
148.89273071289062
13
23.080312728881836
23
14.557168006896973
33
148.89273071289062
0
3DFACE
8
TERRAIN
10
24.083803176879883
20
13.517370223999023
30
148.67916870117188
11
25.087295532226562
21
13.517370223999023
31
148.1617889404297
12
25.087295532226562
22
14.557168006896973
32
147.90602111816406
13
25.087295532226562
23
14.557168006896973
33
147.90602111816406
0
3DFACE
8
TERRAIN
10
24.083803176879883
20
13.517370223999023
30
148.67916870117188
11
25.087295532226562
21
14.557168006896973
31
147.90602111816406
12
24.083803176879883
22
14.557168006896973
32
148.43716430664062
13
24.083803176879883
23
14.557168006896973
33
148.43716430664062
0
3DFACE
8
TERRAIN
10
25.087295532226562
20
13.517370223999023
30
148.1617889404297
11
26.090787887573242
21
13.517370223999023
31
147.4552764892578
12
26.090787887573242
22
14.557168006896973
32
147.31622314453125
13
26.090787887573242
23
14.557168006896973
33
147.31622314453125
0
3DFACE
8
TERRAIN
10
25.087295532226562
20
13.517370223999023
30
148.1617889404297
11
26.090787887573242
21
14.557168006896973
31
147.31622314453125
12
25.087295532226562
22
14.557168006896973
32
147.90602111816406
13
25.087295532226562
23
14.557168006896973
33
147.90602111816406
0
3DFACE
8
TERRAIN
10
26.090787887573242
20
13.517370223999023
30
147.4552764892578
11
27.094280242919922
21
13.517370223999023
31
146.74893188476562
12
27.094280242919922
22
14.557168006896973
32
146.61244201660156
13
27.094280242919922
23
14.557168006896973
33
146.61244201660156
0
3DFACE
8
TERRAIN
10
26.090787887573242
20
13.517370223999023
30
147.4552764892578
11
27.094280242919922
21
14.557168006896973
31
146.61244201660156
12
26.090787887573242
22
14.557168006896973
32
147.31622314453125
13
26.090787887573242
23
14.557168006896973
33
147.31622314453125
0
3DFACE
8
TERRAIN
10
27.094280242919922
20
13.517370223999023
30
146.74893188476562
11
28.09777069091797
21
13.517370223999023
31
146.21385192871094
12
28.09777069091797
22
14.557168006896973
32
146.09844970703125
13
28.09777069091797
23
14.557168006896973
33
146.09844970703125
0
3DFACE
8
TERRAIN
10
27.094280242919922
20
13.517370223999023
30
146.74893188476562
11
28.09777069091797
21
14.557168006896973
31
146.09844970703125
12
27.094280242919922
22
14.557168006896973
32
146.61244201660156
13
27.094280242919922
23
14.557168006896973
33
146.61244201660156
0
3DFACE
8
TERRAIN
10
28.09777069091797
20
13.517370223999023
30
146.21385192871094
11
29.10126304626465
21
13.517370223999023
31
146.05331420898438
12
29.10126304626465
22
14.557168006896973
32
145.89881896972656
13
29.10126304626465
23
14.557168006896973
33
145.89881896972656
0
3DFACE
8
TERRAIN
10
28.09777069091797
20
13.517370223999023
30
146.21385192871094
11
29.10126304626465
21
14.557168006896973
31
145.89881896972656
12
28.09777069091797
22
14.557168006896973
32
146.09844970703125
13
28.09777069091797
23
14.557168006896973
33
146.09844970703125
0
3DFACE
8
TERRAIN
10
29.10126304626465
20
13.517370223999023
30
146.05331420898438
11
30.104755401611328
21
13.517370223999023
31
146.25830078125
12
30.104755401611328
22
14.557168006896973
32
146.15843200683594
13
30.104755401611328
23
14.557168006896973
33
146.15843200683594
0
3DFACE
8
TERRAIN
10
29.10126304626465
20
13.517370223999023
30
146.05331420898438
11
30.104755401611328
21
14.557168006896973
31
146.15843200683594
12
29.10126304626465
22
14.557168006896973
32
145.89881896972656
13
29.10126304626465
23
14.557168006896973
33
145.89881896972656
0
3DFACE
8
TERRAIN
10
30.104755401611328
20
13.517370223999023
30
146.25830078125
11
31.108245849609375
21
13.517370223999023
31
146.72982788085938
12
31.108245849609375
22
14.557168006896973
32
146.49057006835938
13
31.108245849609375
23
14.557168006896973
33
146.49057006835938
0
3DFACE
8
TERRAIN
10
30.104755401611328
20
13.517370223999023
30
146.25830078125
11
31.108245849609375
21
14.557168006896973
31
146.49057006835938
12
30.104755401611328
22
14.557168006896973
32
146.15843200683594
13
30.104755401611328
23
14.557168006896973
33
146.15843200683594
0
3DFACE
8
TERRAIN
10
31.108245849609375
20
13.517370223999023
30
146.72982788085938
11
32.11174011230469
21
13.517370223999023
31
147.11949157714844
12
32.11174011230469
22
14.557168006896973
32
146.87652587890625
13
32.11174011230469
23
14.557168006896973
33
146.87652587890625
0
3DFACE
8
TERRAIN
10
31.108245849609375
20
13.517370223999023
30
146.72982788085938
11
32.11174011230469
21
14.557168006896973
31
146.87652587890625
12
31.108245849609375
22
14.557168006896973
32
146.49057006835938
13
31.108245849609375
23
14.557168006896973
33
146.49057006835938
0
3DFACE
8
TERRAIN
10
32.11174011230469
20
13.517370223999023
30
147.11949157714844
11
33.115230560302734
21
13.517370223999023
31
147.50428771972656
12
33.115230560302734
22
14.557168006896973
32
147.24871826171875
13
33.115230560302734
23
14.557168006896973
33
147.24871826171875
0
3DFACE
8
TERRAIN
10
32.11174011230469
20
13.517370223999023
30
147.11949157714844
11
33.115230560302734
21
14.557168006896973
31
147.24871826171875
12
32.11174011230469
22
14.557168006896973
32
146.87652587890625
13
32.11174011230469
23
14.557168006896973
33
146.87652587890625
0
3DFACE
8
TERRAIN
10
33.115230560302734
20
13.517370223999023
30
147.50428771972656
11
34.11872100830078
21
13.517370223999023
31
147.94386291503906
12
34.11872100830078
22
14.557168006896973
32
147.6565704345703
13
34.11872100830078
23
14.557168006896973
33
147.6565704345703
0
3DFACE
8
TERRAIN
10
33.115230560302734
20
13.517370223999023
30
147.50428771972656
11
34.11872100830078
21
14.557168006896973
31
147.6565704345703
12
33.115230560302734
22
14.557168006896973
32
147.24871826171875
13
33.115230560302734
23
14.557168006896973
33
147.24871826171875
0
3DFACE
8
TERRAIN
10
34.11872100830078
20
13.517370223999023
30
147.94386291503906
11
35.122215270996094
21
13.517370223999023
31
148.35223388671875
12
35.122215270996094
22
14.557168006896973
32
148.081298828125
13
35.122215270996094
23
14.557168006896973
33
148.081298828125
0
3DFACE
8
TERRAIN
10
34.11872100830078
20
13.517370223999023
30
147.94386291503906
11
35.122215270996094
21
14.557168006896973
31
148.081298828125
12
34.11872100830078
22
14.557168006896973
32
147.6565704345703
13
34.11872100830078
23
14.557168006896973
33
147.6565704345703
0
3DFACE
8
TERRAIN
10
35.122215270996094
20
13.517370223999023
30
148.35223388671875
11
36.12570571899414
21
13.517370223999023
31
148.58843994140625
12
36.12570571899414
22
14.557168006896973
32
148.4047088623047
13
36.12570571899414
23
14.557168006896973
33
148.4047088623047
0
3DFACE
8
TERRAIN
10
35.122215270996094
20
13.517370223999023
30
148.35223388671875
11
36.12570571899414
21
14.557168006896973
31
148.4047088623047
12
35.122215270996094
22
14.557168006896973
32
148.081298828125
13
35.122215270996094
23
14.557168006896973
33
148.081298828125
0
3DFACE
8
TERRAIN
10
36.12570571899414
20
13.517370223999023
30
148.58843994140625
11
37.12919616699219
21
13.517370223999023
31
148.4580535888672
12
37.12919616699219
22
14.557168006896973
32
148.23583984375
13
37.12919616699219
23
14.557168006896973
33
148.23583984375
0
3DFACE
8
TERRAIN
10
36.12570571899414
20
13.517370223999023
30
148.58843994140625
11
37.12919616699219
21
14.557168006896973
31
148.23583984375
12
36.12570571899414
22
14.557168006896973
32
148.4047088623047
13
36.12570571899414
23
14.557168006896973
33
148.4047088623047
0
3DFACE
8
TERRAIN
10
37.12919616699219
20
13.517370223999023
30
148.4580535888672
11
38.1326904296875
21
13.517370223999023
31
148.01211547851562
12
38.1326904296875
22
14.557168006896973
32
147.80908203125
13
38.1326904296875
23
14.557168006896973
33
147.80908203125
0
3DFACE
8
TERRAIN
10
37.12919616699219
20
13.517370223999023
30
148.4580535888672
11
38.1326904296875
21
14.557168006896973
31
147.80908203125
12
37.12919616699219
22
14.557168006896973
32
148.23583984375
13
37.12919616699219
23
14.557168006896973
33
148.23583984375
0
3DFACE
8
TERRAIN
10
38.1326904296875
20
13.517370223999023
30
148.01211547851562
11
39.13618087768555
21
13.517370223999023
31
147.5837860107422
12
39.13618087768555
22
14.557168006896973
32
147.29966735839844
13
39.13618087768555
23
14.557168006896973
33
147.29966735839844
0
3DFACE
8
TERRAIN
10
38.1326904296875
20
13.517370223999023
30
148.01211547851562
11
39.13618087768555
21
14.557168006896973
31
147.29966735839844
12
38.1326904296875
22
14.557168006896973
32
147.80908203125
13
38.1326904296875
23
14.557168006896973
33
147.80908203125
0
3DFACE
8
TERRAIN
10
39.13618087768555
20
13.517370223999023
30
147.5837860107422
11
40.13967514038086
21
13.517370223999023
31
146.96092224121094
12
40.13967514038086
22
14.557168006896973
32
146.7525177001953
13
40.13967514038086
23
14.557168006896973
33
146.7525177001953
0
3DFACE
8
TERRAIN
10
39.13618087768555
20
13.517370223999023
30
147.5837860107422
11
40.13967514038086
21
14.557168006896973
31
146.7525177001953
12
39.13618087768555
22
14.557168006896973
32
147.29966735839844
13
39.13618087768555
23
14.557168006896973
33
147.29966735839844
0
3DFACE
8
TERRAIN
10
40.13967514038086
20
13.517370223999023
30
146.96092224121094
11
41.143165588378906
21
13.517370223999023
31
146.72682189941406
12
41.143165588378906
22
14.557168006896973
32
146.59666442871094
13
41.143165588378906
23
14.557168006896973
33
146.59666442871094
0
3DFACE
8
TERRAIN
10
40.13967514038086
20
13.517370223999023
30
146.96092224121094
11
41.143165588378906
21
14.557168006896973
31
146.59666442871094
12
40.13967514038086
22
14.557168006896973
32
146.7525177001953
13
40.13967514038086
23
14.557168006896973
33
146.7525177001953
0
3DFACE
8
TERRAIN
10
41.143165588378906
20
13.517370223999023
30
146.72682189941406
11
42.14665603637695
21
13.517370223999023
31
146.8539276123047
12
42.14665603637695
22
14.557168006896973
32
146.8500518798828
13
42.14665603637695
23
14.557168006896973
33
146.8500518798828
0
3DFACE
8
TERRAIN
10
41.143165588378906
20
13.517370223999023
30
146.72682189941406
11
42.14665603637695
21
14.557168006896973
31
146.8500518798828
12
41.143165588378906
22
14.557168006896973
32
146.59666442871094
13
41.143165588378906
23
14.557168006896973
33
146.59666442871094
0
3DFACE
8
TERRAIN
10
42.14665603637695
20
13.517370223999023
30
146.8539276123047
11
43.150150299072266
21
13.517370223999023
31
147.10316467285156
12
43.150150299072266
22
14.557168006896973
32
147.11981201171875
13
43.150150299072266
23
14.557168006896973
33
147.11981201171875
0
3DFACE
8
TERRAIN
10
42.14665603637695
20
13.517370223999023
30
146.8539276123047
11
43.150150299072266
21
14.557168006896973
31
147.11981201171875
12
42.14665603637695
22
14.557168006896973
32
146.8500518798828
13
42.14665603637695
23
14.557168006896973
33
146.8500518798828
0
3DFACE
8
TERRAIN
10
43.150150299072266
20
13.517370223999023
30
147.10316467285156
11
44.15364074707031
21
13.517370223999023
31
147.40399169921875
12
44.15364074707031
22
14.557168006896973
32
147.42337036132812
13
44.15364074707031
23
14.557168006896973
33
147.42337036132812
0
3DFACE
8
TERRAIN
10
43.150150299072266
20
13.517370223999023
30
147.10316467285156
11
44.15364074707031
21
14.557168006896973
31
147.42337036132812
12
43.150150299072266
22
14.557168006896973
32
147.11981201171875
13
43.150150299072266
23
14.557168006896973
33
147.11981201171875
0
3DFACE
8
TERRAIN
10
44.15364074707031
20
13.517370223999023
30
147.40399169921875
11
45.15713119506836
21
13.517370223999023
31
147.87417602539062
12
45.15713119506836
22
14.557168006896973
32
147.87989807128906
13
45.15713119506836
23
14.557168006896973
33
147.87989807128906
0
3DFACE
8
TERRAIN
10
44.15364074707031
20
13.517370223999023
30
147.40399169921875
11
45.15713119506836
21
14.557168006896973
31
147.87989807128906
12
44.15364074707031
22
14.557168006896973
32
147.42337036132812
13
44.15364074707031
23
14.557168006896973
33
147.42337036132812
0
3DFACE
8
TERRAIN
10
0
20
12.477572441101074
30
149.09536743164062
11
1.0034918785095215
21
12.477572441101074
31
149.01229858398438
12
1.0034918785095215
22
13.517370223999023
32
148.3204345703125
13
1.0034918785095215
23
13.517370223999023
33
148.3204345703125
0
3DFACE
8
TERRAIN
10
0
20
12.477572441101074
30
149.09536743164062
11
1.0034918785095215
21
13.517370223999023
31
148.3204345703125
12
0
22
13.517370223999023
32
148.3595428466797
13
0
23
13.517370223999023
33
148.3595428466797
0
3DFACE
8
TERRAIN
10
1.0034918785095215
20
12.477572441101074
30
149.01229858398438
11
2.006983757019043
21
12.477572441101074
31
148.8973388671875
12
2.006983757019043
22
13.517370223999023
32
148.24375915527344
13
2.006983757019043
23
13.517370223999023
33
148.24375915527344
0
3DFACE
8
TERRAIN
10
1.0034918785095215
20
12.477572441101074
30
149.01229858398438
11
2.006983757019043
21
13.517370223999023
31
148.24375915527344
12
1.0034918785095215
22
13.517370223999023
32
148.3204345703125
13
1.0034918785095215
23
13.517370223999023
33
148.3204345703125
0
3DFACE
8
TERRAIN
10
2.006983757019043
20
12.477572441101074
30
148.8973388671875
11
3.0104753971099854
21
12.477572441101074
31
148.8437042236328
12
3.0104753971099854
22
13.517370223999023
32
148.1703338623047
13
3.0104753971099854
23
13.517370223999023
33
148.1703338623047
0
3DFACE
8
TERRAIN
10
2.006983757019043
20
12.477572441101074
30
148.8973388671875
11
3.0104753971099854
21
13.517370223999023
31
148.1703338623047
12
2.006983757019043
22
13.517370223999023
32
148.24375915527344
13
2.006983757019043
23
13.517370223999023
33
148.24375915527344
0
3DFACE
8
TERRAIN
10
3.0104753971099854
20
12.477572441101074
30
148.8437042236328
11
4.013967514038086
21
12.477572441101074
31
148.8563995361328
12
4.013967514038086
22
13.517370223999023
32
148.10452270507812
13
4.013967514038086
23
13.517370223999023
33
148.10452270507812
0
3DFACE
8
TERRAIN
10
3.0104753971099854
20
12.477572441101074
30
148.8437042236328
11
4.013967514038086
21
13.517370223999023
31
148.10452270507812
12
3.0104753971099854
22
13.517370223999023
32
148.1703338623047
13
3.0104753971099854
23
13.517370223999023
33
148.1703338623047
0
3DFACE
8
TERRAIN
10
4.013967514038086
20
12.477572441101074
30
148.8563995361328
11
5.017459392547607
21
12.477572441101074
31
148.97532653808594
12
5.017459392547607
22
13.517370223999023
32
148.164794921875
13
5.017459392547607
23
13.517370223999023
33
148.164794921875
0
3DFACE
8
TERRAIN
10
4.013967514038086
20
12.477572441101074
30
148.8563995361328
11
5.017459392547607
21
13.517370223999023
31
148.164794921875
12
4.013967514038086
22
13.517370223999023
32
148.10452270507812
13
4.013967514038086
23
13.517370223999023
33
148.10452270507812
0
3DFACE
8
TERRAIN
10
5.017459392547607
20
12.477572441101074
30
148.97532653808594
11
6.020950794219971
21
12.477572441101074
31
149.07179260253906
12
6.020950794219971
22
13.517370223999023
32
148.26846313476562
13
6.020950794219971
23
13.517370223999023
33
148.26846313476562
0
3DFACE
8
TERRAIN
10
5.017459392547607
20
12.477572441101074
30
148.97532653808594
11
6.020950794219971
21
13.517370223999023
31
148.26846313476562
12
5.017459392547607
22
13.517370223999023
32
148.164794921875
13
5.017459392547607
23
13.517370223999023
33
148.164794921875
0
3DFACE
8
TERRAIN
10
6.020950794219971
20
12.477572441101074
30
149.07179260253906
11
7.024442672729492
21
12.477572441101074
31
149.0404815673828
12
7.024442672729492
22
13.517370223999023
32
148.26087951660156
13
7.024442672729492
23
13.517370223999023
33
148.26087951660156
0
3DFACE
8
TERRAIN
10
6.020950794219971
20
12.477572441101074
30
149.07179260253906
11
7.024442672729492
21
13.517370223999023
31
148.26087951660156
12
6.020950794219971
22
13.517370223999023
32
148.26846313476562
13
6.020950794219971
23
13.517370223999023
33
148.26846313476562
0
3DFACE
8
TERRAIN
10
7.024442672729492
20
12.477572441101074
30
149.0404815673828
11
8.027935028076172
21
12.477572441101074
31
149.00035095214844
12
8.027935028076172
22
13.517370223999023
32
148.21005249023438
13
8.027935028076172
23
13.517370223999023
33
148.21005249023438
0
3DFACE
8
TERRAIN
10
7.024442672729492
20
12.477572441101074
30
149.0404815673828
11
8.027935028076172
21
13.517370223999023
31
148.21005249023438
12
7.024442672729492
22
13.517370223999023
32
148.26087951660156
13
7.024442672729492
23
13.517370223999023
33
148.26087951660156
0
3DFACE
8
TERRAIN
10
8.027935028076172
20
12.477572441101074
30
149.00035095214844
11
9.031426429748535
21
12.477572441101074
31
149.07260131835938
12
9.031426429748535
22
13.517370223999023
32
148.33877563476562
13
9.031426429748535
23
13.517370223999023
33
148.33877563476562
0
3DFACE
8
TERRAIN
10
8.027935028076172
20
12.477572441101074
30
149.00035095214844
11
9.031426429748535
21
13.517370223999023
31
148.33877563476562
12
8.027935028076172
22
13.517370223999023
32
148.21005249023438
13
8.027935028076172
23
13.517370223999023
33
148.21005249023438
0
3DFACE
8
TERRAIN
10
9.031426429748535
20
12.477572441101074
30
149.07260131835938
11
10.034918785095215
21
12.477572441101074
31
149.2683868408203
12
10.034918785095215
22
13.517370223999023
32
148.55694580078125
13
10.034918785095215
23
13.517370223999023
33
148.55694580078125
0
3DFACE
8
TERRAIN
10
9.031426429748535
20
12.477572441101074
30
149.07260131835938
11
10.034918785095215
21
13.517370223999023
31
148.55694580078125
12
9.031426429748535
22
13.517370223999023
32
148.33877563476562
13
9.031426429748535
23
13.517370223999023
33
148.33877563476562
0
3DFACE
8
TERRAIN
10
10.034918785095215
20
12.477572441101074
30
149.2683868408203
11
11.038410186767578
21
12.477572441101074
31
149.42031860351562
12
11.038410186767578
22
13.517370223999023
32
148.65475463867188
13
11.038410186767578
23
13.517370223999023
33
148.65475463867188
0
3DFACE
8
TERRAIN
10
10.034918785095215
20
12.477572441101074
30
149.2683868408203
11
11.038410186767578
21
13.517370223999023
31
148.65475463867188
12
10.034918785095215
22
13.517370223999023
32
148.55694580078125
13
10.034918785095215
23
13.517370223999023
33
148.55694580078125
0
3DFACE
8
TERRAIN
10
11.038410186767578
20
12.477572441101074
30
149.42031860351562
11
12.041901588439941
21
12.477572441101074
31
149.53872680664062
12
12.041901588439941
22
13.517370223999023
32
148.80865478515625
13
12.041901588439941
23
13.517370223999023
33
148.80865478515625
0
3DFACE
8
TERRAIN
10
11.038410186767578
20
12.477572441101074
30
149.42031860351562
11
12.041901588439941
21
13.517370223999023
31
148.80865478515625
12
11.038410186767578
22
13.517370223999023
32
148.65475463867188
13
11.038410186767578
23
13.517370223999023
33
148.65475463867188
0
3DFACE
8
TERRAIN
10
12.041901588439941
20
12.477572441101074
30
149.53872680664062
11
13.045393943786621
21
12.477572441101074
31
149.6917266845703
12
13.045393943786621
22
13.517370223999023
32
149.12869262695312
13
13.045393943786621
23
13.517370223999023
33
149.12869262695312
0
3DFACE
8
TERRAIN
10
12.041901588439941
20
12.477572441101074
30
149.53872680664062
11
13.045393943786621
21
13.517370223999023
31
149.12869262695312
12
12.041901588439941
22
13.517370223999023
32
148.80865478515625
13
12.041901588439941
23
13.517370223999023
33
148.80865478515625
0
3DFACE
8
TERRAIN
10
13.045393943786621
20
12.477572441101074
30
149.6917266845703
11
14.048885345458984
21
12.477572441101074
31
149.77301025390625
12
14.048885345458984
22
13.517370223999023
32
149.30450439453125
13
14.048885345458984
23
13.517370223999023
33
149.30450439453125
0
3DFACE
8
TERRAIN
10
13.045393943786621
20
12.477572441101074
30
149.6917266845703
11
14.048885345458984
21
13.517370223999023
31
149.30450439453125
12
13.045393943786621
22
13.517370223999023
32
149.12869262695312
13
13.045393943786621
23
13.517370223999023
33
149.12869262695312
0
3DFACE
8
TERRAIN
10
14.048885345458984
20
12.477572441101074
30
149.77301025390625
11
15.052377700805664
21
12.477572441101074
31
149.84280395507812
12
15.052377700805664
22
13.517370223999023
32
149.37290954589844
13
15.052377700805664
23
13.517370223999023
33
149.37290954589844
0
3DFACE
8
TERRAIN
10
14.048885345458984
20
12.477572441101074
30
149.77301025390625
11
15.052377700805664
21
13.517370223999023
31
149.37290954589844
12
14.048885345458984
22
13.517370223999023
32
149.30450439453125
13
14.048885345458984
23
13.517370223999023
33
149.30450439453125
0
3DFACE
8
TERRAIN
10
15.052377700805664
20
12.477572441101074
30
149.84280395507812
11
16.055870056152344
21
12.477572441101074
31
149.94033813476562
12
16.055870056152344
22
13.517370223999023
32
149.52310180664062
13
16.055870056152344
23
13.517370223999023
33
149.52310180664062
0
3DFACE
8
TERRAIN
10
15.052377700805664
20
12.477572441101074
30
149.84280395507812
11
16.055870056152344
21
13.517370223999023
31
149.52310180664062
12
15.052377700805664
22
13.517370223999023
32
149.37290954589844
13
15.052377700805664
23
13.517370223999023
33
149.37290954589844
0
3DFACE
8
TERRAIN
10
16.055870056152344
20
12.477572441101074
30
149.94033813476562
11
17.05936050415039
21
12.477572441101074
31
150.04647827148438
12
17.05936050415039
22
13.517370223999023
32
149.61746215820312
13
17.05936050415039
23
13.517370223999023
33
149.61746215820312
0
3DFACE
8
TERRAIN
10
16.055870056152344
20
12.477572441101074
30
149.94033813476562
11
17.05936050415039
21
13.517370223999023
31
149.61746215820312
12
16.055870056152344
22
13.517370223999023
32
149.52310180664062
13
16.055870056152344
23
13.517370223999023
33
149.52310180664062
0
3DFACE
8
TERRAIN
10
17.05936050415039
20
12.477572441101074
30
150.04647827148438
11
18.06285285949707
21
12.477572441101074
31
150.1231231689453
12
18.06285285949707
22
13.517370223999023
32
149.74313354492188
13
18.06285285949707
23
13.517370223999023
33
149.74313354492188
0
3DFACE
8
TERRAIN
10
17.05936050415039
20
12.477572441101074
30
150.04647827148438
11
18.06285285949707
21
13.517370223999023
31
149.74313354492188
12
17.05936050415039
22
13.517370223999023
32
149.61746215820312
13
17.05936050415039
23
13.517370223999023
33
149.61746215820312
0
3DFACE
8
TERRAIN
10
18.06285285949707
20
12.477572441101074
30
150.1231231689453
11
19.06634521484375
21
12.477572441101074
31
150.17120361328125
12
19.06634521484375
22
13.517370223999023
32
149.86976623535156
13
19.06634521484375
23
13.517370223999023
33
149.86976623535156
0
3DFACE
8
TERRAIN
10
18.06285285949707
20
12.477572441101074
30
150.1231231689453
11
19.06634521484375
21
13.517370223999023
31
149.86976623535156
12
18.06285285949707
22
13.517370223999023
32
149.74313354492188
13
18.06285285949707
23
13.517370223999023
33
149.74313354492188
0
3DFACE
8
TERRAIN
10
19.06634521484375
20
12.477572441101074
30
150.17120361328125
11
20.06983757019043
21
12.477572441101074
31
150.17807006835938
12
20.06983757019043
22
13.517370223999023
32
149.95863342285156
13
20.06983757019043
23
13.517370223999023
33
149.95863342285156
0
3DFACE
8
TERRAIN
10
19.06634521484375
20
12.477572441101074
30
150.17120361328125
11
20.06983757019043
21
13.517370223999023
31
149.95863342285156
12
19.06634521484375
22
13.517370223999023
32
149.86976623535156
13
19.06634521484375
23
13.517370223999023
33
149.86976623535156
0
3DFACE
8
TERRAIN
10
20.06983757019043
20
12.477572441101074
30
150.17807006835938
11
21.073328018188477
21
12.477572441101074
31
150.0605926513672
12
21.073328018188477
22
13.517370223999023
32
149.89842224121094
13
21.073328018188477
23
13.517370223999023
33
149.89842224121094
0
3DFACE
8
TERRAIN
10
20.06983757019043
20
12.477572441101074
30
150.17807006835938
11
21.073328018188477
21
13.517370223999023
31
149.89842224121094
12
20.06983757019043
22
13.517370223999023
32
149.95863342285156
13
20.06983757019043
23
13.517370223999023
33
149.95863342285156
0
3DFACE
8
TERRAIN
10
21.073328018188477
20
12.477572441101074
30
150.0605926513672
11
22.076820373535156
21
12.477572441101074
31
149.61651611328125
12
22.076820373535156
22
13.517370223999023
32
149.5955047607422
13
22.076820373535156
23
13.517370223999023
33
149.5955047607422
0
3DFACE
8
TERRAIN
10
21.073328018188477
20
12.477572441101074
30
150.0605926513672
11
22.076820373535156
21
13.517370223999023
31
149.5955047607422
12
21.073328018188477
22
13.517370223999023
32
149.89842224121094
13
21.073328018188477
23
13.517370223999023
33
149.89842224121094
0
3DFACE
8
TERRAIN
10
22.076820373535156
20
12.477572441101074
30
149.61651611328125
11
23.080312728881836
21
12.477572441101074
31
149.18856811523438
12
23.080312728881836
22
13.517370223999023
32
149.1193084716797
13
23.080312728881836
23
13.517370223999023
33
149.1193084716797
0
3DFACE
8
TERRAIN
10
22.076820373535156
20
12.477572441101074
30
149.61651611328125
11
23.080312728881836
21
13.517370223999023
31
149.1193084716797
12
22.076820373535156
22
13.517370223999023
32
149.5955047607422
13
22.076820373535156
23
13.517370223999023
33
149.5955047607422
0
3DFACE
8
TERRAIN
10
23.080312728881836
20
12.477572441101074
30
149.18856811523438
11
24.083803176879883
21
12.477572441101074
31
148.6582489013672
12
24.083803176879883
22
13.517370223999023
32
148.67916870117188
13
24.083803176879883
23
13.517370223999023
33
148.67916870117188
0
3DFACE
8
TERRAIN
10
23.080312728881836
20
12.477572441101074
30
149.18856811523438
11
24.083803176879883
21
13.517370223999023
31
148.67916870117188
12
23.080312728881836
22
13.517370223999023
32
149.1193084716797
13
23.080312728881836
23
13.517370223999023
33
149.1193084716797
0
3DFACE
8
TERRAIN
10
24.083803176879883
20
12.477572441101074
30
148.6582489013672
11
25.087295532226562
21
12.477572441101074
31
148.02816772460938
12
25.087295532226562
22
13.517370223999023
32
148.1617889404297
13
25.087295532226562
23
13.517370223999023
33
148.1617889404297
0
3DFACE
8
TERRAIN
10
24.083803176879883
20
12.477572441101074
30
148.6582489013672
11
25.087295532226562
21
13.517370223999023
31
148.1617889404297
12
24.083803176879883
22
13.517370223999023
32
148.67916870117188
13
24.083803176879883
23
13.517370223999023
33
148.67916870117188
0
3DFACE
8
TERRAIN
10
25.087295532226562
20
12.477572441101074
30
148.02816772460938
11
26.090787887573242
21
12.477572441101074
31
147.3773193359375
12
26.090787887573242
22
13.517370223999023
32
147.4552764892578
13
26.090787887573242
23
13.517370223999023
33
147.4552764892578
0
3DFACE
8
TERRAIN
10
25.087295532226562
20
12.477572441101074
30
148.02816772460938
11
26.090787887573242
21
13.517370223999023
31
147.4552764892578
12
25.087295532226562
22
13.517370223999023
32
148.1617889404297
13
25.087295532226562
23
13.517370223999023
33
148.1617889404297
0
3DFACE
8
TERRAIN
10
26.090787887573242
20
12.477572441101074
30
147.3773193359375
11
27.094280242919922
21
12.477572441101074
31
146.81138610839844
12
27.094280242919922
22
13.517370223999023
32
146.74893188476562
13
27.094280242919922
23
13.517370223999023
33
146.74893188476562
0
3DFACE
8
TERRAIN
10
26.090787887573242
20
12.477572441101074
30
147.3773193359375
11
27.094280242919922
21
13.517370223999023
31
146.74893188476562
12
26.090787887573242
22
13.517370223999023
32
147.4552764892578
13
26.090787887573242
23
13.517370223999023
33
147.4552764892578
0
3DFACE
8
TERRAIN
10
27.094280242919922
20
12.477572441101074
30
146.81138610839844
11
28.09777069091797
21
12.477572441101074
31
146.30877685546875
12
28.09777069091797
22
13.517370223999023
32
146.21385192871094
13
28.09777069091797
23
13.517370223999023
33
146.21385192871094
0
3DFACE
8
TERRAIN
10
27.094280242919922
20
12.477572441101074
30
146.81138610839844
11
28.09777069091797
21
13.517370223999023
31
146.21385192871094
12
27.094280242919922
22
13.517370223999023
32
146.74893188476562
13
27.094280242919922
23
13.517370223999023
33
146.74893188476562
0
3DFACE
8
TERRAIN
10
28.09777069091797
20
12.477572441101074
30
146.30877685546875
11
29.10126304626465
21
12.477572441101074
31
146.21786499023438
12
29.10126304626465
22
13.517370223999023
32
146.05331420898438
13
29.10126304626465
23
13.517370223999023
33
146.05331420898438
0
3DFACE
8
TERRAIN
10
28.09777069091797
20
12.477572441101074
30
146.30877685546875
11
29.10126304626465
21
13.517370223999023
31
146.05331420898438
12
28.09777069091797
22
13.517370223999023
32
146.21385192871094
13
28.09777069091797
23
13.517370223999023
33
146.21385192871094
0
3DFACE
8
TERRAIN
10
29.10126304626465
20
12.477572441101074
30
146.21786499023438
11
30.104755401611328
21
12.477572441101074
31
146.38668823242188
12
30.104755401611328
22
13.517370223999023
32
146.25830078125
13
30.104755401611328
23
13.517370223999023
33
146.25830078125
0
3DFACE
8
TERRAIN
10
29.10126304626465
20
12.477572441101074
30
146.21786499023438
11
30.104755401611328
21
13.517370223999023
31
146.25830078125
12
29.10126304626465
22
13.517370223999023
32
146.05331420898438
13
29.10126304626465
23
13.517370223999023
33
146.05331420898438
0
3DFACE
8
TERRAIN
10
30.104755401611328
20
12.477572441101074
30
146.38668823242188
11
31.108245849609375
21
12.477572441101074
31
146.8269500732422
12
31.108245849609375
22
13.517370223999023
32
146.72982788085938
13
31.108245849609375
23
13.517370223999023
33
146.72982788085938
0
3DFACE
8
TERRAIN
10
30.104755401611328
20
12.477572441101074
30
146.38668823242188
11
31.108245849609375
21
13.517370223999023
31
146.72982788085938
12
30.104755401611328
22
13.517370223999023
32
146.25830078125
13
30.104755401611328
23
13.517370223999023
33
146.25830078125
0
3DFACE
8
TERRAIN
10
31.108245849609375
20
12.477572441101074
30
146.8269500732422
11
32.11174011230469
21
12.477572441101074
31
147.27915954589844
12
32.11174011230469
22
13.517370223999023
32
147.11949157714844
13
32.11174011230469
23
13.517370223999023
33
147.11949157714844
0
3DFACE
8
TERRAIN
10
31.108245849609375
20
12.477572441101074
30
146.8269500732422
11
32.11174011230469
21
13.517370223999023
31
147.11949157714844
12
31.108245849609375
22
13.517370223999023
32
146.72982788085938
13
31.108245849609375
23
13.517370223999023
33
146.72982788085938
0
3DFACE
8
TERRAIN
10
32.11174011230469
20
12.477572441101074
30
147.27915954589844
11
33.115230560302734
21
12.477572441101074
31
147.7749481201172
12
33.115230560302734
22
13.517370223999023
32
147.50428771972656
13
33.115230560302734
23
13.517370223999023
33
147.50428771972656
0
3DFACE
8
TERRAIN
10
32.11174011230469
20
12.477572441101074
30
147.27915954589844
11
33.115230560302734
21
13.517370223999023
31
147.50428771972656
12
32.11174011230469
22
13.517370223999023
32
147.11949157714844
13
32.11174011230469
23
13.517370223999023
33
147.11949157714844
0
3DFACE
8
TERRAIN
10
33.115230560302734
20
12.477572441101074
30
147.7749481201172
11
34.11872100830078
21
12.477572441101074
31
148.1811065673828
12
34.11872100830078
22
13.517370223999023
32
147.94386291503906
13
34.11872100830078
23
13.517370223999023
33
147.94386291503906
0
3DFACE
8
TERRAIN
10
33.115230560302734
20
12.477572441101074
30
147.7749481201172
11
34.11872100830078
21
13.517370223999023
31
147.94386291503906
12
33.115230560302734
22
13.517370223999023
32
147.50428771972656
13
33.115230560302734
23
13.517370223999023
33
147.50428771972656
0
3DFACE
8
TERRAIN
10
34.11872100830078
20
12.477572441101074
30
148.1811065673828
11
35.122215270996094
21
12.477572441101074
31
148.61715698242188
12
35.122215270996094
22
13.517370223999023
32
148.35223388671875
13
35.122215270996094
23
13.517370223999023
33
148.35223388671875
0
3DFACE
8
TERRAIN
10
34.11872100830078
20
12.477572441101074
30
148.1811065673828
11
35.122215270996094
21
13.517370223999023
31
148.35223388671875
12
34.11872100830078
22
13.517370223999023
32
147.94386291503906
13
34.11872100830078
23
13.517370223999023
33
147.94386291503906
0
3DFACE
8
TERRAIN
10
35.122215270996094
20
12.477572441101074
30
148.61715698242188
11
36.12570571899414
21
12.477572441101074
31
148.85153198242188
12
36.12570571899414
22
13.517370223999023
32
148.58843994140625
13
36.12570571899414
23
13.517370223999023
33
148.58843994140625
0
3DFACE
8
TERRAIN
10
35.122215270996094
20
12.477572441101074
30
148.61715698242188
11
36.12570571899414
21
13.517370223999023
31
148.58843994140625
12
35.122215270996094
22
13.517370223999023
32
148.35223388671875
13
35.122215270996094
23
13.517370223999023
33
148.35223388671875
0
3DFACE
8
TERRAIN
10
36.12570571899414
20
12.477572441101074
30
148.85153198242188
11
37.12919616699219
21
12.477572441101074
31
148.6689910888672
12
37.12919616699219
22
13.517370223999023
32
148.4580535888672
13
37.12919616699219
23
13.517370223999023
33
148.4580535888672
0
3DFACE
8
TERRAIN
10
36.12570571899414
20
12.477572441101074
30
148.85153198242188
11
37.12919616699219
21
13.517370223999023
31
148.4580535888672
12
36.12570571899414
22
13.517370223999023
32
148.58843994140625
13
36.12570571899414
23
13.517370223999023
33
148.58843994140625
0
3DFACE
8
TERRAIN
10
37.12919616699219
20
12.477572441101074
30
148.6689910888672
11
38.1326904296875
21
12.477572441101074
31
148.23533630371094
12
38.1326904296875
22
13.517370223999023
32
148.01211547851562
13
38.1326904296875
23
13.517370223999023
33
148.01211547851562
0
3DFACE
8
TERRAIN
10
37.12919616699219
20
12.477572441101074
30
148.6689910888672
11
38.1326904296875
21
13.517370223999023
31
148.01211547851562
12
37.12919616699219
22
13.517370223999023
32
148.4580535888672
13
37.12919616699219
23
13.517370223999023
33
148.4580535888672
0
3DFACE
8
TERRAIN
10
38.1326904296875
20
12.477572441101074
30
148.23533630371094
11
39.13618087768555
21
12.477572441101074
31
147.82040405273438
12
39.13618087768555
22
13.517370223999023
32
147.5837860107422
13
39.13618087768555
23
13.517370223999023
33
147.5837860107422
0
3DFACE
8
TERRAIN
10
38.1326904296875
20
12.477572441101074
30
148.23533630371094
11
39.13618087768555
21
13.517370223999023
31
147.5837860107422
12
38.1326904296875
22
13.517370223999023
32
148.01211547851562
13
38.1326904296875
23
13.517370223999023
33
148.01211547851562
0
3DFACE
8
TERRAIN
10
39.13618087768555
20
12.477572441101074
30
147.82040405273438
11
40.13967514038086
21
12.477572441101074
31
147.24334716796875
12
40.13967514038086
22
13.517370223999023
32
146.96092224121094
13
40.13967514038086
23
13.517370223999023
33
146.96092224121094
0
3DFACE
8
TERRAIN
10
39.13618087768555
20
12.477572441101074
30
147.82040405273438
11
40.13967514038086
21
13.517370223999023
31
146.96092224121094
12
39.13618087768555
22
13.517370223999023
32
147.5837860107422
13
39.13618087768555
23
13.517370223999023
33
147.5837860107422
0
3DFACE
8
TERRAIN
10
40.13967514038086
20
12.477572441101074
30
147.24334716796875
11
41.143165588378906
21
12.477572441101074
31
146.7448272705078
12
41.143165588378906
22
13.517370223999023
32
146.72682189941406
13
41.143165588378906
23
13.517370223999023
33
146.72682189941406
0
3DFACE
8
TERRAIN
10
40.13967514038086
20
12.477572441101074
30
147.24334716796875
11
41.143165588378906
21
13.517370223999023
31
146.72682189941406
12
40.13967514038086
22
13.517370223999023
32
146.96092224121094
13
40.13967514038086
23
13.517370223999023
33
146.96092224121094
0
3DFACE
8
TERRAIN
10
41.143165588378906
20
12.477572441101074
30
146.7448272705078
11
42.14665603637695
21
12.477572441101074
31
146.8243865966797
12
42.14665603637695
22
13.517370223999023
32
146.8539276123047
13
42.14665603637695
23
13.517370223999023
33
146.8539276123047
0
3DFACE
8
TERRAIN
10
41.143165588378906
20
12.477572441101074
30
146.7448272705078
11
42.14665603637695
21
13.517370223999023
31
146.8539276123047
12
41.143165588378906
22
13.517370223999023
32
146.72682189941406
13
41.143165588378906
23
13.517370223999023
33
146.72682189941406
0
3DFACE
8
TERRAIN
10
42.14665603637695
20
12.477572441101074
30
146.8243865966797
11
43.150150299072266
21
12.477572441101074
31
147.09912109375
12
43.150150299072266
22
13.517370223999023
32
147.10316467285156
13
43.150150299072266
23
13.517370223999023
33
147.10316467285156
0
3DFACE
8
TERRAIN
10
42.14665603637695
20
12.477572441101074
30
146.8243865966797
11
43.150150299072266
21
13.517370223999023
31
147.10316467285156
12
42.14665603637695
22
13.517370223999023
32
146.8539276123047
13
42.14665603637695
23
13.517370223999023
33
146.8539276123047
0
3DFACE
8
TERRAIN
10
43.150150299072266
20
12.477572441101074
30
147.09912109375
11
44.15364074707031
21
12.477572441101074
31
147.44256591796875
12
44.15364074707031
22
13.517370223999023
32
147.40399169921875
13
44.15364074707031
23
13.517370223999023
33
147.40399169921875
0
3DFACE
8
TERRAIN
10
43.150150299072266
20
12.477572441101074
30
147.09912109375
11
44.15364074707031
21
13.517370223999023
31
147.40399169921875
12
43.150150299072266
22
13.517370223999023
32
147.10316467285156
13
43.150150299072266
23
13.517370223999023
33
147.10316467285156
0
3DFACE
8
TERRAIN
10
44.15364074707031
20
12.477572441101074
30
147.44256591796875
11
45.15713119506836
21
12.477572441101074
31
147.7396697998047
12
45.15713119506836
22
13.517370223999023
32
147.87417602539062
13
45.15713119506836
23
13.517370223999023
33
147.87417602539062
0
3DFACE
8
TERRAIN
10
44.15364074707031
20
12.477572441101074
30
147.44256591796875
11
45.15713119506836
21
13.517370223999023
31
147.87417602539062
12
44.15364074707031
22
13.517370223999023
32
147.40399169921875
13
44.15364074707031
23
13.517370223999023
33
147.40399169921875
0
3DFACE
8
TERRAIN
10
0
20
11.437774658203125
30
149.63026428222656
11
1.0034918785095215
21
11.437774658203125
31
149.6082305908203
12
1.0034918785095215
22
12.477572441101074
32
149.01229858398438
13
1.0034918785095215
23
12.477572441101074
33
149.01229858398438
0
3DFACE
8
TERRAIN
10
0
20
11.437774658203125
30
149.63026428222656
11
1.0034918785095215
21
12.477572441101074
31
149.01229858398438
12
0
22
12.477572441101074
32
149.09536743164062
13
0
23
12.477572441101074
33
149.09536743164062
0
3DFACE
8
TERRAIN
10
1.0034918785095215
20
11.437774658203125
30
149.6082305908203
11
2.006983757019043
21
11.437774658203125
31
149.52392578125
12
2.006983757019043
22
12.477572441101074
32
148.8973388671875
13
2.006983757019043
23
12.477572441101074
33
148.8973388671875
0
3DFACE
8
TERRAIN
10
1.0034918785095215
20
11.437774658203125
30
149.6082305908203
11
2.006983757019043
21
12.477572441101074
31
148.8973388671875
12
1.0034918785095215
22
12.477572441101074
32
149.01229858398438
13
1.0034918785095215
23
12.477572441101074
33
149.01229858398438
0
3DFACE
8
TERRAIN
10
2.006983757019043
20
11.437774658203125
30
149.52392578125
11
3.0104753971099854
21
11.437774658203125
31
149.5235137939453
12
3.0104753971099854
22
12.477572441101074
32
148.8437042236328
13
3.0104753971099854
23
12.477572441101074
33
148.8437042236328
0
3DFACE
8
TERRAIN
10
2.006983757019043
20
11.437774658203125
30
149.52392578125
11
3.0104753971099854
21
12.477572441101074
31
148.8437042236328
12
2.006983757019043
22
12.477572441101074
32
148.8973388671875
13
2.006983757019043
23
12.477572441101074
33
148.8973388671875
0
3DFACE
8
TERRAIN
10
3.0104753971099854
20
11.437774658203125
30
149.5235137939453
11
4.013967514038086
21
11.437774658203125
31
149.570556640625
12
4.013967514038086
22
12.477572441101074
32
148.8563995361328
13
4.013967514038086
23
12.477572441101074
33
148.8563995361328
0
3DFACE
8
TERRAIN
10
3.0104753971099854
20
11.437774658203125
30
149.5235137939453
11
4.013967514038086
21
12.477572441101074
31
148.8563995361328
12
3.0104753971099854
22
12.477572441101074
32
148.8437042236328
13
3.0104753971099854
23
12.477572441101074
33
148.8437042236328
0
3DFACE
8
TERRAIN
10
4.013967514038086
20
11.437774658203125
30
149.570556640625
11
5.017459392547607
21
11.437774658203125
31
149.60562133789062
12
5.017459392547607
22
12.477572441101074
32
148.97532653808594
13
5.017459392547607
23
12.477572441101074
33
148.97532653808594
0
3DFACE
8
TERRAIN
10
4.013967514038086
20
11.437774658203125
30
149.570556640625
11
5.017459392547607
21
12.477572441101074
31
148.97532653808594
12
4.013967514038086
22
12.477572441101074
32
148.8563995361328
13
4.013967514038086
23
12.477572441101074
33
148.8563995361328
0
3DFACE
8
TERRAIN
10
5.017459392547607
20
11.437774658203125
30
149.60562133789062
11
6.020950794219971
21
11.437774658203125
31
149.66261291503906
12
6.020950794219971
22
12.477572441101074
32
149.07179260253906
13
6.020950794219971
23
12.477572441101074
33
149.07179260253906
0
3DFACE
8
TERRAIN
10
5.017459392547607
20
11.437774658203125
30
149.60562133789062
11
6.020950794219971
21
12.477572441101074
31
149.07179260253906
12
5.017459392547607
22
12.477572441101074
32
148.97532653808594
13
5.017459392547607
23
12.477572441101074
33
148.97532653808594
0
3DFACE
8
TERRAIN
10
6.020950794219971
20
11.437774658203125
30
149.66261291503906
11
7.024442672729492
21
11.437774658203125
31
149.72584533691406
12
7.024442672729492
22
12.477572441101074
32
149.0404815673828
13
7.024442672729492
23
12.477572441101074
33
149.0404815673828
0
3DFACE
8
TERRAIN
10
6.020950794219971
20
11.437774658203125
30
149.66261291503906
11
7.024442672729492
21
12.477572441101074
31
149.0404815673828
12
6.020950794219971
22
12.477572441101074
32
149.07179260253906
13
6.020950794219971
23
12.477572441101074
33
149.07179260253906
0
3DFACE
8
TERRAIN
10
7.024442672729492
20
11.437774658203125
30
149.72584533691406
11
8.027935028076172
21
11.437774658203125
31
149.72508239746094
12
8.027935028076172
22
12.477572441101074
32
149.00035095214844
13
8.027935028076172
23
12.477572441101074
33
149.00035095214844
0
3DFACE
8
TERRAIN
10
7.024442672729492
20
11.437774658203125
30
149.72584533691406
11
8.027935028076172
21
12.477572441101074
31
149.00035095214844
12
7.024442672729492
22
12.477572441101074
32
149.0404815673828
13
7.024442672729492
23
12.477572441101074
33
149.0404815673828
0
3DFACE
8
TERRAIN
10
8.027935028076172
20
11.437774658203125
30
149.72508239746094
11
9.031426429748535
21
11.437774658203125
31
149.71978759765625
12
9.031426429748535
22
12.477572441101074
32
149.07260131835938
13
9.031426429748535
23
12.477572441101074
33
149.07260131835938
0
3DFACE
8
TERRAIN
10
8.027935028076172
20
11.437774658203125
30
149.72508239746094
11
9.031426429748535
21
12.477572441101074
31
149.07260131835938
12
8.027935028076172
22
12.477572441101074
32
149.00035095214844
13
8.027935028076172
23
12.477572441101074
33
149.00035095214844
0
3DFACE
8
TERRAIN
10
9.031426429748535
20
11.437774658203125
30
149.71978759765625
11
10.034918785095215
21
11.437774658203125
31
149.85096740722656
12
10.034918785095215
22
12.477572441101074
32
149.2683868408203
13
10.034918785095215
23
12.477572441101074
33
149.2683868408203
0
3DFACE
8
TERRAIN
10
9.031426429748535
20
11.437774658203125
30
149.71978759765625
11
10.034918785095215
21
12.477572441101074
31
149.2683868408203
12
9.031426429748535
22
12.477572441101074
32
149.07260131835938
13
9.031426429748535
23
12.477572441101074
33
149.07260131835938
0
3DFACE
8
TERRAIN
10
10.034918785095215
20
11.437774658203125
30
149.85096740722656
11
11.038410186767578
21
11.437774658203125
31
149.9943389892578
12
11.038410186767578
22
12.477572441101074
32
149.42031860351562
13
11.038410186767578
23
12.477572441101074
33
149.42031860351562
0
3DFACE
8
TERRAIN
10
10.034918785095215
20
11.437774658203125
30
149.85096740722656
11
11.038410186767578
21
12.477572441101074
31
149.42031860351562
12
10.034918785095215
22
12.477572441101074
32
149.2683868408203
13
10.034918785095215
23
12.477572441101074
33
149.2683868408203
0
3DFACE
8
TERRAIN
10
11.038410186767578
20
11.437774658203125
30
149.9943389892578
11
12.041901588439941
21
11.437774658203125
31
150.10165405273438
12
12.041901588439941
22
12.477572441101074
32
149.53872680664062
13
12.041901588439941
23
12.477572441101074
33
149.53872680664062
0
3DFACE
8
TERRAIN
10
11.038410186767578
20
11.437774658203125
30
149.9943389892578
11
12.041901588439941
21
12.477572441101074
31
149.53872680664062
12
11.038410186767578
22
12.477572441101074
32
149.42031860351562
13
11.038410186767578
23
12.477572441101074
33
149.42031860351562
0
3DFACE
8
TERRAIN
10
12.041901588439941
20
11.437774658203125
30
150.10165405273438
11
13.045393943786621
21
11.437774658203125
31
150.19012451171875
12
13.045393943786621
22
12.477572441101074
32
149.6917266845703
13
13.045393943786621
23
12.477572441101074
33
149.6917266845703
0
3DFACE
8
TERRAIN
10
12.041901588439941
20
11.437774658203125
30
150.10165405273438
11
13.045393943786621
21
12.477572441101074
31
149.6917266845703
12
12.041901588439941
22
12.477572441101074
32
149.53872680664062
13
12.041901588439941
23
12.477572441101074
33
149.53872680664062
0
3DFACE
8
TERRAIN
10
13.045393943786621
20
11.437774658203125
30
150.19012451171875
11
14.048885345458984
21
11.437774658203125
31
150.24456787109375
12
14.048885345458984
22
12.477572441101074
32
149.77301025390625
13
14.048885345458984
23
12.477572441101074
33
149.77301025390625
0
3DFACE
8
TERRAIN
10
13.045393943786621
20
11.437774658203125
30
150.19012451171875
11
14.048885345458984
21
12.477572441101074
31
149.77301025390625
12
13.045393943786621
22
12.477572441101074
32
149.6917266845703
13
13.045393943786621
23
12.477572441101074
33
149.6917266845703
0
3DFACE
8
TERRAIN
10
14.048885345458984
20
11.437774658203125
30
150.24456787109375
11
15.052377700805664
21
11.437774658203125
31
150.27951049804688
12
15.052377700805664
22
12.477572441101074
32
149.84280395507812
13
15.052377700805664
23
12.477572441101074
33
149.84280395507812
0
3DFACE
8
TERRAIN
10
14.048885345458984
20
11.437774658203125
30
150.24456787109375
11
15.052377700805664
21
12.477572441101074
31
149.84280395507812
12
14.048885345458984
22
12.477572441101074
32
149.77301025390625
13
14.048885345458984
23
12.477572441101074
33
149.77301025390625
0
3DFACE
8
TERRAIN
10
15.052377700805664
20
11.437774658203125
30
150.27951049804688
11
16.055870056152344
21
11.437774658203125
31
150.33871459960938
12
16.055870056152344
22
12.477572441101074
32
149.94033813476562
13
16.055870056152344
23
12.477572441101074
33
149.94033813476562
0
3DFACE
8
TERRAIN
10
15.052377700805664
20
11.437774658203125
30
150.27951049804688
11
16.055870056152344
21
12.477572441101074
31
149.94033813476562
12
15.052377700805664
22
12.477572441101074
32
149.84280395507812
13
15.052377700805664
23
12.477572441101074
33
149.84280395507812
0
3DFACE
8
TERRAIN
10
16.055870056152344
20
11.437774658203125
30
150.33871459960938
11
17.05936050415039
21
11.437774658203125
31
150.3990936279297
12
17.05936050415039
22
12.477572441101074
32
150.04647827148438
13
17.05936050415039
23
12.477572441101074
33
150.04647827148438
0
3DFACE
8
TERRAIN
10
16.055870056152344
20
11.437774658203125
30
150.33871459960938
11
17.05936050415039
21
12.477572441101074
31
150.04647827148438
12
16.055870056152344
22
12.477572441101074
32
149.94033813476562
13
16.055870056152344
23
12.477572441101074
33
149.94033813476562
0
3DFACE
8
TERRAIN
10
17.05936050415039
20
11.437774658203125
30
150.3990936279297
11
18.06285285949707
21
11.437774658203125
31
150.40818786621094
12
18.06285285949707
22
12.477572441101074
32
150.1231231689453
13
18.06285285949707
23
12.477572441101074
33
150.1231231689453
0
3DFACE
8
TERRAIN
10
17.05936050415039
20
11.437774658203125
30
150.3990936279297
11
18.06285285949707
21
12.477572441101074
31
150.1231231689453
12
17.05936050415039
22
12.477572441101074
32
150.04647827148438
13
17.05936050415039
23
12.477572441101074
33
150.04647827148438
0
3DFACE
8
TERRAIN
10
18.06285285949707
20
11.437774658203125
30
150.40818786621094
11
19.06634521484375
21
11.437774658203125
31
150.4008026123047
12
19.06634521484375
22
12.477572441101074
32
150.17120361328125
13
19.06634521484375
23
12.477572441101074
33
150.17120361328125
0
3DFACE
8
TERRAIN
10
18.06285285949707
20
11.437774658203125
30
150.40818786621094
11
19.06634521484375
21
12.477572441101074
31
150.17120361328125
12
18.06285285949707
22
12.477572441101074
32
150.1231231689453
13
18.06285285949707
23
12.477572441101074
33
150.1231231689453
0
3DFACE
8
TERRAIN
10
19.06634521484375
20
11.437774658203125
30
150.4008026123047
11
20.06983757019043
21
11.437774658203125
31
150.32948303222656
12
20.06983757019043
22
12.477572441101074
32
150.17807006835938
13
20.06983757019043
23
12.477572441101074
33
150.17807006835938
0
3DFACE
8
TERRAIN
10
19.06634521484375
20
11.437774658203125
30
150.4008026123047
11
20.06983757019043
21
12.477572441101074
31
150.17807006835938
12
19.06634521484375
22
12.477572441101074
32
150.17120361328125
13
19.06634521484375
23
12.477572441101074
33
150.17120361328125
0
3DFACE
8
TERRAIN
10
20.06983757019043
20
11.437774658203125
30
150.32948303222656
11
21.073328018188477
21
11.437774658203125
31
150.05267333984375
12
21.073328018188477
22
12.477572441101074
32
150.0605926513672
13
21.073328018188477
23
12.477572441101074
33
150.0605926513672
0
3DFACE
8
TERRAIN
10
20.06983757019043
20
11.437774658203125
30
150.32948303222656
11
21.073328018188477
21
12.477572441101074
31
150.0605926513672
12
20.06983757019043
22
12.477572441101074
32
150.17807006835938
13
20.06983757019043
23
12.477572441101074
33
150.17807006835938
0
3DFACE
8
TERRAIN
10
21.073328018188477
20
11.437774658203125
30
150.05267333984375
11
22.076820373535156
21
11.437774658203125
31
149.56585693359375
12
22.076820373535156
22
12.477572441101074
32
149.61651611328125
13
22.076820373535156
23
12.477572441101074
33
149.61651611328125
0
3DFACE
8
TERRAIN
10
21.073328018188477
20
11.437774658203125
30
150.05267333984375
11
22.076820373535156
21
12.477572441101074
31
149.61651611328125
12
21.073328018188477
22
12.477572441101074
32
150.0605926513672
13
21.073328018188477
23
12.477572441101074
33
150.0605926513672
0
3DFACE
8
TERRAIN
10
22.076820373535156
20
11.437774658203125
30
149.56585693359375
11
23.080312728881836
21
11.437774658203125
31
149.04446411132812
12
23.080312728881836
22
12.477572441101074
32
149.18856811523438
13
23.080312728881836
23
12.477572441101074
33
149.18856811523438
0
3DFACE
8
TERRAIN
10
22.076820373535156
20
11.437774658203125
30
149.56585693359375
11
23.080312728881836
21
12.477572441101074
31
149.18856811523438
12
22.076820373535156
22
12.477572441101074
32
149.61651611328125
13
22.076820373535156
23
12.477572441101074
33
149.61651611328125
0
3DFACE
8
TERRAIN
10
23.080312728881836
20
11.437774658203125
30
149.04446411132812
11
24.083803176879883
21
11.437774658203125
31
148.4613800048828
12
24.083803176879883
22
12.477572441101074
32
148.6582489013672
13
24.083803176879883
23
12.477572441101074
33
148.6582489013672
0
3DFACE
8
TERRAIN
10
23.080312728881836
20
11.437774658203125
30
149.04446411132812
11
24.083803176879883
21
12.477572441101074
31
148.6582489013672
12
23.080312728881836
22
12.477572441101074
32
149.18856811523438
13
23.080312728881836
23
12.477572441101074
33
149.18856811523438
0
3DFACE
8
TERRAIN
10
24.083803176879883
20
11.437774658203125
30
148.4613800048828
11
25.087295532226562
21
11.437774658203125
31
147.84494018554688
12
25.087295532226562
22
12.477572441101074
32
148.02816772460938
13
25.087295532226562
23
12.477572441101074
33
148.02816772460938
0
3DFACE
8
TERRAIN
10
24.083803176879883
20
11.437774658203125
30
148.4613800048828
11
25.087295532226562
21
12.477572441101074
31
148.02816772460938
12
24.083803176879883
22
12.477572441101074
32
148.6582489013672
13
24.083803176879883
23
12.477572441101074
33
148.6582489013672
0
3DFACE
8
TERRAIN
10
25.087295532226562
20
11.437774658203125
30
147.84494018554688
11
26.090787887573242
21
11.437774658203125
31
147.32672119140625
12
26.090787887573242
22
12.477572441101074
32
147.3773193359375
13
26.090787887573242
23
12.477572441101074
33
147.3773193359375
0
3DFACE
8
TERRAIN
10
25.087295532226562
20
11.437774658203125
30
147.84494018554688
11
26.090787887573242
21
12.477572441101074
31
147.3773193359375
12
25.087295532226562
22
12.477572441101074
32
148.02816772460938
13
25.087295532226562
23
12.477572441101074
33
148.02816772460938
0
3DFACE
8
TERRAIN
10
26.090787887573242
20
11.437774658203125
30
147.32672119140625
11
27.094280242919922
21
11.437774658203125
31
146.85400390625
12
27.094280242919922
22
12.477572441101074
32
146.81138610839844
13
27.094280242919922
23
12.477572441101074
33
146.81138610839844
0
3DFACE
8
TERRAIN
10
26.090787887573242
20
11.437774658203125
30
147.32672119140625
11
27.094280242919922
21
12.477572441101074
31
146.81138610839844
12
26.090787887573242
22
12.477572441101074
32
147.3773193359375
13
26.090787887573242
23
12.477572441101074
33
147.3773193359375
0
3DFACE
8
TERRAIN
10
27.094280242919922
20
11.437774658203125
30
146.85400390625
11
28.09777069091797
21
11.437774658203125
31
146.4910888671875
12
28.09777069091797
22
12.477572441101074
32
146.30877685546875
13
28.09777069091797
23
12.477572441101074
33
146.30877685546875
0
3DFACE
8
TERRAIN
10
27.094280242919922
20
11.437774658203125
30
146.85400390625
11
28.09777069091797
21
12.477572441101074
31
146.30877685546875
12
27.094280242919922
22
12.477572441101074
32
146.81138610839844
13
27.094280242919922
23
12.477572441101074
33
146.81138610839844
0
3DFACE
8
TERRAIN
10
28.09777069091797
20
11.437774658203125
30
146.4910888671875
11
29.10126304626465
21
11.437774658203125
31
146.4219970703125
12
29.10126304626465
22
12.477572441101074
32
146.21786499023438
13
29.10126304626465
23
12.477572441101074
33
146.21786499023438
0
3DFACE
8
TERRAIN
10
28.09777069091797
20
11.437774658203125
30
146.4910888671875
11
29.10126304626465
21
12.477572441101074
31
146.21786499023438
12
28.09777069091797
22
12.477572441101074
32
146.30877685546875
13
28.09777069091797
23
12.477572441101074
33
146.30877685546875
0
3DFACE
8
TERRAIN
10
29.10126304626465
20
11.437774658203125
30
146.4219970703125
11
30.104755401611328
21
11.437774658203125
31
146.6437530517578
12
30.104755401611328
22
12.477572441101074
32
146.38668823242188
13
30.104755401611328
23
12.477572441101074
33
146.38668823242188
0
3DFACE
8
TERRAIN
10
29.10126304626465
20
11.437774658203125
30
146.4219970703125
11
30.104755401611328
21
12.477572441101074
31
146.38668823242188
12
29.10126304626465
22
12.477572441101074
32
146.21786499023438
13
29.10126304626465
23
12.477572441101074
33
146.21786499023438
0
3DFACE
8
TERRAIN
10
30.104755401611328
20
11.437774658203125
30
146.6437530517578
11
31.108245849609375
21
11.437774658203125
31
147.1136016845703
12
31.108245849609375
22
12.477572441101074
32
146.8269500732422
13
31.108245849609375
23
12.477572441101074
33
146.8269500732422
0
3DFACE
8
TERRAIN
10
30.104755401611328
20
11.437774658203125
30
146.6437530517578
11
31.108245849609375
21
12.477572441101074
31
146.8269500732422
12
30.104755401611328
22
12.477572441101074
32
146.38668823242188
13
30.104755401611328
23
12.477572441101074
33
146.38668823242188
0
3DFACE
8
TERRAIN
10
31.108245849609375
20
11.437774658203125
30
147.1136016845703
11
32.11174011230469
21
11.437774658203125
31
147.56114196777344
12
32.11174011230469
22
12.477572441101074
32
147.27915954589844
13
32.11174011230469
23
12.477572441101074
33
147.27915954589844
0
3DFACE
8
TERRAIN
10
31.108245849609375
20
11.437774658203125
30
147.1136016845703
11
32.11174011230469
21
12.477572441101074
31
147.27915954589844
12
31.108245849609375
22
12.477572441101074
32
146.8269500732422
13
31.108245849609375
23
12.477572441101074
33
146.8269500732422
0
3DFACE
8
TERRAIN
10
32.11174011230469
20
11.437774658203125
30
147.56114196777344
11
33.115230560302734
21
11.437774658203125
31
148.03482055664062
12
33.115230560302734
22
12.477572441101074
32
147.7749481201172
13
33.115230560302734
23
12.477572441101074
33
147.7749481201172
0
3DFACE
8
TERRAIN
10
32.11174011230469
20
11.437774658203125
30
147.56114196777344
11
33.115230560302734
21
12.477572441101074
31
147.7749481201172
12
32.11174011230469
22
12.477572441101074
32
147.27915954589844
13
32.11174011230469
23
12.477572441101074
33
147.27915954589844
0
3DFACE
8
TERRAIN
10
33.115230560302734
20
11.437774658203125
30
148.03482055664062
11
34.11872100830078
21
11.437774658203125
31
148.41690063476562
12
34.11872100830078
22
12.477572441101074
32
148.1811065673828
13
34.11872100830078
23
12.477572441101074
33
148.1811065673828
0
3DFACE
8
TERRAIN
10
33.115230560302734
20
11.437774658203125
30
148.03482055664062
11
34.11872100830078
21
12.477572441101074
31
148.1811065673828
12
33.115230560302734
22
12.477572441101074
32
147.7749481201172
13
33.115230560302734
23
12.477572441101074
33
147.7749481201172
0
3DFACE
8
TERRAIN
10
34.11872100830078
20
11.437774658203125
30
148.41690063476562
11
35.122215270996094
21
11.437774658203125
31
148.87120056152344
12
35.122215270996094
22
12.477572441101074
32
148.61715698242188
13
35.122215270996094
23
12.477572441101074
33
148.61715698242188
0
3DFACE
8
TERRAIN
10
34.11872100830078
20
11.437774658203125
30
148.41690063476562
11
35.122215270996094
21
12.477572441101074
31
148.61715698242188
12
34.11872100830078
22
12.477572441101074
32
148.1811065673828
13
34.11872100830078
23
12.477572441101074
33
148.1811065673828
0
3DFACE
8
TERRAIN
10
35.122215270996094
20
11.437774658203125
30
148.87120056152344
11
36.12570571899414
21
11.437774658203125
31
149.06356811523438
12
36.12570571899414
22
12.477572441101074
32
148.85153198242188
13
36.12570571899414
23
12.477572441101074
33
148.85153198242188
0
3DFACE
8
TERRAIN
10
35.122215270996094
20
11.437774658203125
30
148.87120056152344
11
36.12570571899414
21
12.477572441101074
31
148.85153198242188
12
35.122215270996094
22
12.477572441101074
32
148.61715698242188
13
35.122215270996094
23
12.477572441101074
33
148.61715698242188
0
3DFACE
8
TERRAIN
10
36.12570571899414
20
11.437774658203125
30
149.06356811523438
11
37.12919616699219
21
11.437774658203125
31
148.89418029785156
12
37.12919616699219
22
12.477572441101074
32
148.6689910888672
13
37.12919616699219
23
12.477572441101074
33
148.6689910888672
0
3DFACE
8
TERRAIN
10
36.12570571899414
20
11.437774658203125
30
149.06356811523438
11
37.12919616699219
21
12.477572441101074
31
148.6689910888672
12
36.12570571899414
22
12.477572441101074
32
148.85153198242188
13
36.12570571899414
23
12.477572441101074
33
148.85153198242188
0
3DFACE
8
TERRAIN
10
37.12919616699219
20
11.437774658203125
30
148.89418029785156
11
38.1326904296875
21
11.437774658203125
31
148.4924774169922
12
38.1326904296875
22
12.477572441101074
32
148.23533630371094
13
38.1326904296875
23
12.477572441101074
33
148.23533630371094
0
3DFACE
8
TERRAIN
10
37.12919616699219
20
11.437774658203125
30
148.89418029785156
11
38.1326904296875
21
12.477572441101074
31
148.23533630371094
12
37.12919616699219
22
12.477572441101074
32
148.6689910888672
13
37.12919616699219
23
12.477572441101074
33
148.6689910888672
0
3DFACE
8
TERRAIN
10
38.1326904296875
20
11.437774658203125
30
148.4924774169922
11
39.13618087768555
21
11.437774658203125
31
148.0609588623047
12
39.13618087768555
22
12.477572441101074
32
147.82040405273438
13
39.13618087768555
23
12.477572441101074
33
147.82040405273438
0
3DFACE
8
TERRAIN
10
38.1326904296875
20
11.437774658203125
30
148.4924774169922
11
39.13618087768555
21
12.477572441101074
31
147.82040405273438
12
38.1326904296875
22
12.477572441101074
32
148.23533630371094
13
38.1326904296875
23
12.477572441101074
33
148.23533630371094
0
3DFACE
8
TERRAIN
10
39.13618087768555
20
11.437774658203125
30
148.0609588623047
11
40.13967514038086
21
11.437774658203125
31
147.5798797607422
12
40.13967514038086
22
12.477572441101074
32
147.24334716796875
13
40.13967514038086
23
12.477572441101074
33
147.24334716796875
0
3DFACE
8
TERRAIN
10
39.13618087768555
20
11.437774658203125
30
148.0609588623047
11
40.13967514038086
21
12.477572441101074
31
147.24334716796875
12
39.13618087768555
22
12.477572441101074
32
147.82040405273438
13
39.13618087768555
23
12.477572441101074
33
147.82040405273438
0
3DFACE
8
TERRAIN
10
40.13967514038086
20
11.437774658203125
30
147.5798797607422
11
41.143165588378906
21
11.437774658203125
31
146.93539428710938
12
41.143165588378906
22
12.477572441101074
32
146.7448272705078
13
41.143165588378906
23
12.477572441101074
33
146.7448272705078
0
3DFACE
8
TERRAIN
10
40.13967514038086
20
11.437774658203125
30
147.5798797607422
11
41.143165588378906
21
12.477572441101074
31
146.7448272705078
12
40.13967514038086
22
12.477572441101074
32
147.24334716796875
13
40.13967514038086
23
12.477572441101074
33
147.24334716796875
0
3DFACE
8
TERRAIN
10
41.143165588378906
20
11.437774658203125
30
146.93539428710938
11
42.14665603637695
21
11.437774658203125
31
146.8058624267578
12
42.14665603637695
22
12.477572441101074
32
146.8243865966797
13
42.14665603637695
23
12.477572441101074
33
146.8243865966797
0
3DFACE
8
TERRAIN
10
41.143165588378906
20
11.437774658203125
30
146.93539428710938
11
42.14665603637695
21
12.477572441101074
31
146.8243865966797
12
41.143165588378906
22
12.477572441101074
32
146.7448272705078
13
41.143165588378906
23
12.477572441101074
33
146.7448272705078
0
3DFACE
8
TERRAIN
10
42.14665603637695
20
11.437774658203125
30
146.8058624267578
11
43.150150299072266
21
11.437774658203125
31
147.01351928710938
12
43.150150299072266
22
12.477572441101074
32
147.09912109375
13
43.150150299072266
23
12.477572441101074
33
147.09912109375
0
3DFACE
8
TERRAIN
10
42.14665603637695
20
11.437774658203125
30
146.8058624267578
11
43.150150299072266
21
12.477572441101074
31
147.09912109375
12
42.14665603637695
22
12.477572441101074
32
146.8243865966797
13
42.14665603637695
23
12.477572441101074
33
146.8243865966797
0
3DFACE
8
TERRAIN
10
43.150150299072266
20
11.437774658203125
30
147.01351928710938
11
44.15364074707031
21
11.437774658203125
31
147.24139404296875
12
44.15364074707031
22
12.477572441101074
32
147.44256591796875
13
44.15364074707031
23
12.477572441101074
33
147.44256591796875
0
3DFACE
8
TERRAIN
10
43.150150299072266
20
11.437774658203125
30
147.01351928710938
11
44.15364074707031
21
12.477572441101074
31
147.44256591796875
12
43.150150299072266
22
12.477572441101074
32
147.09912109375
13
43.150150299072266
23
12.477572441101074
33
147.09912109375
0
3DFACE
8
TERRAIN
10
44.15364074707031
20
11.437774658203125
30
147.24139404296875
11
45.15713119506836
21
11.437774658203125
31
147.4765167236328
12
45.15713119506836
22
12.477572441101074
32
147.7396697998047
13
45.15713119506836
23
12.477572441101074
33
147.7396697998047
0
3DFACE
8
TERRAIN
10
44.15364074707031
20
11.437774658203125
30
147.24139404296875
11
45.15713119506836
21
12.477572441101074
31
147.7396697998047
12
44.15364074707031
22
12.477572441101074
32
147.44256591796875
13
44.15364074707031
23
12.477572441101074
33
147.44256591796875
0
3DFACE
8
TERRAIN
10
0
20
10.397976875305176
30
149.9483642578125
11
1.0034918785095215
21
10.397976875305176
31
150.0208282470703
12
1.0034918785095215
22
11.437774658203125
32
149.6082305908203
13
1.0034918785095215
23
11.437774658203125
33
149.6082305908203
0
3DFACE
8
TERRAIN
10
0
20
10.397976875305176
30
149.9483642578125
11
1.0034918785095215
21
11.437774658203125
31
149.6082305908203
12
0
22
11.437774658203125
32
149.63026428222656
13
0
23
11.437774658203125
33
149.63026428222656
0
3DFACE
8
TERRAIN
10
1.0034918785095215
20
10.397976875305176
30
150.0208282470703
11
2.006983757019043
21
10.397976875305176
31
150.04835510253906
12
2.006983757019043
22
11.437774658203125
32
149.52392578125
13
2.006983757019043
23
11.437774658203125
33
149.52392578125
0
3DFACE
8
TERRAIN
10
1.0034918785095215
20
10.397976875305176
30
150.0208282470703
11
2.006983757019043
21
11.437774658203125
31
149.52392578125
12
1.0034918785095215
22
11.437774658203125
32
149.6082305908203
13
1.0034918785095215
23
11.437774658203125
33
149.6082305908203
0
3DFACE
8
TERRAIN
10
2.006983757019043
20
10.397976875305176
30
150.04835510253906
11
3.0104753971099854
21
10.397976875305176
31
150.06190490722656
12
3.0104753971099854
22
11.437774658203125
32
149.5235137939453
13
3.0104753971099854
23
11.437774658203125
33
149.5235137939453
0
3DFACE
8
TERRAIN
10
2.006983757019043
20
10.397976875305176
30
150.04835510253906
11
3.0104753971099854
21
11.437774658203125
31
149.5235137939453
12
2.006983757019043
22
11.437774658203125
32
149.52392578125
13
2.006983757019043
23
11.437774658203125
33
149.52392578125
0
3DFACE
8
TERRAIN
10
3.0104753971099854
20
10.397976875305176
30
150.06190490722656
11
4.013967514038086
21
10.397976875305176
31
150.09600830078125
12
4.013967514038086
22
11.437774658203125
32
149.570556640625
13
4.013967514038086
23
11.437774658203125
33
149.570556640625
0
3DFACE
8
TERRAIN
10
3.0104753971099854
20
10.397976875305176
30
150.06190490722656
11
4.013967514038086
21
11.437774658203125
31
149.570556640625
12
3.0104753971099854
22
11.437774658203125
32
149.5235137939453
13
3.0104753971099854
23
11.437774658203125
33
149.5235137939453
0
3DFACE
8
TERRAIN
10
4.013967514038086
20
10.397976875305176
30
150.09600830078125
11
5.017459392547607
21
10.397976875305176
31
150.13583374023438
12
5.017459392547607
22
11.437774658203125
32
149.60562133789062
13
5.017459392547607
23
11.437774658203125
33
149.60562133789062
0
3DFACE
8
TERRAIN
10
4.013967514038086
20
10.397976875305176
30
150.09600830078125
11
5.017459392547607
21
11.437774658203125
31
149.60562133789062
12
4.013967514038086
22
11.437774658203125
32
149.570556640625
13
4.013967514038086
23
11.437774658203125
33
149.570556640625
0
3DFACE
8
TERRAIN
10
5.017459392547607
20
10.397976875305176
30
150.13583374023438
11
6.020950794219971
21
10.397976875305176
31
150.19577026367188
12
6.020950794219971
22
11.437774658203125
32
149.66261291503906
13
6.020950794219971
23
11.437774658203125
33
149.66261291503906
0
3DFACE
8
TERRAIN
10
5.017459392547607
20
10.397976875305176
30
150.13583374023438
11
6.020950794219971
21
11.437774658203125
31
149.66261291503906
12
5.017459392547607
22
11.437774658203125
32
149.60562133789062
13
5.017459392547607
23
11.437774658203125
33
149.60562133789062
0
3DFACE
8
TERRAIN
10
6.020950794219971
20
10.397976875305176
30
150.19577026367188
11
7.024442672729492
21
10.397976875305176
31
150.2467498779297
12
7.024442672729492
22
11.437774658203125
32
149.72584533691406
13
7.024442672729492
23
11.437774658203125
33
149.72584533691406
0
3DFACE
8
TERRAIN
10
6.020950794219971
20
10.397976875305176
30
150.19577026367188
11
7.024442672729492
21
11.437774658203125
31
149.72584533691406
12
6.020950794219971
22
11.437774658203125
32
149.66261291503906
13
6.020950794219971
23
11.437774658203125
33
149.66261291503906
0
3DFACE
8
TERRAIN
10
7.024442672729492
20
10.397976875305176
30
150.2467498779297
11
8.027935028076172
21
10.397976875305176
31
150.25958251953125
12
8.027935028076172
22
11.437774658203125
32
149.72508239746094
13
8.027935028076172
23
11.437774658203125
33
149.72508239746094
0
3DFACE
8
TERRAIN
10
7.024442672729492
20
10.397976875305176
30
150.2467498779297
11
8.027935028076172
21
11.437774658203125
31
149.72508239746094
12
7.024442672729492
22
11.437774658203125
32
149.72584533691406
13
7.024442672729492
23
11.437774658203125
33
149.72584533691406
0
3DFACE
8
TERRAIN
10
8.027935028076172
20
10.397976875305176
30
150.25958251953125
11
9.031426429748535
21
10.397976875305176
31
150.2684783935547
12
9.031426429748535
22
11.437774658203125
32
149.71978759765625
13
9.031426429748535
23
11.437774658203125
33
149.71978759765625
0
3DFACE
8
TERRAIN
10
8.027935028076172
20
10.397976875305176
30
150.25958251953125
11
9.031426429748535
21
11.437774658203125
31
149.71978759765625
12
8.027935028076172
22
11.437774658203125
32
149.72508239746094
13
8.027935028076172
23
11.437774658203125
33
149.72508239746094
0
3DFACE
8
TERRAIN
10
9.031426429748535
20
10.397976875305176
30
150.2684783935547
11
10.034918785095215
21
10.397976875305176
31
150.3206329345703
12
10.034918785095215
22
11.437774658203125
32
149.85096740722656
13
10.034918785095215
23
11.437774658203125
33
149.85096740722656
0
3DFACE
8
TERRAIN
10
9.031426429748535
20
10.397976875305176
30
150.2684783935547
11
10.034918785095215
21
11.437774658203125
31
149.85096740722656
12
9.031426429748535
22
11.437774658203125
32
149.71978759765625
13
9.031426429748535
23
11.437774658203125
33
149.71978759765625
0
3DFACE
8
TERRAIN
10
10.034918785095215
20
10.397976875305176
30
150.3206329345703
11
11.038410186767578
21
10.397976875305176
31
150.40782165527344
12
11.038410186767578
22
11.437774658203125
32
149.9943389892578
13
11.038410186767578
23
11.437774658203125
33
149.9943389892578
0
3DFACE
8
TERRAIN
10
10.034918785095215
20
10.397976875305176
30
150.3206329345703
11
11.038410186767578
21
11.437774658203125
31
149.9943389892578
12
10.034918785095215
22
11.437774658203125
32
149.85096740722656
13
10.034918785095215
23
11.437774658203125
33
149.85096740722656
0
3DFACE
8
TERRAIN
10
11.038410186767578
20
10.397976875305176
30
150.40782165527344
11
12.041901588439941
21
10.397976875305176
31
150.48187255859375
12
12.041901588439941
22
11.437774658203125
32
150.10165405273438
13
12.041901588439941
23
11.437774658203125
33
150.10165405273438
0
3DFACE
8
TERRAIN
10
11.038410186767578
20
10.397976875305176
30
150.40782165527344
11
12.041901588439941
21
11.437774658203125
31
150.10165405273438
12
11.038410186767578
22
11.437774658203125
32
149.9943389892578
13
11.038410186767578
23
11.437774658203125
33
149.9943389892578
0
3DFACE
8
TERRAIN
10
12.041901588439941
20
10.397976875305176
30
150.48187255859375
11
13.045393943786621
21
10.397976875305176
31
150.54296875
12
13.045393943786621
22
11.437774658203125
32
150.19012451171875
13
13.045393943786621
23
11.437774658203125
33
150.19012451171875
0
3DFACE
8
TERRAIN
10
12.041901588439941
20
10.397976875305176
30
150.48187255859375
11
13.045393943786621
21
11.437774658203125
31
150.19012451171875
12
12.041901588439941
22
11.437774658203125
32
150.10165405273438
13
12.041901588439941
23
11.437774658203125
33
150.10165405273438
0
3DFACE
8
TERRAIN
10
13.045393943786621
20
10.397976875305176
30
150.54296875
11
14.048885345458984
21
10.397976875305176
31
150.58848571777344
12
14.048885345458984
22
11.437774658203125
32
150.24456787109375
13
14.048885345458984
23
11.437774658203125
33
150.24456787109375
0
3DFACE
8
TERRAIN
10
13.045393943786621
20
10.397976875305176
30
150.54296875
11
14.048885345458984
21
11.437774658203125
31
150.24456787109375
12
13.045393943786621
22
11.437774658203125
32
150.19012451171875
13
13.045393943786621
23
11.437774658203125
33
150.19012451171875
0
3DFACE
8
TERRAIN
10
14.048885345458984
20
10.397976875305176
30
150.58848571777344
11
15.052377700805664
21
10.397976875305176
31
150.5936279296875
12
15.052377700805664
22
11.437774658203125
32
150.27951049804688
13
15.052377700805664
23
11.437774658203125
33
150.27951049804688
0
3DFACE
8
TERRAIN
10
14.048885345458984
20
10.397976875305176
30
150.58848571777344
11
15.052377700805664
21
11.437774658203125
31
150.27951049804688
12
14.048885345458984
22
11.437774658203125
32
150.24456787109375
13
14.048885345458984
23
11.437774658203125
33
150.24456787109375
0
3DFACE
8
TERRAIN
10
15.052377700805664
20
10.397976875305176
30
150.5936279296875
11
16.055870056152344
21
10.397976875305176
31
150.59169006347656
12
16.055870056152344
22
11.437774658203125
32
150.33871459960938
13
16.055870056152344
23
11.437774658203125
33
150.33871459960938
0
3DFACE
8
TERRAIN
10
15.052377700805664
20
10.397976875305176
30
150.5936279296875
11
16.055870056152344
21
11.437774658203125
31
150.33871459960938
12
15.052377700805664
22
11.437774658203125
32
150.27951049804688
13
15.052377700805664
23
11.437774658203125
33
150.27951049804688
0
3DFACE
8
TERRAIN
10
16.055870056152344
20
10.397976875305176
30
150.59169006347656
11
17.05936050415039
21
10.397976875305176
31
150.60833740234375
12
17.05936050415039
22
11.437774658203125
32
150.3990936279297
13
17.05936050415039
23
11.437774658203125
33
150.3990936279297
0
3DFACE
8
TERRAIN
10
16.055870056152344
20
10.397976875305176
30
150.59169006347656
11
17.05936050415039
21
11.437774658203125
31
150.3990936279297
12
16.055870056152344
22
11.437774658203125
32
150.33871459960938
13
16.055870056152344
23
11.437774658203125
33
150.33871459960938
0
3DFACE
8
TERRAIN
10
17.05936050415039
20
10.397976875305176
30
150.60833740234375
11
18.06285285949707
21
10.397976875305176
31
150.5567626953125
12
18.06285285949707
22
11.437774658203125
32
150.40818786621094
13
18.06285285949707
23
11.437774658203125
33
150.40818786621094
0
3DFACE
8
TERRAIN
10
17.05936050415039
20
10.397976875305176
30
150.60833740234375
11
18.06285285949707
21
11.437774658203125
31
150.40818786621094
12
17.05936050415039
22
11.437774658203125
32
150.3990936279297
13
17.05936050415039
23
11.437774658203125
33
150.3990936279297
0
3DFACE
8
TERRAIN
10
18.06285285949707
20
10.397976875305176
30
150.5567626953125
11
19.06634521484375
21
10.397976875305176
31
150.49916076660156
12
19.06634521484375
22
11.437774658203125
32
150.4008026123047
13
19.06634521484375
23
11.437774658203125
33
150.4008026123047
0
3DFACE
8
TERRAIN
10
18.06285285949707
20
10.397976875305176
30
150.5567626953125
11
19.06634521484375
21
11.437774658203125
31
150.4008026123047
12
18.06285285949707
22
11.437774658203125
32
150.40818786621094
13
18.06285285949707
23
11.437774658203125
33
150.40818786621094
0
3DFACE
8
TERRAIN
10
19.06634521484375
20
10.397976875305176
30
150.49916076660156
11
20.06983757019043
21
10.397976875305176
31
150.3387908935547
12
20.06983757019043
22
11.437774658203125
32
150.32948303222656
13
20.06983757019043
23
11.437774658203125
33
150.32948303222656
0
3DFACE
8
TERRAIN
10
19.06634521484375
20
10.397976875305176
30
150.49916076660156
11
20.06983757019043
21
11.437774658203125
31
150.32948303222656
12
19.06634521484375
22
11.437774658203125
32
150.4008026123047
13
19.06634521484375
23
11.437774658203125
33
150.4008026123047
0
3DFACE
8
TERRAIN
10
20.06983757019043
20
10.397976875305176
30
150.3387908935547
11
21.073328018188477
21
10.397976875305176
31
149.99949645996094
12
21.073328018188477
22
11.437774658203125
32
150.05267333984375
13
21.073328018188477
23
11.437774658203125
33
150.05267333984375
0
3DFACE
8
TERRAIN
10
20.06983757019043
20
10.397976875305176
30
150.3387908935547
11
21.073328018188477
21
11.437774658203125
31
150.05267333984375
12
20.06983757019043
22
11.437774658203125
32
150.32948303222656
13
20.06983757019043
23
11.437774658203125
33
150.32948303222656
0
3DFACE
8
TERRAIN
10
21.073328018188477
20
10.397976875305176
30
149.99949645996094
11
22.076820373535156
21
10.397976875305176
31
149.5088653564453
12
22.076820373535156
22
11.437774658203125
32
149.56585693359375
13
22.076820373535156
23
11.437774658203125
33
149.56585693359375
0
3DFACE
8
TERRAIN
10
21.073328018188477
20
10.397976875305176
30
149.99949645996094
11
22.076820373535156
21
11.437774658203125
31
149.56585693359375
12
21.073328018188477
22
11.437774658203125
32
150.05267333984375
13
21.073328018188477
23
11.437774658203125
33
150.05267333984375
0
3DFACE
8
TERRAIN
10
22.076820373535156
20
10.397976875305176
30
149.5088653564453
11
23.080312728881836
21
10.397976875305176
31
148.95330810546875
12
23.080312728881836
22
11.437774658203125
32
149.04446411132812
13
23.080312728881836
23
11.437774658203125
33
149.04446411132812
0
3DFACE
8
TERRAIN
10
22.076820373535156
20
10.397976875305176
30
149.5088653564453
11
23.080312728881836
21
11.437774658203125
31
149.04446411132812
12
22.076820373535156
22
11.437774658203125
32
149.56585693359375
13
22.076820373535156
23
11.437774658203125
33
149.56585693359375
0
3DFACE
8
TERRAIN
10
23.080312728881836
20
10.397976875305176
30
148.95330810546875
11
24.083803176879883
21
10.397976875305176
31
148.39312744140625
12
24.083803176879883
22
11.437774658203125
32
148.4613800048828
13
24.083803176879883
23
11.437774658203125
33
148.4613800048828
0
3DFACE
8
TERRAIN
10
23.080312728881836
20
10.397976875305176
30
148.95330810546875
11
24.083803176879883
21
11.437774658203125
31
148.4613800048828
12
23.080312728881836
22
11.437774658203125
32
149.04446411132812
13
23.080312728881836
23
11.437774658203125
33
149.04446411132812
0
3DFACE
8
TERRAIN
10
24.083803176879883
20
10.397976875305176
30
148.39312744140625
11
25.087295532226562
21
10.397976875305176
31
147.7939453125
12
25.087295532226562
22
11.437774658203125
32
147.84494018554688
13
25.087295532226562
23
11.437774658203125
33
147.84494018554688
0
3DFACE
8
TERRAIN
10
24.083803176879883
20
10.397976875305176
30
148.39312744140625
11
25.087295532226562
21
11.437774658203125
31
147.84494018554688
12
24.083803176879883
22
11.437774658203125
32
148.4613800048828
13
24.083803176879883
23
11.437774658203125
33
148.4613800048828
0
3DFACE
8
TERRAIN
10
25.087295532226562
20
10.397976875305176
30
147.7939453125
11
26.090787887573242
21
10.397976875305176
31
147.31268310546875
12
26.090787887573242
22
11.437774658203125
32
147.32672119140625
13
26.090787887573242
23
11.437774658203125
33
147.32672119140625
0
3DFACE
8
TERRAIN
10
25.087295532226562
20
10.397976875305176
30
147.7939453125
11
26.090787887573242
21
11.437774658203125
31
147.32672119140625
12
25.087295532226562
22
11.437774658203125
32
147.84494018554688
13
25.087295532226562
23
11.437774658203125
33
147.84494018554688
0
3DFACE
8
TERRAIN
10
26.090787887573242
20
10.397976875305176
30
147.31268310546875
11
27.094280242919922
21
10.397976875305176
31
146.86477661132812
12
27.094280242919922
22
11.437774658203125
32
146.85400390625
13
27.094280242919922
23
11.437774658203125
33
146.85400390625
0
3DFACE
8
TERRAIN
10
26.090787887573242
20
10.397976875305176
30
147.31268310546875
11
27.094280242919922
21
11.437774658203125
31
146.85400390625
12
26.090787887573242
22
11.437774658203125
32
147.32672119140625
13
26.090787887573242
23
11.437774658203125
33
147.32672119140625
0
3DFACE
8
TERRAIN
10
27.094280242919922
20
10.397976875305176
30
146.86477661132812
11
28.09777069091797
21
10.397976875305176
31
146.58885192871094
12
28.09777069091797
22
11.437774658203125
32
146.4910888671875
13
28.09777069091797
23
11.437774658203125
33
146.4910888671875
0
3DFACE
8
TERRAIN
10
27.094280242919922
20
10.397976875305176
30
146.86477661132812
11
28.09777069091797
21
11.437774658203125
31
146.4910888671875
12
27.094280242919922
22
11.437774658203125
32
146.85400390625
13
27.094280242919922
23
11.437774658203125
33
146.85400390625
0
3DFACE
8
TERRAIN
10
28.09777069091797
20
10.397976875305176
30
146.58885192871094
11
29.10126304626465
21
10.397976875305176
31
146.6370391845703
12
29.10126304626465
22
11.437774658203125
32
146.4219970703125
13
29.10126304626465
23
11.437774658203125
33
146.4219970703125
0
3DFACE
8
TERRAIN
10
28.09777069091797
20
10.397976875305176
30
146.58885192871094
11
29.10126304626465
21
11.437774658203125
31
146.4219970703125
12
28.09777069091797
22
11.437774658203125
32
146.4910888671875
13
28.09777069091797
23
11.437774658203125
33
146.4910888671875
0
3DFACE
8
TERRAIN
10
29.10126304626465
20
10.397976875305176
30
146.6370391845703
11
30.104755401611328
21
10.397976875305176
31
146.9823760986328
12
30.104755401611328
22
11.437774658203125
32
146.6437530517578
13
30.104755401611328
23
11.437774658203125
33
146.6437530517578
0
3DFACE
8
TERRAIN
10
29.10126304626465
20
10.397976875305176
30
146.6370391845703
11
30.104755401611328
21
11.437774658203125
31
146.6437530517578
12
29.10126304626465
22
11.437774658203125
32
146.4219970703125
13
29.10126304626465
23
11.437774658203125
33
146.4219970703125
0
3DFACE
8
TERRAIN
10
30.104755401611328
20
10.397976875305176
30
146.9823760986328
11
31.108245849609375
21
10.397976875305176
31
147.3726043701172
12
31.108245849609375
22
11.437774658203125
32
147.1136016845703
13
31.108245849609375
23
11.437774658203125
33
147.1136016845703
0
3DFACE
8
TERRAIN
10
30.104755401611328
20
10.397976875305176
30
146.9823760986328
11
31.108245849609375
21
11.437774658203125
31
147.1136016845703
12
30.104755401611328
22
11.437774658203125
32
146.6437530517578
13
30.104755401611328
23
11.437774658203125
33
146.6437530517578
0
3DFACE
8
TERRAIN
10
31.108245849609375
20
10.397976875305176
30
147.3726043701172
11
32.11174011230469
21
10.397976875305176
31
147.82940673828125
12
32.11174011230469
22
11.437774658203125
32
147.56114196777344
13
32.11174011230469
23
11.437774658203125
33
147.56114196777344
0
3DFACE
8
TERRAIN
10
31.108245849609375
20
10.397976875305176
30
147.3726043701172
11
32.11174011230469
21
11.437774658203125
31
147.56114196777344
12
31.108245849609375
22
11.437774658203125
32
147.1136016845703
13
31.108245849609375
23
11.437774658203125
33
147.1136016845703
0
3DFACE
8
TERRAIN
10
32.11174011230469
20
10.397976875305176
30
147.82940673828125
11
33.115230560302734
21
10.397976875305176
31
148.2212371826172
12
33.115230560302734
22
11.437774658203125
32
148.03482055664062
13
33.115230560302734
23
11.437774658203125
33
148.03482055664062
0
3DFACE
8
TERRAIN
10
32.11174011230469
20
10.397976875305176
30
147.82940673828125
11
33.115230560302734
21
11.437774658203125
31
148.03482055664062
12
32.11174011230469
22
11.437774658203125
32
147.56114196777344
13
32.11174011230469
23
11.437774658203125
33
147.56114196777344
0
3DFACE
8
TERRAIN
10
33.115230560302734
20
10.397976875305176
30
148.2212371826172
11
34.11872100830078
21
10.397976875305176
31
148.6031036376953
12
34.11872100830078
22
11.437774658203125
32
148.41690063476562
13
34.11872100830078
23
11.437774658203125
33
148.41690063476562
0
3DFACE
8
TERRAIN
10
33.115230560302734
20
10.397976875305176
30
148.2212371826172
11
34.11872100830078
21
11.437774658203125
31
148.41690063476562
12
33.115230560302734
22
11.437774658203125
32
148.03482055664062
13
33.115230560302734
23
11.437774658203125
33
148.03482055664062
0
3DFACE
8
TERRAIN
10
34.11872100830078
20
10.397976875305176
30
148.6031036376953
11
35.122215270996094
21
10.397976875305176
31
148.967041015625
12
35.122215270996094
22
11.437774658203125
32
148.87120056152344
13
35.122215270996094
23
11.437774658203125
33
148.87120056152344
0
3DFACE
8
TERRAIN
10
34.11872100830078
20
10.397976875305176
30
148.6031036376953
11
35.122215270996094
21
11.437774658203125
31
148.87120056152344
12
34.11872100830078
22
11.437774658203125
32
148.41690063476562
13
34.11872100830078
23
11.437774658203125
33
148.41690063476562
0
3DFACE
8
TERRAIN
10
35.122215270996094
20
10.397976875305176
30
148.967041015625
11
36.12570571899414
21
10.397976875305176
31
149.2017364501953
12
36.12570571899414
22
11.437774658203125
32
149.06356811523438
13
36.12570571899414
23
11.437774658203125
33
149.06356811523438
0
3DFACE
8
TERRAIN
10
35.122215270996094
20
10.397976875305176
30
148.967041015625
11
36.12570571899414
21
11.437774658203125
31
149.06356811523438
12
35.122215270996094
22
11.437774658203125
32
148.87120056152344
13
35.122215270996094
23
11.437774658203125
33
148.87120056152344
0
3DFACE
8
TERRAIN
10
36.12570571899414
20
10.397976875305176
30
149.2017364501953
11
37.12919616699219
21
10.397976875305176
31
149.03346252441406
12
37.12919616699219
22
11.437774658203125
32
148.89418029785156
13
37.12919616699219
23
11.437774658203125
33
148.89418029785156
0
3DFACE
8
TERRAIN
10
36.12570571899414
20
10.397976875305176
30
149.2017364501953
11
37.12919616699219
21
11.437774658203125
31
148.89418029785156
12
36.12570571899414
22
11.437774658203125
32
149.06356811523438
13
36.12570571899414
23
11.437774658203125
33
149.06356811523438
0
3DFACE
8
TERRAIN
10
37.12919616699219
20
10.397976875305176
30
149.03346252441406
11
38.1326904296875
21
10.397976875305176
31
148.65223693847656
12
38.1326904296875
22
11.437774658203125
32
148.4924774169922
13
38.1326904296875
23
11.437774658203125
33
148.4924774169922
0
3DFACE
8
TERRAIN
10
37.12919616699219
20
10.397976875305176
30
149.03346252441406
11
38.1326904296875
21
11.437774658203125
31
148.4924774169922
12
37.12919616699219
22
11.437774658203125
32
148.89418029785156
13
37.12919616699219
23
11.437774658203125
33
148.89418029785156
0
3DFACE
8
TERRAIN
10
38.1326904296875
20
10.397976875305176
30
148.65223693847656
11
39.13618087768555
21
10.397976875305176
31
148.2813262939453
12
39.13618087768555
22
11.437774658203125
32
148.0609588623047
13
39.13618087768555
23
11.437774658203125
33
148.0609588623047
0
3DFACE
8
TERRAIN
10
38.1326904296875
20
10.397976875305176
30
148.65223693847656
11
39.13618087768555
21
11.437774658203125
31
148.0609588623047
12
38.1326904296875
22
11.437774658203125
32
148.4924774169922
13
38.1326904296875
23
11.437774658203125
33
148.4924774169922
0
3DFACE
8
TERRAIN
10
39.13618087768555
20
10.397976875305176
30
148.2813262939453
11
40.13967514038086
21
10.397976875305176
31
147.82928466796875
12
40.13967514038086
22
11.437774658203125
32
147.5798797607422
13
40.13967514038086
23
11.437774658203125
33
147.5798797607422
0
3DFACE
8
TERRAIN
10
39.13618087768555
20
10.397976875305176
30
148.2813262939453
11
40.13967514038086
21
11.437774658203125
31
147.5798797607422
12
39.13618087768555
22
11.437774658203125
32
148.0609588623047
13
39.13618087768555
23
11.437774658203125
33
148.0609588623047
0
3DFACE
8
TERRAIN
10
40.13967514038086
20
10.397976875305176
30
147.82928466796875
11
41.143165588378906
21
10.397976875305176
31
147.331298828125
12
41.143165588378906
22
11.437774658203125
32
146.93539428710938
13
41.143165588378906
23
11.437774658203125
33
146.93539428710938
0
3DFACE
8
TERRAIN
10
40.13967514038086
20
10.397976875305176
30
147.82928466796875
11
41.143165588378906
21
11.437774658203125
31
146.93539428710938
12
40.13967514038086
22
11.437774658203125
32
147.5798797607422
13
40.13967514038086
23
11.437774658203125
33
147.5798797607422
0
3DFACE
8
TERRAIN
10
41.143165588378906
20
10.397976875305176
30
147.331298828125
11
42.14665603637695
21
10.397976875305176
31
146.93544006347656
12
42.14665603637695
22
11.437774658203125
32
146.8058624267578
13
42.14665603637695
23
11.437774658203125
33
146.8058624267578
0
3DFACE
8
TERRAIN
10
41.143165588378906
20
10.397976875305176
30
147.331298828125
11
42.14665603637695
21
11.437774658203125
31
146.8058624267578
12
41.143165588378906
22
11.437774658203125
32
146.93539428710938
13
41.143165588378906
23
11.437774658203125
33
146.93539428710938
0
3DFACE
8
TERRAIN
10
42.14665603637695
20
10.397976875305176
30
146.93544006347656
11
43.150150299072266
21
10.397976875305176
31
146.82383728027344
12
43.150150299072266
22
11.437774658203125
32
147.01351928710938
13
43.150150299072266
23
11.437774658203125
33
147.01351928710938
0
3DFACE
8
TERRAIN
10
42.14665603637695
20
10.397976875305176
30
146.93544006347656
11
43.150150299072266
21
11.437774658203125
31
147.01351928710938
12
42.14665603637695
22
11.437774658203125
32
146.8058624267578
13
42.14665603637695
23
11.437774658203125
33
146.8058624267578
0
3DFACE
8
TERRAIN
10
43.150150299072266
20
10.397976875305176
30
146.82383728027344
11
44.15364074707031
21
10.397976875305176
31
146.9215850830078
12
44.15364074707031
22
11.437774658203125
32
147.24139404296875
13
44.15364074707031
23
11.437774658203125
33
147.24139404296875
0
3DFACE
8
TERRAIN
10
43.150150299072266
20
10.397976875305176
30
146.82383728027344
11
44.15364074707031
21
11.437774658203125
31
147.24139404296875
12
43.150150299072266
22
11.437774658203125
32
147.01351928710938
13
43.150150299072266
23
11.437774658203125
33
147.01351928710938
0
3DFACE
8
TERRAIN
10
44.15364074707031
20
10.397976875305176
30
146.9215850830078
11
45.15713119506836
21
10.397976875305176
31
147.2027130126953
12
45.15713119506836
22
11.437774658203125
32
147.4765167236328
13
45.15713119506836
23
11.437774658203125
33
147.4765167236328
0
3DFACE
8
TERRAIN
10
44.15364074707031
20
10.397976875305176
30
146.9215850830078
11
45.15713119506836
21
11.437774658203125
31
147.4765167236328
12
44.15364074707031
22
11.437774658203125
32
147.24139404296875
13
44.15364074707031
23
11.437774658203125
33
147.24139404296875
0
3DFACE
8
TERRAIN
10
0
20
9.358179092407227
30
150.0736083984375
11
1.0034918785095215
21
9.358179092407227
31
150.23460388183594
12
1.0034918785095215
22
10.397976875305176
32
150.0208282470703
13
1.0034918785095215
23
10.397976875305176
33
150.0208282470703
0
3DFACE
8
TERRAIN
10
0
20
9.358179092407227
30
150.0736083984375
11
1.0034918785095215
21
10.397976875305176
31
150.0208282470703
12
0
22
10.397976875305176
32
149.9483642578125
13
0
23
10.397976875305176
33
149.9483642578125
0
3DFACE
8
TERRAIN
10
1.0034918785095215
20
9.358179092407227
30
150.23460388183594
11
2.006983757019043
21
9.358179092407227
31
150.3637237548828
12
2.006983757019043
22
10.397976875305176
32
150.04835510253906
13
2.006983757019043
23
10.397976875305176
33
150.04835510253906
0
3DFACE
8
TERRAIN
10
1.0034918785095215
20
9.358179092407227
30
150.23460388183594
11
2.006983757019043
21
10.397976875305176
31
150.04835510253906
12
1.0034918785095215
22
10.397976875305176
32
150.0208282470703
13
1.0034918785095215
23
10.397976875305176
33
150.0208282470703
0
3DFACE
8
TERRAIN
10
2.006983757019043
20
9.358179092407227
30
150.3637237548828
11
3.0104753971099854
21
9.358179092407227
31
150.43429565429688
12
3.0104753971099854
22
10.397976875305176
32
150.06190490722656
13
3.0104753971099854
23
10.397976875305176
33
150.06190490722656
0
3DFACE
8
TERRAIN
10
2.006983757019043
20
9.358179092407227
30
150.3637237548828
11
3.0104753971099854
21
10.397976875305176
31
150.06190490722656
12
2.006983757019043
22
10.397976875305176
32
150.04835510253906
13
2.006983757019043
23
10.397976875305176
33
150.04835510253906
0
3DFACE
8
TERRAIN
10
3.0104753971099854
20
9.358179092407227
30
150.43429565429688
11
4.013967514038086
21
9.358179092407227
31
150.48776245117188
12
4.013967514038086
22
10.397976875305176
32
150.09600830078125
13
4.013967514038086
23
10.397976875305176
33
150.09600830078125
0
3DFACE
8
TERRAIN
10
3.0104753971099854
20
9.358179092407227
30
150.43429565429688
11
4.013967514038086
21
10.397976875305176
31
150.09600830078125
12
3.0104753971099854
22
10.397976875305176
32
150.06190490722656
13
3.0104753971099854
23
10.397976875305176
33
150.06190490722656
0
3DFACE
8
TERRAIN
10
4.013967514038086
20
9.358179092407227
30
150.48776245117188
11
5.017459392547607
21
9.358179092407227
31
150.56298828125
12
5.017459392547607
22
10.397976875305176
32
150.13583374023438
13
5.017459392547607
23
10.397976875305176
33
150.13583374023438
0
3DFACE
8
TERRAIN
10
4.013967514038086
20
9.358179092407227
30
150.48776245117188
11
5.017459392547607
21
10.397976875305176
31
150.13583374023438
12
4.013967514038086
22
10.397976875305176
32
150.09600830078125
13
4.013967514038086
23
10.397976875305176
33
150.09600830078125
0
3DFACE
8
TERRAIN
10
5.017459392547607
20
9.358179092407227
30
150.56298828125
11
6.020950794219971
21
9.358179092407227
31
150.57498168945312
12
6.020950794219971
22
10.397976875305176
32
150.19577026367188
13
6.020950794219971
23
10.397976875305176
33
150.19577026367188
0
3DFACE
8
TERRAIN
10
5.017459392547607
20
9.358179092407227
30
150.56298828125
11
6.020950794219971
21
10.397976875305176
31
150.19577026367188
12
5.017459392547607
22
10.397976875305176
32
150.13583374023438
13
5.017459392547607
23
10.397976875305176
33
150.13583374023438
0
3DFACE
8
TERRAIN
10
6.020950794219971
20
9.358179092407227
30
150.57498168945312
11
7.024442672729492
21
9.358179092407227
31
150.53897094726562
12
7.024442672729492
22
10.397976875305176
32
150.2467498779297
13
7.024442672729492
23
10.397976875305176
33
150.2467498779297
0
3DFACE
8
TERRAIN
10
6.020950794219971
20
9.358179092407227
30
150.57498168945312
11
7.024442672729492
21
10.397976875305176
31
150.2467498779297
12
6.020950794219971
22
10.397976875305176
32
150.19577026367188
13
6.020950794219971
23
10.397976875305176
33
150.19577026367188
0
3DFACE
8
TERRAIN
10
7.024442672729492
20
9.358179092407227
30
150.53897094726562
11
8.027935028076172
21
9.358179092407227
31
150.5729217529297
12
8.027935028076172
22
10.397976875305176
32
150.25958251953125
13
8.027935028076172
23
10.397976875305176
33
150.25958251953125
0
3DFACE
8
TERRAIN
10
7.024442672729492
20
9.358179092407227
30
150.53897094726562
11
8.027935028076172
21
10.397976875305176
31
150.25958251953125
12
7.024442672729492
22
10.397976875305176
32
150.2467498779297
13
7.024442672729492
23
10.397976875305176
33
150.2467498779297
0
3DFACE
8
TERRAIN
10
8.027935028076172
20
9.358179092407227
30
150.5729217529297
11
9.031426429748535
21
9.358179092407227
31
150.61117553710938
12
9.031426429748535
22
10.397976875305176
32
150.2684783935547
13
9.031426429748535
23
10.397976875305176
33
150.2684783935547
0
3DFACE
8
TERRAIN
10
8.027935028076172
20
9.358179092407227
30
150.5729217529297
11
9.031426429748535
21
10.397976875305176
31
150.2684783935547
12
8.027935028076172
22
10.397976875305176
32
150.25958251953125
13
8.027935028076172
23
10.397976875305176
33
150.25958251953125
0
3DFACE
8
TERRAIN
10
9.031426429748535
20
9.358179092407227
30
150.61117553710938
11
10.034918785095215
21
9.358179092407227
31
150.6475067138672
12
10.034918785095215
22
10.397976875305176
32
150.3206329345703
13
10.034918785095215
23
10.397976875305176
33
150.3206329345703
0
3DFACE
8
TERRAIN
10
9.031426429748535
20
9.358179092407227
30
150.61117553710938
11
10.034918785095215
21
10.397976875305176
31
150.3206329345703
12
9.031426429748535
22
10.397976875305176
32
150.2684783935547
13
9.031426429748535
23
10.397976875305176
33
150.2684783935547
0
3DFACE
8
TERRAIN
10
10.034918785095215
20
9.358179092407227
30
150.6475067138672
11
11.038410186767578
21
9.358179092407227
31
150.6960906982422
12
11.038410186767578
22
10.397976875305176
32
150.40782165527344
13
11.038410186767578
23
10.397976875305176
33
150.40782165527344
0
3DFACE
8
TERRAIN
10
10.034918785095215
20
9.358179092407227
30
150.6475067138672
11
11.038410186767578
21
10.397976875305176
31
150.40782165527344
12
10.034918785095215
22
10.397976875305176
32
150.3206329345703
13
10.034918785095215
23
10.397976875305176
33
150.3206329345703
0
3DFACE
8
TERRAIN
10
11.038410186767578
20
9.358179092407227
30
150.6960906982422
11
12.041901588439941
21
9.358179092407227
31
150.73565673828125
12
12.041901588439941
22
10.397976875305176
32
150.48187255859375
13
12.041901588439941
23
10.397976875305176
33
150.48187255859375
0
3DFACE
8
TERRAIN
10
11.038410186767578
20
9.358179092407227
30
150.6960906982422
11
12.041901588439941
21
10.397976875305176
31
150.48187255859375
12
11.038410186767578
22
10.397976875305176
32
150.40782165527344
13
11.038410186767578
23
10.397976875305176
33
150.40782165527344
0
3DFACE
8
TERRAIN
10
12.041901588439941
20
9.358179092407227
30
150.73565673828125
11
13.045393943786621
21
9.358179092407227
31
150.79067993164062
12
13.045393943786621
22
10.397976875305176
32
150.54296875
13
13.045393943786621
23
10.397976875305176
33
150.54296875
0
3DFACE
8
TERRAIN
10
12.041901588439941
20
9.358179092407227
30
150.73565673828125
11
13.045393943786621
21
10.397976875305176
31
150.54296875
12
12.041901588439941
22
10.397976875305176
32
150.48187255859375
13
12.041901588439941
23
10.397976875305176
33
150.48187255859375
0
3DFACE
8
TERRAIN
10
13.045393943786621
20
9.358179092407227
30
150.79067993164062
11
14.048885345458984
21
9.358179092407227
31
150.7799835205078
12
14.048885345458984
22
10.397976875305176
32
150.58848571777344
13
14.048885345458984
23
10.397976875305176
33
150.58848571777344
0
3DFACE
8
TERRAIN
10
13.045393943786621
20
9.358179092407227
30
150.79067993164062
11
14.048885345458984
21
10.397976875305176
31
150.58848571777344
12
13.045393943786621
22
10.397976875305176
32
150.54296875
13
13.045393943786621
23
10.397976875305176
33
150.54296875
0
3DFACE
8
TERRAIN
10
14.048885345458984
20
9.358179092407227
30
150.7799835205078
11
15.052377700805664
21
9.358179092407227
31
150.7129669189453
12
15.052377700805664
22
10.397976875305176
32
150.5936279296875
13
15.052377700805664
23
10.397976875305176
33
150.5936279296875
0
3DFACE
8
TERRAIN
10
14.048885345458984
20
9.358179092407227
30
150.7799835205078
11
15.052377700805664
21
10.397976875305176
31
150.5936279296875
12
14.048885345458984
22
10.397976875305176
32
150.58848571777344
13
14.048885345458984
23
10.397976875305176
33
150.58848571777344
0
3DFACE
8
TERRAIN
10
15.052377700805664
20
9.358179092407227
30
150.7129669189453
11
16.055870056152344
21
9.358179092407227
31
150.668212890625
12
16.055870056152344
22
10.397976875305176
32
150.59169006347656
13
16.055870056152344
23
10.397976875305176
33
150.59169006347656
0
3DFACE
8
TERRAIN
10
15.052377700805664
20
9.358179092407227
30
150.7129669189453
11
16.055870056152344
21
10.397976875305176
31
150.59169006347656
12
15.052377700805664
22
10.397976875305176
32
150.5936279296875
13
15.052377700805664
23
10.397976875305176
33
150.5936279296875
0
3DFACE
8
TERRAIN
10
16.055870056152344
20
9.358179092407227
30
150.668212890625
11
17.05936050415039
21
9.358179092407227
31
150.6427001953125
12
17.05936050415039
22
10.397976875305176
32
150.60833740234375
13
17.05936050415039
23
10.397976875305176
33
150.60833740234375
0
3DFACE
8
TERRAIN
10
16.055870056152344
20
9.358179092407227
30
150.668212890625
11
17.05936050415039
21
10.397976875305176
31
150.60833740234375
12
16.055870056152344
22
10.397976875305176
32
150.59169006347656
13
16.055870056152344
23
10.397976875305176
33
150.59169006347656
0
3DFACE
8
TERRAIN
10
17.05936050415039
20
9.358179092407227
30
150.6427001953125
11
18.06285285949707
21
9.358179092407227
31
150.58221435546875
12
18.06285285949707
22
10.397976875305176
32
150.5567626953125
13
18.06285285949707
23
10.397976875305176
33
150.5567626953125
0
3DFACE
8
TERRAIN
10
17.05936050415039
20
9.358179092407227
30
150.6427001953125
11
18.06285285949707
21
10.397976875305176
31
150.5567626953125
12
17.05936050415039
22
10.397976875305176
32
150.60833740234375
13
17.05936050415039
23
10.397976875305176
33
150.60833740234375
0
3DFACE
8
TERRAIN
10
18.06285285949707
20
9.358179092407227
30
150.58221435546875
11
19.06634521484375
21
9.358179092407227
31
150.48741149902344
12
19.06634521484375
22
10.397976875305176
32
150.49916076660156
13
19.06634521484375
23
10.397976875305176
33
150.49916076660156
0
3DFACE
8
TERRAIN
10
18.06285285949707
20
9.358179092407227
30
150.58221435546875
11
19.06634521484375
21
10.397976875305176
31
150.49916076660156
12
18.06285285949707
22
10.397976875305176
32
150.5567626953125
13
18.06285285949707
23
10.397976875305176
33
150.5567626953125
0
3DFACE
8
TERRAIN
10
19.06634521484375
20
9.358179092407227
30
150.48741149902344
11
20.06983757019043
21
9.358179092407227
31
150.2632598876953
12
20.06983757019043
22
10.397976875305176
32
150.3387908935547
13
20.06983757019043
23
10.397976875305176
33
150.3387908935547
0
3DFACE
8
TERRAIN
10
19.06634521484375
20
9.358179092407227
30
150.48741149902344
11
20.06983757019043
21
10.397976875305176
31
150.3387908935547
12
19.06634521484375
22
10.397976875305176
32
150.49916076660156
13
19.06634521484375
23
10.397976875305176
33
150.49916076660156
0
3DFACE
8
TERRAIN
10
20.06983757019043
20
9.358179092407227
30
150.2632598876953
11
21.073328018188477
21
9.358179092407227
31
149.88917541503906
12
21.073328018188477
22
10.397976875305176
32
149.99949645996094
13
21.073328018188477
23
10.397976875305176
33
149.99949645996094
0
3DFACE
8
TERRAIN
10
20.06983757019043
20
9.358179092407227
30
150.2632598876953
11
21.073328018188477
21
10.397976875305176
31
149.99949645996094
12
20.06983757019043
22
10.397976875305176
32
150.3387908935547
13
20.06983757019043
23
10.397976875305176
33
150.3387908935547
0
3DFACE
8
TERRAIN
10
21.073328018188477
20
9.358179092407227
30
149.88917541503906
11
22.076820373535156
21
9.358179092407227
31
149.4005584716797
12
22.076820373535156
22
10.397976875305176
32
149.5088653564453
13
22.076820373535156
23
10.397976875305176
33
149.5088653564453
0
3DFACE
8
TERRAIN
10
21.073328018188477
20
9.358179092407227
30
149.88917541503906
11
22.076820373535156
21
10.397976875305176
31
149.5088653564453
12
21.073328018188477
22
10.397976875305176
32
149.99949645996094
13
21.073328018188477
23
10.397976875305176
33
149.99949645996094
0
3DFACE
8
TERRAIN
10
22.076820373535156
20
9.358179092407227
30
149.4005584716797
11
23.080312728881836
21
9.358179092407227
31
148.89613342285156
12
23.080312728881836
22
10.397976875305176
32
148.95330810546875
13
23.080312728881836
23
10.397976875305176
33
148.95330810546875
0
3DFACE
8
TERRAIN
10
22.076820373535156
20
9.358179092407227
30
149.4005584716797
11
23.080312728881836
21
10.397976875305176
31
148.95330810546875
12
22.076820373535156
22
10.397976875305176
32
149.5088653564453
13
22.076820373535156
23
10.397976875305176
33
149.5088653564453
0
3DFACE
8
TERRAIN
10
23.080312728881836
20
9.358179092407227
30
148.89613342285156
11
24.083803176879883
21
9.358179092407227
31
148.36895751953125
12
24.083803176879883
22
10.397976875305176
32
148.39312744140625
13
24.083803176879883
23
10.397976875305176
33
148.39312744140625
0
3DFACE
8
TERRAIN
10
23.080312728881836
20
9.358179092407227
30
148.89613342285156
11
24.083803176879883
21
10.397976875305176
31
148.39312744140625
12
23.080312728881836
22
10.397976875305176
32
148.95330810546875
13
23.080312728881836
23
10.397976875305176
33
148.95330810546875
0
3DFACE
8
TERRAIN
10
24.083803176879883
20
9.358179092407227
30
148.36895751953125
11
25.087295532226562
21
9.358179092407227
31
147.7826385498047
12
25.087295532226562
22
10.397976875305176
32
147.7939453125
13
25.087295532226562
23
10.397976875305176
33
147.7939453125
0
3DFACE
8
TERRAIN
10
24.083803176879883
20
9.358179092407227
30
148.36895751953125
11
25.087295532226562
21
10.397976875305176
31
147.7939453125
12
24.083803176879883
22
10.397976875305176
32
148.39312744140625
13
24.083803176879883
23
10.397976875305176
33
148.39312744140625
0
3DFACE
8
TERRAIN
10
25.087295532226562
20
9.358179092407227
30
147.7826385498047
11
26.090787887573242
21
9.358179092407227
31
147.27957153320312
12
26.090787887573242
22
10.397976875305176
32
147.31268310546875
13
26.090787887573242
23
10.397976875305176
33
147.31268310546875
0
3DFACE
8
TERRAIN
10
25.087295532226562
20
9.358179092407227
30
147.7826385498047
11
26.090787887573242
21
10.397976875305176
31
147.31268310546875
12
25.087295532226562
22
10.397976875305176
32
147.7939453125
13
25.087295532226562
23
10.397976875305176
33
147.7939453125
0
3DFACE
8
TERRAIN
10
26.090787887573242
20
9.358179092407227
30
147.27957153320312
11
27.094280242919922
21
9.358179092407227
31
146.8293914794922
12
27.094280242919922
22
10.397976875305176
32
146.86477661132812
13
27.094280242919922
23
10.397976875305176
33
146.86477661132812
0
3DFACE
8
TERRAIN
10
26.090787887573242
20
9.358179092407227
30
147.27957153320312
11
27.094280242919922
21
10.397976875305176
31
146.86477661132812
12
26.090787887573242
22
10.397976875305176
32
147.31268310546875
13
26.090787887573242
23
10.397976875305176
33
147.31268310546875
0
3DFACE
8
TERRAIN
10
27.094280242919922
20
9.358179092407227
30
146.8293914794922
11
28.09777069091797
21
9.358179092407227
31
146.70945739746094
12
28.09777069091797
22
10.397976875305176
32
146.58885192871094
13
28.09777069091797
23
10.397976875305176
33
146.58885192871094
0
3DFACE
8
TERRAIN
10
27.094280242919922
20
9.358179092407227
30
146.8293914794922
11
28.09777069091797
21
10.397976875305176
31
146.58885192871094
12
27.094280242919922
22
10.397976875305176
32
146.86477661132812
13
27.094280242919922
23
10.397976875305176
33
146.86477661132812
0
3DFACE
8
TERRAIN
10
28.09777069091797
20
9.358179092407227
30
146.70945739746094
11
29.10126304626465
21
9.358179092407227
31
146.87728881835938
12
29.10126304626465
22
10.397976875305176
32
146.6370391845703
13
29.10126304626465
23
10.397976875305176
33
146.6370391845703
0
3DFACE
8
TERRAIN
10
28.09777069091797
20
9.358179092407227
30
146.70945739746094
11
29.10126304626465
21
10.397976875305176
31
146.6370391845703
12
28.09777069091797
22
10.397976875305176
32
146.58885192871094
13
28.09777069091797
23
10.397976875305176
33
146.58885192871094
0
3DFACE
8
TERRAIN
10
29.10126304626465
20
9.358179092407227
30
146.87728881835938
11
30.104755401611328
21
9.358179092407227
31
147.19827270507812
12
30.104755401611328
22
10.397976875305176
32
146.9823760986328
13
30.104755401611328
23
10.397976875305176
33
146.9823760986328
0
3DFACE
8
TERRAIN
10
29.10126304626465
20
9.358179092407227
30
146.87728881835938
11
30.104755401611328
21
10.397976875305176
31
146.9823760986328
12
29.10126304626465
22
10.397976875305176
32
146.6370391845703
13
29.10126304626465
23
10.397976875305176
33
146.6370391845703
0
3DFACE
8
TERRAIN
10
30.104755401611328
20
9.358179092407227
30
147.19827270507812
11
31.108245849609375
21
9.358179092407227
31
147.61465454101562
12
31.108245849609375
22
10.397976875305176
32
147.3726043701172
13
31.108245849609375
23
10.397976875305176
33
147.3726043701172
0
3DFACE
8
TERRAIN
10
30.104755401611328
20
9.358179092407227
30
147.19827270507812
11
31.108245849609375
21
10.397976875305176
31
147.3726043701172
12
30.104755401611328
22
10.397976875305176
32
146.9823760986328
13
30.104755401611328
23
10.397976875305176
33
146.9823760986328
0
3DFACE
8
TERRAIN
10
31.108245849609375
20
9.358179092407227
30
147.61465454101562
11
32.11174011230469
21
9.358179092407227
31
148.02395629882812
12
32.11174011230469
22
10.397976875305176
32
147.82940673828125
13
32.11174011230469
23
10.397976875305176
33
147.82940673828125
0
3DFACE
8
TERRAIN
10
31.108245849609375
20
9.358179092407227
30
147.61465454101562
11
32.11174011230469
21
10.397976875305176
31
147.82940673828125
12
31.108245849609375
22
10.397976875305176
32
147.3726043701172
13
31.108245849609375
23
10.397976875305176
33
147.3726043701172
0
3DFACE
8
TERRAIN
10
32.11174011230469
20
9.358179092407227
30
148.02395629882812
11
33.115230560302734
21
9.358179092407227
31
148.3891143798828
12
33.115230560302734
22
10.397976875305176
32
148.2212371826172
13
33.115230560302734
23
10.397976875305176
33
148.2212371826172
0
3DFACE
8
TERRAIN
10
32.11174011230469
20
9.358179092407227
30
148.02395629882812
11
33.115230560302734
21
10.397976875305176
31
148.2212371826172
12
32.11174011230469
22
10.397976875305176
32
147.82940673828125
13
32.11174011230469
23
10.397976875305176
33
147.82940673828125
0
3DFACE
8
TERRAIN
10
33.115230560302734
20
9.358179092407227
30
148.3891143798828
11
34.11872100830078
21
9.358179092407227
31
148.72401428222656
12
34.11872100830078
22
10.397976875305176
32
148.6031036376953
13
34.11872100830078
23
10.397976875305176
33
148.6031036376953
0
3DFACE
8
TERRAIN
10
33.115230560302734
20
9.358179092407227
30
148.3891143798828
11
34.11872100830078
21
10.397976875305176
31
148.6031036376953
12
33.115230560302734
22
10.397976875305176
32
148.2212371826172
13
33.115230560302734
23
10.397976875305176
33
148.2212371826172
0
3DFACE
8
TERRAIN
10
34.11872100830078
20
9.358179092407227
30
148.72401428222656
11
35.122215270996094
21
9.358179092407227
31
149.0201873779297
12
35.122215270996094
22
10.397976875305176
32
148.967041015625
13
35.122215270996094
23
10.397976875305176
33
148.967041015625
0
3DFACE
8
TERRAIN
10
34.11872100830078
20
9.358179092407227
30
148.72401428222656
11
35.122215270996094
21
10.397976875305176
31
148.967041015625
12
34.11872100830078
22
10.397976875305176
32
148.6031036376953
13
34.11872100830078
23
10.397976875305176
33
148.6031036376953
0
3DFACE
8
TERRAIN
10
35.122215270996094
20
9.358179092407227
30
149.0201873779297
11
36.12570571899414
21
9.358179092407227
31
149.20675659179688
12
36.12570571899414
22
10.397976875305176
32
149.2017364501953
13
36.12570571899414
23
10.397976875305176
33
149.2017364501953
0
3DFACE
8
TERRAIN
10
35.122215270996094
20
9.358179092407227
30
149.0201873779297
11
36.12570571899414
21
10.397976875305176
31
149.2017364501953
12
35.122215270996094
22
10.397976875305176
32
148.967041015625
13
35.122215270996094
23
10.397976875305176
33
148.967041015625
0
3DFACE
8
TERRAIN
10
36.12570571899414
20
9.358179092407227
30
149.20675659179688
11
37.12919616699219
21
9.358179092407227
31
148.99862670898438
12
37.12919616699219
22
10.397976875305176
32
149.03346252441406
13
37.12919616699219
23
10.397976875305176
33
149.03346252441406
0
3DFACE
8
TERRAIN
10
36.12570571899414
20
9.358179092407227
30
149.20675659179688
11
37.12919616699219
21
10.397976875305176
31
149.03346252441406
12
36.12570571899414
22
10.397976875305176
32
149.2017364501953
13
36.12570571899414
23
10.397976875305176
33
149.2017364501953
0
3DFACE
8
TERRAIN
10
37.12919616699219
20
9.358179092407227
30
148.99862670898438
11
38.1326904296875
21
9.358179092407227
31
148.72364807128906
12
38.1326904296875
22
10.397976875305176
32
148.65223693847656
13
38.1326904296875
23
10.397976875305176
33
148.65223693847656
0
3DFACE
8
TERRAIN
10
37.12919616699219
20
9.358179092407227
30
148.99862670898438
11
38.1326904296875
21
10.397976875305176
31
148.65223693847656
12
37.12919616699219
22
10.397976875305176
32
149.03346252441406
13
37.12919616699219
23
10.397976875305176
33
149.03346252441406
0
3DFACE
8
TERRAIN
10
38.1326904296875
20
9.358179092407227
30
148.72364807128906
11
39.13618087768555
21
9.358179092407227
31
148.3766326904297
12
39.13618087768555
22
10.397976875305176
32
148.2813262939453
13
39.13618087768555
23
10.397976875305176
33
148.2813262939453
0
3DFACE
8
TERRAIN
10
38.1326904296875
20
9.358179092407227
30
148.72364807128906
11
39.13618087768555
21
10.397976875305176
31
148.2813262939453
12
38.1326904296875
22
10.397976875305176
32
148.65223693847656
13
38.1326904296875
23
10.397976875305176
33
148.65223693847656
0
3DFACE
8
TERRAIN
10
39.13618087768555
20
9.358179092407227
30
148.3766326904297
11
40.13967514038086
21
9.358179092407227
31
148.04539489746094
12
40.13967514038086
22
10.397976875305176
32
147.82928466796875
13
40.13967514038086
23
10.397976875305176
33
147.82928466796875
0
3DFACE
8
TERRAIN
10
39.13618087768555
20
9.358179092407227
30
148.3766326904297
11
40.13967514038086
21
10.397976875305176
31
147.82928466796875
12
39.13618087768555
22
10.397976875305176
32
148.2813262939453
13
39.13618087768555
23
10.397976875305176
33
148.2813262939453
0
3DFACE
8
TERRAIN
10
40.13967514038086
20
9.358179092407227
30
148.04539489746094
11
41.143165588378906
21
9.358179092407227
31
147.64830017089844
12
41.143165588378906
22
10.397976875305176
32
147.331298828125
13
41.143165588378906
23
10.397976875305176
33
147.331298828125
0
3DFACE
8
TERRAIN
10
40.13967514038086
20
9.358179092407227
30
148.04539489746094
11
41.143165588378906
21
10.397976875305176
31
147.331298828125
12
40.13967514038086
22
10.397976875305176
32
147.82928466796875
13
40.13967514038086
23
10.397976875305176
33
147.82928466796875
0
3DFACE
8
TERRAIN
10
41.143165588378906
20
9.358179092407227
30
147.64830017089844
11
42.14665603637695
21
9.358179092407227
31
147.191650390625
12
42.14665603637695
22
10.397976875305176
32
146.93544006347656
13
42.14665603637695
23
10.397976875305176
33
146.93544006347656
0
3DFACE
8
TERRAIN
10
41.143165588378906
20
9.358179092407227
30
147.64830017089844
11
42.14665603637695
21
10.397976875305176
31
146.93544006347656
12
41.143165588378906
22
10.397976875305176
32
147.331298828125
13
41.143165588378906
23
10.397976875305176
33
147.331298828125
0
3DFACE
8
TERRAIN
10
42.14665603637695
20
9.358179092407227
30
147.191650390625
11
43.150150299072266
21
9.358179092407227
31
146.9141845703125
12
43.150150299072266
22
10.397976875305176
32
146.82383728027344
13
43.150150299072266
23
10.397976875305176
33
146.82383728027344
0
3DFACE
8
TERRAIN
10
42.14665603637695
20
9.358179092407227
30
147.191650390625
11
43.150150299072266
21
10.397976875305176
31
146.82383728027344
12
42.14665603637695
22
10.397976875305176
32
146.93544006347656
13
42.14665603637695
23
10.397976875305176
33
146.93544006347656
0
3DFACE
8
TERRAIN
10
43.150150299072266
20
9.358179092407227
30
146.9141845703125
11
44.15364074707031
21
9.358179092407227
31
146.86167907714844
12
44.15364074707031
22
10.397976875305176
32
146.9215850830078
13
44.15364074707031
23
10.397976875305176
33
146.9215850830078
0
3DFACE
8
TERRAIN
10
43.150150299072266
20
9.358179092407227
30
146.9141845703125
11
44.15364074707031
21
10.397976875305176
31
146.9215850830078
12
43.150150299072266
22
10.397976875305176
32
146.82383728027344
13
43.150150299072266
23
10.397976875305176
33
146.82383728027344
0
3DFACE
8
TERRAIN
10
44.15364074707031
20
9.358179092407227
30
146.86167907714844
11
45.15713119506836
21
9.358179092407227
31
147.0889129638672
12
45.15713119506836
22
10.397976875305176
32
147.2027130126953
13
45.15713119506836
23
10.397976875305176
33
147.2027130126953
0
3DFACE
8
TERRAIN
10
44.15364074707031
20
9.358179092407227
30
146.86167907714844
11
45.15713119506836
21
10.397976875305176
31
147.2027130126953
12
44.15364074707031
22
10.397976875305176
32
146.9215850830078
13
44.15364074707031
23
10.397976875305176
33
146.9215850830078
0
3DFACE
8
TERRAIN
10
0
20
8.318381309509277
30
150.4169464111328
11
1.0034918785095215
21
8.318381309509277
31
150.54232788085938
12
1.0034918785095215
22
9.358179092407227
32
150.23460388183594
13
1.0034918785095215
23
9.358179092407227
33
150.23460388183594
0
3DFACE
8
TERRAIN
10
0
20
8.318381309509277
30
150.4169464111328
11
1.0034918785095215
21
9.358179092407227
31
150.23460388183594
12
0
22
9.358179092407227
32
150.0736083984375
13
0
23
9.358179092407227
33
150.0736083984375
0
3DFACE
8
TERRAIN
10
1.0034918785095215
20
8.318381309509277
30
150.54232788085938
11
2.006983757019043
21
8.318381309509277
31
150.64027404785156
12
2.006983757019043
22
9.358179092407227
32
150.3637237548828
13
2.006983757019043
23
9.358179092407227
33
150.3637237548828
0
3DFACE
8
TERRAIN
10
1.0034918785095215
20
8.318381309509277
30
150.54232788085938
11
2.006983757019043
21
9.358179092407227
31
150.3637237548828
12
1.0034918785095215
22
9.358179092407227
32
150.23460388183594
13
1.0034918785095215
23
9.358179092407227
33
150.23460388183594
0
3DFACE
8
TERRAIN
10
2.006983757019043
20
8.318381309509277
30
150.64027404785156
11
3.0104753971099854
21
8.318381309509277
31
150.66070556640625
12
3.0104753971099854
22
9.358179092407227
32
150.43429565429688
13
3.0104753971099854
23
9.358179092407227
33
150.43429565429688
0
3DFACE
8
TERRAIN
10
2.006983757019043
20
8.318381309509277
30
150.64027404785156
11
3.0104753971099854
21
9.358179092407227
31
150.43429565429688
12
2.006983757019043
22
9.358179092407227
32
150.3637237548828
13
2.006983757019043
23
9.358179092407227
33
150.3637237548828
0
3DFACE
8
TERRAIN
10
3.0104753971099854
20
8.318381309509277
30
150.66070556640625
11
4.013967514038086
21
8.318381309509277
31
150.68080139160156
12
4.013967514038086
22
9.358179092407227
32
150.48776245117188
13
4.013967514038086
23
9.358179092407227
33
150.48776245117188
0
3DFACE
8
TERRAIN
10
3.0104753971099854
20
8.318381309509277
30
150.66070556640625
11
4.013967514038086
21
9.358179092407227
31
150.48776245117188
12
3.0104753971099854
22
9.358179092407227
32
150.43429565429688
13
3.0104753971099854
23
9.358179092407227
33
150.43429565429688
0
3DFACE
8
TERRAIN
10
4.013967514038086
20
8.318381309509277
30
150.68080139160156
11
5.017459392547607
21
8.318381309509277
31
150.74278259277344
12
5.017459392547607
22
9.358179092407227
32
150.56298828125
13
5.017459392547607
23
9.358179092407227
33
150.56298828125
0
3DFACE
8
TERRAIN
10
4.013967514038086
20
8.318381309509277
30
150.68080139160156
11
5.017459392547607
21
9.358179092407227
31
150.56298828125
12
4.013967514038086
22
9.358179092407227
32
150.48776245117188
13
4.013967514038086
23
9.358179092407227
33
150.48776245117188
0
3DFACE
8
TERRAIN
10
5.017459392547607
20
8.318381309509277
30
150.74278259277344
11
6.020950794219971
21
8.318381309509277
31
150.76341247558594
12
6.020950794219971
22
9.358179092407227
32
150.57498168945312
13
6.020950794219971
23
9.358179092407227
33
150.57498168945312
0
3DFACE
8
TERRAIN
10
5.017459392547607
20
8.318381309509277
30
150.74278259277344
11
6.020950794219971
21
9.358179092407227
31
150.57498168945312
12
5.017459392547607
22
9.358179092407227
32
150.56298828125
13
5.017459392547607
23
9.358179092407227
33
150.56298828125
0
3DFACE
8
TERRAIN
10
6.020950794219971
20
8.318381309509277
30
150.76341247558594
11
7.024442672729492
21
8.318381309509277
31
150.75523376464844
12
7.024442672729492
22
9.358179092407227
32
150.53897094726562
13
7.024442672729492
23
9.358179092407227
33
150.53897094726562
0
3DFACE
8
TERRAIN
10
6.020950794219971
20
8.318381309509277
30
150.76341247558594
11
7.024442672729492
21
9.358179092407227
31
150.53897094726562
12
6.020950794219971
22
9.358179092407227
32
150.57498168945312
13
6.020950794219971
23
9.358179092407227
33
150.57498168945312
0
3DFACE
8
TERRAIN
10
7.024442672729492
20
8.318381309509277
30
150.75523376464844
11
8.027935028076172
21
8.318381309509277
31
150.79498291015625
12
8.027935028076172
22
9.358179092407227
32
150.5729217529297
13
8.027935028076172
23
9.358179092407227
33
150.5729217529297
0
3DFACE
8
TERRAIN
10
7.024442672729492
20
8.318381309509277
30
150.75523376464844
11
8.027935028076172
21
9.358179092407227
31
150.5729217529297
12
7.024442672729492
22
9.358179092407227
32
150.53897094726562
13
7.024442672729492
23
9.358179092407227
33
150.53897094726562
0
3DFACE
8
TERRAIN
10
8.027935028076172
20
8.318381309509277
30
150.79498291015625
11
9.031426429748535
21
8.318381309509277
31
150.8445281982422
12
9.031426429748535
22
9.358179092407227
32
150.61117553710938
13
9.031426429748535
23
9.358179092407227
33
150.61117553710938
0
3DFACE
8
TERRAIN
10
8.027935028076172
20
8.318381309509277
30
150.79498291015625
11
9.031426429748535
21
9.358179092407227
31
150.61117553710938
12
8.027935028076172
22
9.358179092407227
32
150.5729217529297
13
8.027935028076172
23
9.358179092407227
33
150.5729217529297
0
3DFACE
8
TERRAIN
10
9.031426429748535
20
8.318381309509277
30
150.8445281982422
11
10.034918785095215
21
8.318381309509277
31
150.8603515625
12
10.034918785095215
22
9.358179092407227
32
150.6475067138672
13
10.034918785095215
23
9.358179092407227
33
150.6475067138672
0
3DFACE
8
TERRAIN
10
9.031426429748535
20
8.318381309509277
30
150.8445281982422
11
10.034918785095215
21
9.358179092407227
31
150.6475067138672
12
9.031426429748535
22
9.358179092407227
32
150.61117553710938
13
9.031426429748535
23
9.358179092407227
33
150.61117553710938
0
3DFACE
8
TERRAIN
10
10.034918785095215
20
8.318381309509277
30
150.8603515625
11
11.038410186767578
21
8.318381309509277
31
150.88198852539062
12
11.038410186767578
22
9.358179092407227
32
150.6960906982422
13
11.038410186767578
23
9.358179092407227
33
150.6960906982422
0
3DFACE
8
TERRAIN
10
10.034918785095215
20
8.318381309509277
30
150.8603515625
11
11.038410186767578
21
9.358179092407227
31
150.6960906982422
12
10.034918785095215
22
9.358179092407227
32
150.6475067138672
13
10.034918785095215
23
9.358179092407227
33
150.6475067138672
0
3DFACE
8
TERRAIN
10
11.038410186767578
20
8.318381309509277
30
150.88198852539062
11
12.041901588439941
21
8.318381309509277
31
150.91453552246094
12
12.041901588439941
22
9.358179092407227
32
150.73565673828125
13
12.041901588439941
23
9.358179092407227
33
150.73565673828125
0
3DFACE
8
TERRAIN
10
11.038410186767578
20
8.318381309509277
30
150.88198852539062
11
12.041901588439941
21
9.358179092407227
31
150.73565673828125
12
11.038410186767578
22
9.358179092407227
32
150.6960906982422
13
11.038410186767578
23
9.358179092407227
33
150.6960906982422
0
3DFACE
8
TERRAIN
10
12.041901588439941
20
8.318381309509277
30
150.91453552246094
11
13.045393943786621
21
8.318381309509277
31
150.91702270507812
12
13.045393943786621
22
9.358179092407227
32
150.79067993164062
13
13.045393943786621
23
9.358179092407227
33
150.79067993164062
0
3DFACE
8
TERRAIN
10
12.041901588439941
20
8.318381309509277
30
150.91453552246094
11
13.045393943786621
21
9.358179092407227
31
150.79067993164062
12
12.041901588439941
22
9.358179092407227
32
150.73565673828125
13
12.041901588439941
23
9.358179092407227
33
150.73565673828125
0
3DFACE
8
TERRAIN
10
13.045393943786621
20
8.318381309509277
30
150.91702270507812
11
14.048885345458984
21
8.318381309509277
31
150.8681182861328
12
14.048885345458984
22
9.358179092407227
32
150.7799835205078
13
14.048885345458984
23
9.358179092407227
33
150.7799835205078
0
3DFACE
8
TERRAIN
10
13.045393943786621
20
8.318381309509277
30
150.91702270507812
11
14.048885345458984
21
9.358179092407227
31
150.7799835205078
12
13.045393943786621
22
9.358179092407227
32
150.79067993164062
13
13.045393943786621
23
9.358179092407227
33
150.79067993164062
0
3DFACE
8
TERRAIN
10
14.048885345458984
20
8.318381309509277
30
150.8681182861328
11
15.052377700805664
21
8.318381309509277
31
150.77467346191406
12
15.052377700805664
22
9.358179092407227
32
150.7129669189453
13
15.052377700805664
23
9.358179092407227
33
150.7129669189453
0
3DFACE
8
TERRAIN
10
14.048885345458984
20
8.318381309509277
30
150.8681182861328
11
15.052377700805664
21
9.358179092407227
31
150.7129669189453
12
14.048885345458984
22
9.358179092407227
32
150.7799835205078
13
14.048885345458984
23
9.358179092407227
33
150.7799835205078
0
3DFACE
8
TERRAIN
10
15.052377700805664
20
8.318381309509277
30
150.77467346191406
11
16.055870056152344
21
8.318381309509277
31
150.69442749023438
12
16.055870056152344
22
9.358179092407227
32
150.668212890625
13
16.055870056152344
23
9.358179092407227
33
150.668212890625
0
3DFACE
8
TERRAIN
10
15.052377700805664
20
8.318381309509277
30
150.77467346191406
11
16.055870056152344
21
9.358179092407227
31
150.668212890625
12
15.052377700805664
22
9.358179092407227
32
150.7129669189453
13
15.052377700805664
23
9.358179092407227
33
150.7129669189453
0
3DFACE
8
TERRAIN
10
16.055870056152344
20
8.318381309509277
30
150.69442749023438
11
17.05936050415039
21
8.318381309509277
31
150.615966796875
12
17.05936050415039
22
9.358179092407227
32
150.6427001953125
13
17.05936050415039
23
9.358179092407227
33
150.6427001953125
0
3DFACE
8
TERRAIN
10
16.055870056152344
20
8.318381309509277
30
150.69442749023438
11
17.05936050415039
21
9.358179092407227
31
150.6427001953125
12
16.055870056152344
22
9.358179092407227
32
150.668212890625
13
16.055870056152344
23
9.358179092407227
33
150.668212890625
0
3DFACE
8
TERRAIN
10
17.05936050415039
20
8.318381309509277
30
150.615966796875
11
18.06285285949707
21
8.318381309509277
31
150.5303192138672
12
18.06285285949707
22
9.358179092407227
32
150.58221435546875
13
18.06285285949707
23
9.358179092407227
33
150.58221435546875
0
3DFACE
8
TERRAIN
10
17.05936050415039
20
8.318381309509277
30
150.615966796875
11
18.06285285949707
21
9.358179092407227
31
150.58221435546875
12
17.05936050415039
22
9.358179092407227
32
150.6427001953125
13
17.05936050415039
23
9.358179092407227
33
150.6427001953125
0
3DFACE
8
TERRAIN
10
18.06285285949707
20
8.318381309509277
30
150.5303192138672
11
19.06634521484375
21
8.318381309509277
31
150.38218688964844
12
19.06634521484375
22
9.358179092407227
32
150.48741149902344
13
19.06634521484375
23
9.358179092407227
33
150.48741149902344
0
3DFACE
8
TERRAIN
10
18.06285285949707
20
8.318381309509277
30
150.5303192138672
11
19.06634521484375
21
9.358179092407227
31
150.48741149902344
12
18.06285285949707
22
9.358179092407227
32
150.58221435546875
13
18.06285285949707
23
9.358179092407227
33
150.58221435546875
0
3DFACE
8
TERRAIN
10
19.06634521484375
20
8.318381309509277
30
150.38218688964844
11
20.06983757019043
21
8.318381309509277
31
150.07003784179688
12
20.06983757019043
22
9.358179092407227
32
150.2632598876953
13
20.06983757019043
23
9.358179092407227
33
150.2632598876953
0
3DFACE
8
TERRAIN
10
19.06634521484375
20
8.318381309509277
30
150.38218688964844
11
20.06983757019043
21
9.358179092407227
31
150.2632598876953
12
19.06634521484375
22
9.358179092407227
32
150.48741149902344
13
19.06634521484375
23
9.358179092407227
33
150.48741149902344
0
3DFACE
8
TERRAIN
10
20.06983757019043
20
8.318381309509277
30
150.07003784179688
11
21.073328018188477
21
8.318381309509277
31
149.629150390625
12
21.073328018188477
22
9.358179092407227
32
149.88917541503906
13
21.073328018188477
23
9.358179092407227
33
149.88917541503906
0
3DFACE
8
TERRAIN
10
20.06983757019043
20
8.318381309509277
30
150.07003784179688
11
21.073328018188477
21
9.358179092407227
31
149.88917541503906
12
20.06983757019043
22
9.358179092407227
32
150.2632598876953
13
20.06983757019043
23
9.358179092407227
33
150.2632598876953
0
3DFACE
8
TERRAIN
10
21.073328018188477
20
8.318381309509277
30
149.629150390625
11
22.076820373535156
21
8.318381309509277
31
149.20346069335938
12
22.076820373535156
22
9.358179092407227
32
149.4005584716797
13
22.076820373535156
23
9.358179092407227
33
149.4005584716797
0
3DFACE
8
TERRAIN
10
21.073328018188477
20
8.318381309509277
30
149.629150390625
11
22.076820373535156
21
9.358179092407227
31
149.4005584716797
12
21.073328018188477
22
9.358179092407227
32
149.88917541503906
13
21.073328018188477
23
9.358179092407227
33
149.88917541503906
0
3DFACE
8
TERRAIN
10
22.076820373535156
20
8.318381309509277
30
149.20346069335938
11
23.080312728881836
21
8.318381309509277
31
148.783935546875
12
23.080312728881836
22
9.358179092407227
32
148.89613342285156
13
23.080312728881836
23
9.358179092407227
33
148.89613342285156
0
3DFACE
8
TERRAIN
10
22.076820373535156
20
8.318381309509277
30
149.20346069335938
11
23.080312728881836
21
9.358179092407227
31
148.89613342285156
12
22.076820373535156
22
9.358179092407227
32
149.4005584716797
13
22.076820373535156
23
9.358179092407227
33
149.4005584716797
0
3DFACE
8
TERRAIN
10
23.080312728881836
20
8.318381309509277
30
148.783935546875
11
24.083803176879883
21
8.318381309509277
31
148.2820587158203
12
24.083803176879883
22
9.358179092407227
32
148.36895751953125
13
24.083803176879883
23
9.358179092407227
33
148.36895751953125
0
3DFACE
8
TERRAIN
10
23.080312728881836
20
8.318381309509277
30
148.783935546875
11
24.083803176879883
21
9.358179092407227
31
148.36895751953125
12
23.080312728881836
22
9.358179092407227
32
148.89613342285156
13
23.080312728881836
23
9.358179092407227
33
148.89613342285156
0
3DFACE
8
TERRAIN
10
24.083803176879883
20
8.318381309509277
30
148.2820587158203
11
25.087295532226562
21
8.318381309509277
31
147.8265380859375
12
25.087295532226562
22
9.358179092407227
32
147.7826385498047
13
25.087295532226562
23
9.358179092407227
33
147.7826385498047
0
3DFACE
8
TERRAIN
10
24.083803176879883
20
8.318381309509277
30
148.2820587158203
11
25.087295532226562
21
9.358179092407227
31
147.7826385498047
12
24.083803176879883
22
9.358179092407227
32
148.36895751953125
13
24.083803176879883
23
9.358179092407227
33
148.36895751953125
0
3DFACE
8
TERRAIN
10
25.087295532226562
20
8.318381309509277
30
147.8265380859375
11
26.090787887573242
21
8.318381309509277
31
147.43209838867188
12
26.090787887573242
22
9.358179092407227
32
147.27957153320312
13
26.090787887573242
23
9.358179092407227
33
147.27957153320312
0
3DFACE
8
TERRAIN
10
25.087295532226562
20
8.318381309509277
30
147.8265380859375
11
26.090787887573242
21
9.358179092407227
31
147.27957153320312
12
25.087295532226562
22
9.358179092407227
32
147.7826385498047
13
25.087295532226562
23
9.358179092407227
33
147.7826385498047
0
3DFACE
8
TERRAIN
10
26.090787887573242
20
8.318381309509277
30
147.43209838867188
11
27.094280242919922
21
8.318381309509277
31
147.0415496826172
12
27.094280242919922
22
9.358179092407227
32
146.8293914794922
13
27.094280242919922
23
9.358179092407227
33
146.8293914794922
0
3DFACE
8
TERRAIN
10
26.090787887573242
20
8.318381309509277
30
147.43209838867188
11
27.094280242919922
21
9.358179092407227
31
146.8293914794922
12
26.090787887573242
22
9.358179092407227
32
147.27957153320312
13
26.090787887573242
23
9.358179092407227
33
147.27957153320312
0
3DFACE
8
TERRAIN
10
27.094280242919922
20
8.318381309509277
30
147.0415496826172
11
28.09777069091797
21
8.318381309509277
31
146.8471221923828
12
28.09777069091797
22
9.358179092407227
32
146.70945739746094
13
28.09777069091797
23
9.358179092407227
33
146.70945739746094
0
3DFACE
8
TERRAIN
10
27.094280242919922
20
8.318381309509277
30
147.0415496826172
11
28.09777069091797
21
9.358179092407227
31
146.70945739746094
12
27.094280242919922
22
9.358179092407227
32
146.8293914794922
13
27.094280242919922
23
9.358179092407227
33
146.8293914794922
0
3DFACE
8
TERRAIN
10
28.09777069091797
20
8.318381309509277
30
146.8471221923828
11
29.10126304626465
21
8.318381309509277
31
147.1709442138672
12
29.10126304626465
22
9.358179092407227
32
146.87728881835938
13
29.10126304626465
23
9.358179092407227
33
146.87728881835938
0
3DFACE
8
TERRAIN
10
28.09777069091797
20
8.318381309509277
30
146.8471221923828
11
29.10126304626465
21
9.358179092407227
31
146.87728881835938
12
28.09777069091797
22
9.358179092407227
32
146.70945739746094
13
28.09777069091797
23
9.358179092407227
33
146.70945739746094
0
3DFACE
8
TERRAIN
10
29.10126304626465
20
8.318381309509277
30
147.1709442138672
11
30.104755401611328
21
8.318381309509277
31
147.49790954589844
12
30.104755401611328
22
9.358179092407227
32
147.19827270507812
13
30.104755401611328
23
9.358179092407227
33
147.19827270507812
0
3DFACE
8
TERRAIN
10
29.10126304626465
20
8.318381309509277
30
147.1709442138672
11
30.104755401611328
21
9.358179092407227
31
147.19827270507812
12
29.10126304626465
22
9.358179092407227
32
146.87728881835938
13
29.10126304626465
23
9.358179092407227
33
146.87728881835938
0
3DFACE
8
TERRAIN
10
30.104755401611328
20
8.318381309509277
30
147.49790954589844
11
31.108245849609375
21
8.318381309509277
31
147.89186096191406
12
31.108245849609375
22
9.358179092407227
32
147.61465454101562
13
31.108245849609375
23
9.358179092407227
33
147.61465454101562
0
3DFACE
8
TERRAIN
10
30.104755401611328
20
8.318381309509277
30
147.49790954589844
11
31.108245849609375
21
9.358179092407227
31
147.61465454101562
12
30.104755401611328
22
9.358179092407227
32
147.19827270507812
13
30.104755401611328
23
9.358179092407227
33
147.19827270507812
0
3DFACE
8
TERRAIN
10
31.108245849609375
20
8.318381309509277
30
147.89186096191406
11
32.11174011230469
21
8.318381309509277
31
148.22410583496094
12
32.11174011230469
22
9.358179092407227
32
148.02395629882812
13
32.11174011230469
23
9.358179092407227
33
148.02395629882812
0
3DFACE
8
TERRAIN
10
31.108245849609375
20
8.318381309509277
30
147.89186096191406
11
32.11174011230469
21
9.358179092407227
31
148.02395629882812
12
31.108245849609375
22
9.358179092407227
32
147.61465454101562
13
31.108245849609375
23
9.358179092407227
33
147.61465454101562
0
3DFACE
8
TERRAIN
10
32.11174011230469
20
8.318381309509277
30
148.22410583496094
11
33.115230560302734
21
8.318381309509277
31
148.5451202392578
12
33.115230560302734
22
9.358179092407227
32
148.3891143798828
13
33.115230560302734
23
9.358179092407227
33
148.3891143798828
0
3DFACE
8
TERRAIN
10
32.11174011230469
20
8.318381309509277
30
148.22410583496094
11
33.115230560302734
21
9.358179092407227
31
148.3891143798828
12
32.11174011230469
22
9.358179092407227
32
148.02395629882812
13
32.11174011230469
23
9.358179092407227
33
148.02395629882812
0
3DFACE
8
TERRAIN
10
33.115230560302734
20
8.318381309509277
30
148.5451202392578
11
34.11872100830078
21
8.318381309509277
31
148.81369018554688
12
34.11872100830078
22
9.358179092407227
32
148.72401428222656
13
34.11872100830078
23
9.358179092407227
33
148.72401428222656
0
3DFACE
8
TERRAIN
10
33.115230560302734
20
8.318381309509277
30
148.5451202392578
11
34.11872100830078
21
9.358179092407227
31
148.72401428222656
12
33.115230560302734
22
9.358179092407227
32
148.3891143798828
13
33.115230560302734
23
9.358179092407227
33
148.3891143798828
0
3DFACE
8
TERRAIN
10
34.11872100830078
20
8.318381309509277
30
148.81369018554688
11
35.122215270996094
21
8.318381309509277
31
149.09231567382812
12
35.122215270996094
22
9.358179092407227
32
149.0201873779297
13
35.122215270996094
23
9.358179092407227
33
149.0201873779297
0
3DFACE
8
TERRAIN
10
34.11872100830078
20
8.318381309509277
30
148.81369018554688
11
35.122215270996094
21
9.358179092407227
31
149.0201873779297
12
34.11872100830078
22
9.358179092407227
32
148.72401428222656
13
34.11872100830078
23
9.358179092407227
33
148.72401428222656
0
3DFACE
8
TERRAIN
10
35.122215270996094
20
8.318381309509277
30
149.09231567382812
11
36.12570571899414
21
8.318381309509277
31
149.1835479736328
12
36.12570571899414
22
9.358179092407227
32
149.20675659179688
13
36.12570571899414
23
9.358179092407227
33
149.20675659179688
0
3DFACE
8
TERRAIN
10
35.122215270996094
20
8.318381309509277
30
149.09231567382812
11
36.12570571899414
21
9.358179092407227
31
149.20675659179688
12
35.122215270996094
22
9.358179092407227
32
149.0201873779297
13
35.122215270996094
23
9.358179092407227
33
149.0201873779297
0
3DFACE
8
TERRAIN
10
36.12570571899414
20
8.318381309509277
30
149.1835479736328
11
37.12919616699219
21
8.318381309509277
31
149.05545043945312
12
37.12919616699219
22
9.358179092407227
32
148.99862670898438
13
37.12919616699219
23
9.358179092407227
33
148.99862670898438
0
3DFACE
8
TERRAIN
10
36.12570571899414
20
8.318381309509277
30
149.1835479736328
11
37.12919616699219
21
9.358179092407227
31
148.99862670898438
12
36.12570571899414
22
9.358179092407227
32
149.20675659179688
13
36.12570571899414
23
9.358179092407227
33
149.20675659179688
0
3DFACE
8
TERRAIN
10
37.12919616699219
20
8.318381309509277
30
149.05545043945312
11
38.1326904296875
21
8.318381309509277
31
148.87477111816406
12
38.1326904296875
22
9.358179092407227
32
148.72364807128906
13
38.1326904296875
23
9.358179092407227
33
148.72364807128906
0
3DFACE
8
TERRAIN
10
37.12919616699219
20
8.318381309509277
30
149.05545043945312
11
38.1326904296875
21
9.358179092407227
31
148.72364807128906
12
37.12919616699219
22
9.358179092407227
32
148.99862670898438
13
37.12919616699219
23
9.358179092407227
33
148.99862670898438
0
3DFACE
8
TERRAIN
10
38.1326904296875
20
8.318381309509277
30
148.87477111816406
11
39.13618087768555
21
8.318381309509277
31
148.5204315185547
12
39.13618087768555
22
9.358179092407227
32
148.3766326904297
13
39.13618087768555
23
9.358179092407227
33
148.3766326904297
0
3DFACE
8
TERRAIN
10
38.1326904296875
20
8.318381309509277
30
148.87477111816406
11
39.13618087768555
21
9.358179092407227
31
148.3766326904297
12
38.1326904296875
22
9.358179092407227
32
148.72364807128906
13
38.1326904296875
23
9.358179092407227
33
148.72364807128906
0
3DFACE
8
TERRAIN
10
39.13618087768555
20
8.318381309509277
30
148.5204315185547
11
40.13967514038086
21
8.318381309509277
31
148.19338989257812
12
40.13967514038086
22
9.358179092407227
32
148.04539489746094
13
40.13967514038086
23
9.358179092407227
33
148.04539489746094
0
3DFACE
8
TERRAIN
10
39.13618087768555
20
8.318381309509277
30
148.5204315185547
11
40.13967514038086
21
9.358179092407227
31
148.04539489746094
12
39.13618087768555
22
9.358179092407227
32
148.3766326904297
13
39.13618087768555
23
9.358179092407227
33
148.3766326904297
0
3DFACE
8
TERRAIN
10
40.13967514038086
20
8.318381309509277
30
148.19338989257812
11
41.143165588378906
21
8.318381309509277
31
147.84730529785156
12
41.143165588378906
22
9.358179092407227
32
147.64830017089844
13
41.143165588378906
23
9.358179092407227
33
147.64830017089844
0
3DFACE
8
TERRAIN
10
40.13967514038086
20
8.318381309509277
30
148.19338989257812
11
41.143165588378906
21
9.358179092407227
31
147.64830017089844
12
40.13967514038086
22
9.358179092407227
32
148.04539489746094
13
40.13967514038086
23
9.358179092407227
33
148.04539489746094
0
3DFACE
8
TERRAIN
10
41.143165588378906
20
8.318381309509277
30
147.84730529785156
11
42.14665603637695
21
8.318381309509277
31
147.42523193359375
12
42.14665603637695
22
9.358179092407227
32
147.191650390625
13
42.14665603637695
23
9.358179092407227
33
147.191650390625
0
3DFACE
8
TERRAIN
10
41.143165588378906
20
8.318381309509277
30
147.84730529785156
11
42.14665603637695
21
9.358179092407227
31
147.191650390625
12
41.143165588378906
22
9.358179092407227
32
147.64830017089844
13
41.143165588378906
23
9.358179092407227
33
147.64830017089844
0
3DFACE
8
TERRAIN
10
42.14665603637695
20
8.318381309509277
30
147.42523193359375
11
43.150150299072266
21
8.318381309509277
31
147.04872131347656
12
43.150150299072266
22
9.358179092407227
32
146.9141845703125
13
43.150150299072266
23
9.358179092407227
33
146.9141845703125
0
3DFACE
8
TERRAIN
10
42.14665603637695
20
8.318381309509277
30
147.42523193359375
11
43.150150299072266
21
9.358179092407227
31
146.9141845703125
12
42.14665603637695
22
9.358179092407227
32
147.191650390625
13
42.14665603637695
23
9.358179092407227
33
147.191650390625
0
3DFACE
8
TERRAIN
10
43.150150299072266
20
8.318381309509277
30
147.04872131347656
11
44.15364074707031
21
8.318381309509277
31
146.89305114746094
12
44.15364074707031
22
9.358179092407227
32
146.86167907714844
13
44.15364074707031
23
9.358179092407227
33
146.86167907714844
0
3DFACE
8
TERRAIN
10
43.150150299072266
20
8.318381309509277
30
147.04872131347656
11
44.15364074707031
21
9.358179092407227
31
146.86167907714844
12
43.150150299072266
22
9.358179092407227
32
146.9141845703125
13
43.150150299072266
23
9.358179092407227
33
146.9141845703125
0
3DFACE
8
TERRAIN
10
44.15364074707031
20
8.318381309509277
30
146.89305114746094
11
45.15713119506836
21
8.318381309509277
31
146.99728393554688
12
45.15713119506836
22
9.358179092407227
32
147.0889129638672
13
45.15713119506836
23
9.358179092407227
33
147.0889129638672
0
3DFACE
8
TERRAIN
10
44.15364074707031
20
8.318381309509277
30
146.89305114746094
11
45.15713119506836
21
9.358179092407227
31
147.0889129638672
12
44.15364074707031
22
9.358179092407227
32
146.86167907714844
13
44.15364074707031
23
9.358179092407227
33
146.86167907714844
0
3DFACE
8
TERRAIN
10
0
20
7.278584003448486
30
150.736572265625
11
1.0034918785095215
21
7.278584003448486
31
150.82362365722656
12
1.0034918785095215
22
8.318381309509277
32
150.54232788085938
13
1.0034918785095215
23
8.318381309509277
33
150.54232788085938
0
3DFACE
8
TERRAIN
10
0
20
7.278584003448486
30
150.736572265625
11
1.0034918785095215
21
8.318381309509277
31
150.54232788085938
12
0
22
8.318381309509277
32
150.4169464111328
13
0
23
8.318381309509277
33
150.4169464111328
0
3DFACE
8
TERRAIN
10
1.0034918785095215
20
7.278584003448486
30
150.82362365722656
11
2.006983757019043
21
7.278584003448486
31
150.84117126464844
12
2.006983757019043
22
8.318381309509277
32
150.64027404785156
13
2.006983757019043
23
8.318381309509277
33
150.64027404785156
0
3DFACE
8
TERRAIN
10
1.0034918785095215
20
7.278584003448486
30
150.82362365722656
11
2.006983757019043
21
8.318381309509277
31
150.64027404785156
12
1.0034918785095215
22
8.318381309509277
32
150.54232788085938
13
1.0034918785095215
23
8.318381309509277
33
150.54232788085938
0
3DFACE
8
TERRAIN
10
2.006983757019043
20
7.278584003448486
30
150.84117126464844
11
3.0104753971099854
21
7.278584003448486
31
150.8048553466797
12
3.0104753971099854
22
8.318381309509277
32
150.66070556640625
13
3.0104753971099854
23
8.318381309509277
33
150.66070556640625
0
3DFACE
8
TERRAIN
10
2.006983757019043
20
7.278584003448486
30
150.84117126464844
11
3.0104753971099854
21
8.318381309509277
31
150.66070556640625
12
2.006983757019043
22
8.318381309509277
32
150.64027404785156
13
2.006983757019043
23
8.318381309509277
33
150.64027404785156
0
3DFACE
8
TERRAIN
10
3.0104753971099854
20
7.278584003448486
30
150.8048553466797
11
4.013967514038086
21
7.278584003448486
31
150.82080078125
12
4.013967514038086
22
8.318381309509277
32
150.68080139160156
13
4.013967514038086
23
8.318381309509277
33
150.68080139160156
0
3DFACE
8
TERRAIN
10
3.0104753971099854
20
7.278584003448486
30
150.8048553466797
11
4.013967514038086
21
8.318381309509277
31
150.68080139160156
12
3.0104753971099854
22
8.318381309509277
32
150.66070556640625
13
3.0104753971099854
23
8.318381309509277
33
150.66070556640625
0
3DFACE
8
TERRAIN
10
4.013967514038086
20
7.278584003448486
30
150.82080078125
11
5.017459392547607
21
7.278584003448486
31
150.8599090576172
12
5.017459392547607
22
8.318381309509277
32
150.74278259277344
13
5.017459392547607
23
8.318381309509277
33
150.74278259277344
0
3DFACE
8
TERRAIN
10
4.013967514038086
20
7.278584003448486
30
150.82080078125
11
5.017459392547607
21
8.318381309509277
31
150.74278259277344
12
4.013967514038086
22
8.318381309509277
32
150.68080139160156
13
4.013967514038086
23
8.318381309509277
33
150.68080139160156
0
3DFACE
8
TERRAIN
10
5.017459392547607
20
7.278584003448486
30
150.8599090576172
11
6.020950794219971
21
7.278584003448486
31
150.8817138671875
12
6.020950794219971
22
8.318381309509277
32
150.76341247558594
13
6.020950794219971
23
8.318381309509277
33
150.76341247558594
0
3DFACE
8
TERRAIN
10
5.017459392547607
20
7.278584003448486
30
150.8599090576172
11
6.020950794219971
21
8.318381309509277
31
150.76341247558594
12
5.017459392547607
22
8.318381309509277
32
150.74278259277344
13
5.017459392547607
23
8.318381309509277
33
150.74278259277344
0
3DFACE
8
TERRAIN
10
6.020950794219971
20
7.278584003448486
30
150.8817138671875
11
7.024442672729492
21
7.278584003448486
31
150.8944549560547
12
7.024442672729492
22
8.318381309509277
32
150.75523376464844
13
7.024442672729492
23
8.318381309509277
33
150.75523376464844
0
3DFACE
8
TERRAIN
10
6.020950794219971
20
7.278584003448486
30
150.8817138671875
11
7.024442672729492
21
8.318381309509277
31
150.75523376464844
12
6.020950794219971
22
8.318381309509277
32
150.76341247558594
13
6.020950794219971
23
8.318381309509277
33
150.76341247558594
0
3DFACE
8
TERRAIN
10
7.024442672729492
20
7.278584003448486
30
150.8944549560547
11
8.027935028076172
21
7.278584003448486
31
150.8974609375
12
8.027935028076172
22
8.318381309509277
32
150.79498291015625
13
8.027935028076172
23
8.318381309509277
33
150.79498291015625
0
3DFACE
8
TERRAIN
10
7.024442672729492
20
7.278584003448486
30
150.8944549560547
11
8.027935028076172
21
8.318381309509277
31
150.79498291015625
12
7.024442672729492
22
8.318381309509277
32
150.75523376464844
13
7.024442672729492
23
8.318381309509277
33
150.75523376464844
0
3DFACE
8
TERRAIN
10
8.027935028076172
20
7.278584003448486
30
150.8974609375
11
9.031426429748535
21
7.278584003448486
31
150.9241943359375
12
9.031426429748535
22
8.318381309509277
32
150.8445281982422
13
9.031426429748535
23
8.318381309509277
33
150.8445281982422
0
3DFACE
8
TERRAIN
10
8.027935028076172
20
7.278584003448486
30
150.8974609375
11
9.031426429748535
21
8.318381309509277
31
150.8445281982422
12
8.027935028076172
22
8.318381309509277
32
150.79498291015625
13
8.027935028076172
23
8.318381309509277
33
150.79498291015625
0
3DFACE
8
TERRAIN
10
9.031426429748535
20
7.278584003448486
30
150.9241943359375
11
10.034918785095215
21
7.278584003448486
31
150.947509765625
12
10.034918785095215
22
8.318381309509277
32
150.8603515625
13
10.034918785095215
23
8.318381309509277
33
150.8603515625
0
3DFACE
8
TERRAIN
10
9.031426429748535
20
7.278584003448486
30
150.9241943359375
11
10.034918785095215
21
8.318381309509277
31
150.8603515625
12
9.031426429748535
22
8.318381309509277
32
150.8445281982422
13
9.031426429748535
23
8.318381309509277
33
150.8445281982422
0
3DFACE
8
TERRAIN
10
10.034918785095215
20
7.278584003448486
30
150.947509765625
11
11.038410186767578
21
7.278584003448486
31
150.97642517089844
12
11.038410186767578
22
8.318381309509277
32
150.88198852539062
13
11.038410186767578
23
8.318381309509277
33
150.88198852539062
0
3DFACE
8
TERRAIN
10
10.034918785095215
20
7.278584003448486
30
150.947509765625
11
11.038410186767578
21
8.318381309509277
31
150.88198852539062
12
10.034918785095215
22
8.318381309509277
32
150.8603515625
13
10.034918785095215
23
8.318381309509277
33
150.8603515625
0
3DFACE
8
TERRAIN
10
11.038410186767578
20
7.278584003448486
30
150.97642517089844
11
12.041901588439941
21
7.278584003448486
31
151.02703857421875
12
12.041901588439941
22
8.318381309509277
32
150.91453552246094
13
12.041901588439941
23
8.318381309509277
33
150.91453552246094
0
3DFACE
8
TERRAIN
10
11.038410186767578
20
7.278584003448486
30
150.97642517089844
11
12.041901588439941
21
8.318381309509277
31
150.91453552246094
12
11.038410186767578
22
8.318381309509277
32
150.88198852539062
13
11.038410186767578
23
8.318381309509277
33
150.88198852539062
0
3DFACE
8
TERRAIN
10
12.041901588439941
20
7.278584003448486
30
151.02703857421875
11
13.045393943786621
21
7.278584003448486
31
151.01138305664062
12
13.045393943786621
22
8.318381309509277
32
150.91702270507812
13
13.045393943786621
23
8.318381309509277
33
150.91702270507812
0
3DFACE
8
TERRAIN
10
12.041901588439941
20
7.278584003448486
30
151.02703857421875
11
13.045393943786621
21
8.318381309509277
31
150.91702270507812
12
12.041901588439941
22
8.318381309509277
32
150.91453552246094
13
12.041901588439941
23
8.318381309509277
33
150.91453552246094
0
3DFACE
8
TERRAIN
10
13.045393943786621
20
7.278584003448486
30
151.01138305664062
11
14.048885345458984
21
7.278584003448486
31
150.949951171875
12
14.048885345458984
22
8.318381309509277
32
150.8681182861328
13
14.048885345458984
23
8.318381309509277
33
150.8681182861328
0
3DFACE
8
TERRAIN
10
13.045393943786621
20
7.278584003448486
30
151.01138305664062
11
14.048885345458984
21
8.318381309509277
31
150.8681182861328
12
13.045393943786621
22
8.318381309509277
32
150.91702270507812
13
13.045393943786621
23
8.318381309509277
33
150.91702270507812
0
3DFACE
8
TERRAIN
10
14.048885345458984
20
7.278584003448486
30
150.949951171875
11
15.052377700805664
21
7.278584003448486
31
150.83641052246094
12
15.052377700805664
22
8.318381309509277
32
150.77467346191406
13
15.052377700805664
23
8.318381309509277
33
150.77467346191406
0
3DFACE
8
TERRAIN
10
14.048885345458984
20
7.278584003448486
30
150.949951171875
11
15.052377700805664
21
8.318381309509277
31
150.77467346191406
12
14.048885345458984
22
8.318381309509277
32
150.8681182861328
13
14.048885345458984
23
8.318381309509277
33
150.8681182861328
0
3DFACE
8
TERRAIN
10
15.052377700805664
20
7.278584003448486
30
150.83641052246094
11
16.055870056152344
21
7.278584003448486
31
150.6900634765625
12
16.055870056152344
22
8.318381309509277
32
150.69442749023438
13
16.055870056152344
23
8.318381309509277
33
150.69442749023438
0
3DFACE
8
TERRAIN
10
15.052377700805664
20
7.278584003448486
30
150.83641052246094
11
16.055870056152344
21
8.318381309509277
31
150.69442749023438
12
15.052377700805664
22
8.318381309509277
32
150.77467346191406
13
15.052377700805664
23
8.318381309509277
33
150.77467346191406
0
3DFACE
8
TERRAIN
10
16.055870056152344
20
7.278584003448486
30
150.6900634765625
11
17.05936050415039
21
7.278584003448486
31
150.55397033691406
12
17.05936050415039
22
8.318381309509277
32
150.615966796875
13
17.05936050415039
23
8.318381309509277
33
150.615966796875
0
3DFACE
8
TERRAIN
10
16.055870056152344
20
7.278584003448486
30
150.6900634765625
11
17.05936050415039
21
8.318381309509277
31
150.615966796875
12
16.055870056152344
22
8.318381309509277
32
150.69442749023438
13
16.055870056152344
23
8.318381309509277
33
150.69442749023438
0
3DFACE
8
TERRAIN
10
17.05936050415039
20
7.278584003448486
30
150.55397033691406
11
18.06285285949707
21
7.278584003448486
31
150.43585205078125
12
18.06285285949707
22
8.318381309509277
32
150.5303192138672
13
18.06285285949707
23
8.318381309509277
33
150.5303192138672
0
3DFACE
8
TERRAIN
10
17.05936050415039
20
7.278584003448486
30
150.55397033691406
11
18.06285285949707
21
8.318381309509277
31
150.5303192138672
12
17.05936050415039
22
8.318381309509277
32
150.615966796875
13
17.05936050415039
23
8.318381309509277
33
150.615966796875
0
3DFACE
8
TERRAIN
10
18.06285285949707
20
7.278584003448486
30
150.43585205078125
11
19.06634521484375
21
7.278584003448486
31
150.20892333984375
12
19.06634521484375
22
8.318381309509277
32
150.38218688964844
13
19.06634521484375
23
8.318381309509277
33
150.38218688964844
0
3DFACE
8
TERRAIN
10
18.06285285949707
20
7.278584003448486
30
150.43585205078125
11
19.06634521484375
21
8.318381309509277
31
150.38218688964844
12
18.06285285949707
22
8.318381309509277
32
150.5303192138672
13
18.06285285949707
23
8.318381309509277
33
150.5303192138672
0
3DFACE
8
TERRAIN
10
19.06634521484375
20
7.278584003448486
30
150.20892333984375
11
20.06983757019043
21
7.278584003448486
31
149.86587524414062
12
20.06983757019043
22
8.318381309509277
32
150.07003784179688
13
20.06983757019043
23
8.318381309509277
33
150.07003784179688
0
3DFACE
8
TERRAIN
10
19.06634521484375
20
7.278584003448486
30
150.20892333984375
11
20.06983757019043
21
8.318381309509277
31
150.07003784179688
12
19.06634521484375
22
8.318381309509277
32
150.38218688964844
13
19.06634521484375
23
8.318381309509277
33
150.38218688964844
0
3DFACE
8
TERRAIN
10
20.06983757019043
20
7.278584003448486
30
149.86587524414062
11
21.073328018188477
21
7.278584003448486
31
149.4654083251953
12
21.073328018188477
22
8.318381309509277
32
149.629150390625
13
21.073328018188477
23
8.318381309509277
33
149.629150390625
0
3DFACE
8
TERRAIN
10
20.06983757019043
20
7.278584003448486
30
149.86587524414062
11
21.073328018188477
21
8.318381309509277
31
149.629150390625
12
20.06983757019043
22
8.318381309509277
32
150.07003784179688
13
20.06983757019043
23
8.318381309509277
33
150.07003784179688
0
3DFACE
8
TERRAIN
10
21.073328018188477
20
7.278584003448486
30
149.4654083251953
11
22.076820373535156
21
7.278584003448486
31
149.0399627685547
12
22.076820373535156
22
8.318381309509277
32
149.20346069335938
13
22.076820373535156
23
8.318381309509277
33
149.20346069335938
0
3DFACE
8
TERRAIN
10
21.073328018188477
20
7.278584003448486
30
149.4654083251953
11
22.076820373535156
21
8.318381309509277
31
149.20346069335938
12
21.073328018188477
22
8.318381309509277
32
149.629150390625
13
21.073328018188477
23
8.318381309509277
33
149.629150390625
0
3DFACE
8
TERRAIN
10
22.076820373535156
20
7.278584003448486
30
149.0399627685547
11
23.080312728881836
21
7.278584003448486
31
148.5766143798828
12
23.080312728881836
22
8.318381309509277
32
148.783935546875
13
23.080312728881836
23
8.318381309509277
33
148.783935546875
0
3DFACE
8
TERRAIN
10
22.076820373535156
20
7.278584003448486
30
149.0399627685547
11
23.080312728881836
21
8.318381309509277
31
148.783935546875
12
22.076820373535156
22
8.318381309509277
32
149.20346069335938
13
22.076820373535156
23
8.318381309509277
33
149.20346069335938
0
3DFACE
8
TERRAIN
10
23.080312728881836
20
7.278584003448486
30
148.5766143798828
11
24.083803176879883
21
7.278584003448486
31
148.15228271484375
12
24.083803176879883
22
8.318381309509277
32
148.2820587158203
13
24.083803176879883
23
8.318381309509277
33
148.2820587158203
0
3DFACE
8
TERRAIN
10
23.080312728881836
20
7.278584003448486
30
148.5766143798828
11
24.083803176879883
21
8.318381309509277
31
148.2820587158203
12
23.080312728881836
22
8.318381309509277
32
148.783935546875
13
23.080312728881836
23
8.318381309509277
33
148.783935546875
0
3DFACE
8
TERRAIN
10
24.083803176879883
20
7.278584003448486
30
148.15228271484375
11
25.087295532226562
21
7.278584003448486
31
147.7696990966797
12
25.087295532226562
22
8.318381309509277
32
147.8265380859375
13
25.087295532226562
23
8.318381309509277
33
147.8265380859375
0
3DFACE
8
TERRAIN
10
24.083803176879883
20
7.278584003448486
30
148.15228271484375
11
25.087295532226562
21
8.318381309509277
31
147.8265380859375
12
24.083803176879883
22
8.318381309509277
32
148.2820587158203
13
24.083803176879883
23
8.318381309509277
33
148.2820587158203
0
3DFACE
8
TERRAIN
10
25.087295532226562
20
7.278584003448486
30
147.7696990966797
11
26.090787887573242
21
7.278584003448486
31
147.41464233398438
12
26.090787887573242
22
8.318381309509277
32
147.43209838867188
13
26.090787887573242
23
8.318381309509277
33
147.43209838867188
0
3DFACE
8
TERRAIN
10
25.087295532226562
20
7.278584003448486
30
147.7696990966797
11
26.090787887573242
21
8.318381309509277
31
147.43209838867188
12
25.087295532226562
22
8.318381309509277
32
147.8265380859375
13
25.087295532226562
23
8.318381309509277
33
147.8265380859375
0
3DFACE
8
TERRAIN
10
26.090787887573242
20
7.278584003448486
30
147.41464233398438
11
27.094280242919922
21
7.278584003448486
31
147.08914184570312
12
27.094280242919922
22
8.318381309509277
32
147.0415496826172
13
27.094280242919922
23
8.318381309509277
33
147.0415496826172
0
3DFACE
8
TERRAIN
10
26.090787887573242
20
7.278584003448486
30
147.41464233398438
11
27.094280242919922
21
8.318381309509277
31
147.0415496826172
12
26.090787887573242
22
8.318381309509277
32
147.43209838867188
13
26.090787887573242
23
8.318381309509277
33
147.43209838867188
0
3DFACE
8
TERRAIN
10
27.094280242919922
20
7.278584003448486
30
147.08914184570312
11
28.09777069091797
21
7.278584003448486
31
147.11019897460938
12
28.09777069091797
22
8.318381309509277
32
146.8471221923828
13
28.09777069091797
23
8.318381309509277
33
146.8471221923828
0
3DFACE
8
TERRAIN
10
27.094280242919922
20
7.278584003448486
30
147.08914184570312
11
28.09777069091797
21
8.318381309509277
31
146.8471221923828
12
27.094280242919922
22
8.318381309509277
32
147.0415496826172
13
27.094280242919922
23
8.318381309509277
33
147.0415496826172
0
3DFACE
8
TERRAIN
10
28.09777069091797
20
7.278584003448486
30
147.11019897460938
11
29.10126304626465
21
7.278584003448486
31
147.5089874267578
12
29.10126304626465
22
8.318381309509277
32
147.1709442138672
13
29.10126304626465
23
8.318381309509277
33
147.1709442138672
0
3DFACE
8
TERRAIN
10
28.09777069091797
20
7.278584003448486
30
147.11019897460938
11
29.10126304626465
21
8.318381309509277
31
147.1709442138672
12
28.09777069091797
22
8.318381309509277
32
146.8471221923828
13
28.09777069091797
23
8.318381309509277
33
146.8471221923828
0
3DFACE
8
TERRAIN
10
29.10126304626465
20
7.278584003448486
30
147.5089874267578
11
30.104755401611328
21
7.278584003448486
31
147.83885192871094
12
30.104755401611328
22
8.318381309509277
32
147.49790954589844
13
30.104755401611328
23
8.318381309509277
33
147.49790954589844
0
3DFACE
8
TERRAIN
10
29.10126304626465
20
7.278584003448486
30
147.5089874267578
11
30.104755401611328
21
8.318381309509277
31
147.49790954589844
12
29.10126304626465
22
8.318381309509277
32
147.1709442138672
13
29.10126304626465
23
8.318381309509277
33
147.1709442138672
0
3DFACE
8
TERRAIN
10
30.104755401611328
20
7.278584003448486
30
147.83885192871094
11
31.108245849609375
21
7.278584003448486
31
148.17172241210938
12
31.108245849609375
22
8.318381309509277
32
147.89186096191406
13
31.108245849609375
23
8.318381309509277
33
147.89186096191406
0
3DFACE
8
TERRAIN
10
30.104755401611328
20
7.278584003448486
30
147.83885192871094
11
31.108245849609375
21
8.318381309509277
31
147.89186096191406
12
30.104755401611328
22
8.318381309509277
32
147.49790954589844
13
30.104755401611328
23
8.318381309509277
33
147.49790954589844
0
3DFACE
8
TERRAIN
10
31.108245849609375
20
7.278584003448486
30
148.17172241210938
11
32.11174011230469
21
7.278584003448486
31
148.4832763671875
12
32.11174011230469
22
8.318381309509277
32
148.22410583496094
13
32.11174011230469
23
8.318381309509277
33
148.22410583496094
0
3DFACE
8
TERRAIN
10
31.108245849609375
20
7.278584003448486
30
148.17172241210938
11
32.11174011230469
21
8.318381309509277
31
148.22410583496094
12
31.108245849609375
22
8.318381309509277
32
147.89186096191406
13
31.108245849609375
23
8.318381309509277
33
147.89186096191406
0
3DFACE
8
TERRAIN
10
32.11174011230469
20
7.278584003448486
30
148.4832763671875
11
33.115230560302734
21
7.278584003448486
31
148.8085174560547
12
33.115230560302734
22
8.318381309509277
32
148.5451202392578
13
33.115230560302734
23
8.318381309509277
33
148.5451202392578
0
3DFACE
8
TERRAIN
10
32.11174011230469
20
7.278584003448486
30
148.4832763671875
11
33.115230560302734
21
8.318381309509277
31
148.5451202392578
12
32.11174011230469
22
8.318381309509277
32
148.22410583496094
13
32.11174011230469
23
8.318381309509277
33
148.22410583496094
0
3DFACE
8
TERRAIN
10
33.115230560302734
20
7.278584003448486
30
148.8085174560547
11
34.11872100830078
21
7.278584003448486
31
149.00852966308594
12
34.11872100830078
22
8.318381309509277
32
148.81369018554688
13
34.11872100830078
23
8.318381309509277
33
148.81369018554688
0
3DFACE
8
TERRAIN
10
33.115230560302734
20
7.278584003448486
30
148.8085174560547
11
34.11872100830078
21
8.318381309509277
31
148.81369018554688
12
33.115230560302734
22
8.318381309509277
32
148.5451202392578
13
33.115230560302734
23
8.318381309509277
33
148.5451202392578
0
3DFACE
8
TERRAIN
10
34.11872100830078
20
7.278584003448486
30
149.00852966308594
11
35.122215270996094
21
7.278584003448486
31
149.22274780273438
12
35.122215270996094
22
8.318381309509277
32
149.09231567382812
13
35.122215270996094
23
8.318381309509277
33
149.09231567382812
0
3DFACE
8
TERRAIN
10
34.11872100830078
20
7.278584003448486
30
149.00852966308594
11
35.122215270996094
21
8.318381309509277
31
149.09231567382812
12
34.11872100830078
22
8.318381309509277
32
148.81369018554688
13
34.11872100830078
23
8.318381309509277
33
148.81369018554688
0
3DFACE
8
TERRAIN
10
35.122215270996094
20
7.278584003448486
30
149.22274780273438
11
36.12570571899414
21
7.278584003448486
31
149.26544189453125
12
36.12570571899414
22
8.318381309509277
32
149.1835479736328
13
36.12570571899414
23
8.318381309509277
33
149.1835479736328
0
3DFACE
8
TERRAIN
10
35.122215270996094
20
7.278584003448486
30
149.22274780273438
11
36.12570571899414
21
8.318381309509277
31
149.1835479736328
12
35.122215270996094
22
8.318381309509277
32
149.09231567382812
13
35.122215270996094
23
8.318381309509277
33
149.09231567382812
0
3DFACE
8
TERRAIN
10
36.12570571899414
20
7.278584003448486
30
149.26544189453125
11
37.12919616699219
21
7.278584003448486
31
149.2017059326172
12
37.12919616699219
22
8.318381309509277
32
149.05545043945312
13
37.12919616699219
23
8.318381309509277
33
149.05545043945312
0
3DFACE
8
TERRAIN
10
36.12570571899414
20
7.278584003448486
30
149.26544189453125
11
37.12919616699219
21
8.318381309509277
31
149.05545043945312
12
36.12570571899414
22
8.318381309509277
32
149.1835479736328
13
36.12570571899414
23
8.318381309509277
33
149.1835479736328
0
3DFACE
8
TERRAIN
10
37.12919616699219
20
7.278584003448486
30
149.2017059326172
11
38.1326904296875
21
7.278584003448486
31
149.09275817871094
12
38.1326904296875
22
8.318381309509277
32
148.87477111816406
13
38.1326904296875
23
8.318381309509277
33
148.87477111816406
0
3DFACE
8
TERRAIN
10
37.12919616699219
20
7.278584003448486
30
149.2017059326172
11
38.1326904296875
21
8.318381309509277
31
148.87477111816406
12
37.12919616699219
22
8.318381309509277
32
149.05545043945312
13
37.12919616699219
23
8.318381309509277
33
149.05545043945312
0
3DFACE
8
TERRAIN
10
38.1326904296875
20
7.278584003448486
30
149.09275817871094
11
39.13618087768555
21
7.278584003448486
31
148.82241821289062
12
39.13618087768555
22
8.318381309509277
32
148.5204315185547
13
39.13618087768555
23
8.318381309509277
33
148.5204315185547
0
3DFACE
8
TERRAIN
10
38.1326904296875
20
7.278584003448486
30
149.09275817871094
11
39.13618087768555
21
8.318381309509277
31
148.5204315185547
12
38.1326904296875
22
8.318381309509277
32
148.87477111816406
13
38.1326904296875
23
8.318381309509277
33
148.87477111816406
0
3DFACE
8
TERRAIN
10
39.13618087768555
20
7.278584003448486
30
148.82241821289062
11
40.13967514038086
21
7.278584003448486
31
148.33895874023438
12
40.13967514038086
22
8.318381309509277
32
148.19338989257812
13
40.13967514038086
23
8.318381309509277
33
148.19338989257812
0
3DFACE
8
TERRAIN
10
39.13618087768555
20
7.278584003448486
30
148.82241821289062
11
40.13967514038086
21
8.318381309509277
31
148.19338989257812
12
39.13618087768555
22
8.318381309509277
32
148.5204315185547
13
39.13618087768555
23
8.318381309509277
33
148.5204315185547
0
3DFACE
8
TERRAIN
10
40.13967514038086
20
7.278584003448486
30
148.33895874023438
11
41.143165588378906
21
7.278584003448486
31
148.00357055664062
12
41.143165588378906
22
8.318381309509277
32
147.84730529785156
13
41.143165588378906
23
8.318381309509277
33
147.84730529785156
0
3DFACE
8
TERRAIN
10
40.13967514038086
20
7.278584003448486
30
148.33895874023438
11
41.143165588378906
21
8.318381309509277
31
147.84730529785156
12
40.13967514038086
22
8.318381309509277
32
148.19338989257812
13
40.13967514038086
23
8.318381309509277
33
148.19338989257812
0
3DFACE
8
TERRAIN
10
41.143165588378906
20
7.278584003448486
30
148.00357055664062
11
42.14665603637695
21
7.278584003448486
31
147.70057678222656
12
42.14665603637695
22
8.318381309509277
32
147.42523193359375
13
42.14665603637695
23
8.318381309509277
33
147.42523193359375
0
3DFACE
8
TERRAIN
10
41.143165588378906
20
7.278584003448486
30
148.00357055664062
11
42.14665603637695
21
8.318381309509277
31
147.42523193359375
12
41.143165588378906
22
8.318381309509277
32
147.84730529785156
13
41.143165588378906
23
8.318381309509277
33
147.84730529785156
0
3DFACE
8
TERRAIN
10
42.14665603637695
20
7.278584003448486
30
147.70057678222656
11
43.150150299072266
21
7.278584003448486
31
147.37376403808594
12
43.150150299072266
22
8.318381309509277
32
147.04872131347656
13
43.150150299072266
23
8.318381309509277
33
147.04872131347656
0
3DFACE
8
TERRAIN
10
42.14665603637695
20
7.278584003448486
30
147.70057678222656
11
43.150150299072266
21
8.318381309509277
31
147.04872131347656
12
42.14665603637695
22
8.318381309509277
32
147.42523193359375
13
42.14665603637695
23
8.318381309509277
33
147.42523193359375
0
3DFACE
8
TERRAIN
10
43.150150299072266
20
7.278584003448486
30
147.37376403808594
11
44.15364074707031
21
7.278584003448486
31
147.11195373535156
12
44.15364074707031
22
8.318381309509277
32
146.89305114746094
13
44.15364074707031
23
8.318381309509277
33
146.89305114746094
0
3DFACE
8
TERRAIN
10
43.150150299072266
20
7.278584003448486
30
147.37376403808594
11
44.15364074707031
21
8.318381309509277
31
146.89305114746094
12
43.150150299072266
22
8.318381309509277
32
147.04872131347656
13
43.150150299072266
23
8.318381309509277
33
147.04872131347656
0
3DFACE
8
TERRAIN
10
44.15364074707031
20
7.278584003448486
30
147.11195373535156
11
45.15713119506836
21
7.278584003448486
31
146.90347290039062
12
45.15713119506836
22
8.318381309509277
32
146.99728393554688
13
45.15713119506836
23
8.318381309509277
33
146.99728393554688
0
3DFACE
8
TERRAIN
10
44.15364074707031
20
7.278584003448486
30
147.11195373535156
11
45.15713119506836
21
8.318381309509277
31
146.99728393554688
12
44.15364074707031
22
8.318381309509277
32
146.89305114746094
13
44.15364074707031
23
8.318381309509277
33
146.89305114746094
0
3DFACE
8
TERRAIN
10
0
20
6.238786220550537
30
150.90866088867188
11
1.0034918785095215
21
6.238786220550537
31
151.0045623779297
12
1.0034918785095215
22
7.278584003448486
32
150.82362365722656
13
1.0034918785095215
23
7.278584003448486
33
150.82362365722656
0
3DFACE
8
TERRAIN
10
0
20
6.238786220550537
30
150.90866088867188
11
1.0034918785095215
21
7.278584003448486
31
150.82362365722656
12
0
22
7.278584003448486
32
150.736572265625
13
0
23
7.278584003448486
33
150.736572265625
0
3DFACE
8
TERRAIN
10
1.0034918785095215
20
6.238786220550537
30
151.0045623779297
11
2.006983757019043
21
6.238786220550537
31
151.01686096191406
12
2.006983757019043
22
7.278584003448486
32
150.84117126464844
13
2.006983757019043
23
7.278584003448486
33
150.84117126464844
0
3DFACE
8
TERRAIN
10
1.0034918785095215
20
6.238786220550537
30
151.0045623779297
11
2.006983757019043
21
7.278584003448486
31
150.84117126464844
12
1.0034918785095215
22
7.278584003448486
32
150.82362365722656
13
1.0034918785095215
23
7.278584003448486
33
150.82362365722656
0
3DFACE
8
TERRAIN
10
2.006983757019043
20
6.238786220550537
30
151.01686096191406
11
3.0104753971099854
21
6.238786220550537
31
150.9622039794922
12
3.0104753971099854
22
7.278584003448486
32
150.8048553466797
13
3.0104753971099854
23
7.278584003448486
33
150.8048553466797
0
3DFACE
8
TERRAIN
10
2.006983757019043
20
6.238786220550537
30
151.01686096191406
11
3.0104753971099854
21
7.278584003448486
31
150.8048553466797
12
2.006983757019043
22
7.278584003448486
32
150.84117126464844
13
2.006983757019043
23
7.278584003448486
33
150.84117126464844
0
3DFACE
8
TERRAIN
10
3.0104753971099854
20
6.238786220550537
30
150.9622039794922
11
4.013967514038086
21
6.238786220550537
31
150.95912170410156
12
4.013967514038086
22
7.278584003448486
32
150.82080078125
13
4.013967514038086
23
7.278584003448486
33
150.82080078125
0
3DFACE
8
TERRAIN
10
3.0104753971099854
20
6.238786220550537
30
150.9622039794922
11
4.013967514038086
21
7.278584003448486
31
150.82080078125
12
3.0104753971099854
22
7.278584003448486
32
150.8048553466797
13
3.0104753971099854
23
7.278584003448486
33
150.8048553466797
0
3DFACE
8
TERRAIN
10
4.013967514038086
20
6.238786220550537
30
150.95912170410156
11
5.017459392547607
21
6.238786220550537
31
150.98777770996094
12
5.017459392547607
22
7.278584003448486
32
150.8599090576172
13
5.017459392547607
23
7.278584003448486
33
150.8599090576172
0
3DFACE
8
TERRAIN
10
4.013967514038086
20
6.238786220550537
30
150.95912170410156
11
5.017459392547607
21
7.278584003448486
31
150.8599090576172
12
4.013967514038086
22
7.278584003448486
32
150.82080078125
13
4.013967514038086
23
7.278584003448486
33
150.82080078125
0
3DFACE
8
TERRAIN
10
5.017459392547607
20
6.238786220550537
30
150.98777770996094
11
6.020950794219971
21
6.238786220550537
31
150.99215698242188
12
6.020950794219971
22
7.278584003448486
32
150.8817138671875
13
6.020950794219971
23
7.278584003448486
33
150.8817138671875
0
3DFACE
8
TERRAIN
10
5.017459392547607
20
6.238786220550537
30
150.98777770996094
11
6.020950794219971
21
7.278584003448486
31
150.8817138671875
12
5.017459392547607
22
7.278584003448486
32
150.8599090576172
13
5.017459392547607
23
7.278584003448486
33
150.8599090576172
0
3DFACE
8
TERRAIN
10
6.020950794219971
20
6.238786220550537
30
150.99215698242188
11
7.024442672729492
21
6.238786220550537
31
150.9993438720703
12
7.024442672729492
22
7.278584003448486
32
150.8944549560547
13
7.024442672729492
23
7.278584003448486
33
150.8944549560547
0
3DFACE
8
TERRAIN
10
6.020950794219971
20
6.238786220550537
30
150.99215698242188
11
7.024442672729492
21
7.278584003448486
31
150.8944549560547
12
6.020950794219971
22
7.278584003448486
32
150.8817138671875
13
6.020950794219971
23
7.278584003448486
33
150.8817138671875
0
3DFACE
8
TERRAIN
10
7.024442672729492
20
6.238786220550537
30
150.9993438720703
11
8.027935028076172
21
6.238786220550537
31
150.99630737304688
12
8.027935028076172
22
7.278584003448486
32
150.8974609375
13
8.027935028076172
23
7.278584003448486
33
150.8974609375
0
3DFACE
8
TERRAIN
10
7.024442672729492
20
6.238786220550537
30
150.9993438720703
11
8.027935028076172
21
7.278584003448486
31
150.8974609375
12
7.024442672729492
22
7.278584003448486
32
150.8944549560547
13
7.024442672729492
23
7.278584003448486
33
150.8944549560547
0
3DFACE
8
TERRAIN
10
8.027935028076172
20
6.238786220550537
30
150.99630737304688
11
9.031426429748535
21
6.238786220550537
31
150.99029541015625
12
9.031426429748535
22
7.278584003448486
32
150.9241943359375
13
9.031426429748535
23
7.278584003448486
33
150.9241943359375
0
3DFACE
8
TERRAIN
10
8.027935028076172
20
6.238786220550537
30
150.99630737304688
11
9.031426429748535
21
7.278584003448486
31
150.9241943359375
12
8.027935028076172
22
7.278584003448486
32
150.8974609375
13
8.027935028076172
23
7.278584003448486
33
150.8974609375
0
3DFACE
8
TERRAIN
10
9.031426429748535
20
6.238786220550537
30
150.99029541015625
11
10.034918785095215
21
6.238786220550537
31
151.01260375976562
12
10.034918785095215
22
7.278584003448486
32
150.947509765625
13
10.034918785095215
23
7.278584003448486
33
150.947509765625
0
3DFACE
8
TERRAIN
10
9.031426429748535
20
6.238786220550537
30
150.99029541015625
11
10.034918785095215
21
7.278584003448486
31
150.947509765625
12
9.031426429748535
22
7.278584003448486
32
150.9241943359375
13
9.031426429748535
23
7.278584003448486
33
150.9241943359375
0
3DFACE
8
TERRAIN
10
10.034918785095215
20
6.238786220550537
30
151.01260375976562
11
11.038410186767578
21
6.238786220550537
31
151.04405212402344
12
11.038410186767578
22
7.278584003448486
32
150.97642517089844
13
11.038410186767578
23
7.278584003448486
33
150.97642517089844
0
3DFACE
8
TERRAIN
10
10.034918785095215
20
6.238786220550537
30
151.01260375976562
11
11.038410186767578
21
7.278584003448486
31
150.97642517089844
12
10.034918785095215
22
7.278584003448486
32
150.947509765625
13
10.034918785095215
23
7.278584003448486
33
150.947509765625
0
3DFACE
8
TERRAIN
10
11.038410186767578
20
6.238786220550537
30
151.04405212402344
11
12.041901588439941
21
6.238786220550537
31
151.06716918945312
12
12.041901588439941
22
7.278584003448486
32
151.02703857421875
13
12.041901588439941
23
7.278584003448486
33
151.02703857421875
0
3DFACE
8
TERRAIN
10
11.038410186767578
20
6.238786220550537
30
151.04405212402344
11
12.041901588439941
21
7.278584003448486
31
151.02703857421875
12
11.038410186767578
22
7.278584003448486
32
150.97642517089844
13
11.038410186767578
23
7.278584003448486
33
150.97642517089844
0
3DFACE
8
TERRAIN
10
12.041901588439941
20
6.238786220550537
30
151.06716918945312
11
13.045393943786621
21
6.238786220550537
31
151.05474853515625
12
13.045393943786621
22
7.278584003448486
32
151.01138305664062
13
13.045393943786621
23
7.278584003448486
33
151.01138305664062
0
3DFACE
8
TERRAIN
10
12.041901588439941
20
6.238786220550537
30
151.06716918945312
11
13.045393943786621
21
7.278584003448486
31
151.01138305664062
12
12.041901588439941
22
7.278584003448486
32
151.02703857421875
13
12.041901588439941
23
7.278584003448486
33
151.02703857421875
0
3DFACE
8
TERRAIN
10
13.045393943786621
20
6.238786220550537
30
151.05474853515625
11
14.048885345458984
21
6.238786220550537
31
150.9836883544922
12
14.048885345458984
22
7.278584003448486
32
150.949951171875
13
14.048885345458984
23
7.278584003448486
33
150.949951171875
0
3DFACE
8
TERRAIN
10
13.045393943786621
20
6.238786220550537
30
151.05474853515625
11
14.048885345458984
21
7.278584003448486
31
150.949951171875
12
13.045393943786621
22
7.278584003448486
32
151.01138305664062
13
13.045393943786621
23
7.278584003448486
33
151.01138305664062
0
3DFACE
8
TERRAIN
10
14.048885345458984
20
6.238786220550537
30
150.9836883544922
11
15.052377700805664
21
6.238786220550537
31
150.8653564453125
12
15.052377700805664
22
7.278584003448486
32
150.83641052246094
13
15.052377700805664
23
7.278584003448486
33
150.83641052246094
0
3DFACE
8
TERRAIN
10
14.048885345458984
20
6.238786220550537
30
150.9836883544922
11
15.052377700805664
21
7.278584003448486
31
150.83641052246094
12
14.048885345458984
22
7.278584003448486
32
150.949951171875
13
14.048885345458984
23
7.278584003448486
33
150.949951171875
0
3DFACE
8
TERRAIN
10
15.052377700805664
20
6.238786220550537
30
150.8653564453125
11
16.055870056152344
21
6.238786220550537
31
150.7045135498047
12
16.055870056152344
22
7.278584003448486
32
150.6900634765625
13
16.055870056152344
23
7.278584003448486
33
150.6900634765625
0
3DFACE
8
TERRAIN
10
15.052377700805664
20
6.238786220550537
30
150.8653564453125
11
16.055870056152344
21
7.278584003448486
31
150.6900634765625
12
15.052377700805664
22
7.278584003448486
32
150.83641052246094
13
15.052377700805664
23
7.278584003448486
33
150.83641052246094
0
3DFACE
8
TERRAIN
10
16.055870056152344
20
6.238786220550537
30
150.7045135498047
11
17.05936050415039
21
6.238786220550537
31
150.54403686523438
12
17.05936050415039
22
7.278584003448486
32
150.55397033691406
13
17.05936050415039
23
7.278584003448486
33
150.55397033691406
0
3DFACE
8
TERRAIN
10
16.055870056152344
20
6.238786220550537
30
150.7045135498047
11
17.05936050415039
21
7.278584003448486
31
150.55397033691406
12
16.055870056152344
22
7.278584003448486
32
150.6900634765625
13
16.055870056152344
23
7.278584003448486
33
150.6900634765625
0
3DFACE
8
TERRAIN
10
17.05936050415039
20
6.238786220550537
30
150.54403686523438
11
18.06285285949707
21
6.238786220550537
31
150.36660766601562
12
18.06285285949707
22
7.278584003448486
32
150.43585205078125
13
18.06285285949707
23
7.278584003448486
33
150.43585205078125
0
3DFACE
8
TERRAIN
10
17.05936050415039
20
6.238786220550537
30
150.54403686523438
11
18.06285285949707
21
7.278584003448486
31
150.43585205078125
12
17.05936050415039
22
7.278584003448486
32
150.55397033691406
13
17.05936050415039
23
7.278584003448486
33
150.55397033691406
0
3DFACE
8
TERRAIN
10
18.06285285949707
20
6.238786220550537
30
150.36660766601562
11
19.06634521484375
21
6.238786220550537
31
150.14883422851562
12
19.06634521484375
22
7.278584003448486
32
150.20892333984375
13
19.06634521484375
23
7.278584003448486
33
150.20892333984375
0
3DFACE
8
TERRAIN
10
18.06285285949707
20
6.238786220550537
30
150.36660766601562
11
19.06634521484375
21
7.278584003448486
31
150.20892333984375
12
18.06285285949707
22
7.278584003448486
32
150.43585205078125
13
18.06285285949707
23
7.278584003448486
33
150.43585205078125
0
3DFACE
8
TERRAIN
10
19.06634521484375
20
6.238786220550537
30
150.14883422851562
11
20.06983757019043
21
6.238786220550537
31
149.8450927734375
12
20.06983757019043
22
7.278584003448486
32
149.86587524414062
13
20.06983757019043
23
7.278584003448486
33
149.86587524414062
0
3DFACE
8
TERRAIN
10
19.06634521484375
20
6.238786220550537
30
150.14883422851562
11
20.06983757019043
21
7.278584003448486
31
149.86587524414062
12
19.06634521484375
22
7.278584003448486
32
150.20892333984375
13
19.06634521484375
23
7.278584003448486
33
150.20892333984375
0
3DFACE
8
TERRAIN
10
20.06983757019043
20
6.238786220550537
30
149.8450927734375
11
21.073328018188477
21
6.238786220550537
31
149.39871215820312
12
21.073328018188477
22
7.278584003448486
32
149.4654083251953
13
21.073328018188477
23
7.278584003448486
33
149.4654083251953
0
3DFACE
8
TERRAIN
10
20.06983757019043
20
6.238786220550537
30
149.8450927734375
11
21.073328018188477
21
7.278584003448486
31
149.4654083251953
12
20.06983757019043
22
7.278584003448486
32
149.86587524414062
13
20.06983757019043
23
7.278584003448486
33
149.86587524414062
0
3DFACE
8
TERRAIN
10
21.073328018188477
20
6.238786220550537
30
149.39871215820312
11
22.076820373535156
21
6.238786220550537
31
148.93829345703125
12
22.076820373535156
22
7.278584003448486
32
149.0399627685547
13
22.076820373535156
23
7.278584003448486
33
149.0399627685547
0
3DFACE
8
TERRAIN
10
21.073328018188477
20
6.238786220550537
30
149.39871215820312
11
22.076820373535156
21
7.278584003448486
31
149.0399627685547
12
21.073328018188477
22
7.278584003448486
32
149.4654083251953
13
21.073328018188477
23
7.278584003448486
33
149.4654083251953
0
3DFACE
8
TERRAIN
10
22.076820373535156
20
6.238786220550537
30
148.93829345703125
11
23.080312728881836
21
6.238786220550537
31
148.42919921875
12
23.080312728881836
22
7.278584003448486
32
148.5766143798828
13
23.080312728881836
23
7.278584003448486
33
148.5766143798828
0
3DFACE
8
TERRAIN
10
22.076820373535156
20
6.238786220550537
30
148.93829345703125
11
23.080312728881836
21
7.278584003448486
31
148.5766143798828
12
22.076820373535156
22
7.278584003448486
32
149.0399627685547
13
22.076820373535156
23
7.278584003448486
33
149.0399627685547
0
3DFACE
8
TERRAIN
10
23.080312728881836
20
6.238786220550537
30
148.42919921875
11
24.083803176879883
21
6.238786220550537
31
147.93426513671875
12
24.083803176879883
22
7.278584003448486
32
148.15228271484375
13
24.083803176879883
23
7.278584003448486
33
148.15228271484375
0
3DFACE
8
TERRAIN
10
23.080312728881836
20
6.238786220550537
30
148.42919921875
11
24.083803176879883
21
7.278584003448486
31
148.15228271484375
12
23.080312728881836
22
7.278584003448486
32
148.5766143798828
13
23.080312728881836
23
7.278584003448486
33
148.5766143798828
0
3DFACE
8
TERRAIN
10
24.083803176879883
20
6.238786220550537
30
147.93426513671875
11
25.087295532226562
21
6.238786220550537
31
147.63575744628906
12
25.087295532226562
22
7.278584003448486
32
147.7696990966797
13
25.087295532226562
23
7.278584003448486
33
147.7696990966797
0
3DFACE
8
TERRAIN
10
24.083803176879883
20
6.238786220550537
30
147.93426513671875
11
25.087295532226562
21
7.278584003448486
31
147.7696990966797
12
24.083803176879883
22
7.278584003448486
32
148.15228271484375
13
24.083803176879883
23
7.278584003448486
33
148.15228271484375
0
3DFACE
8
TERRAIN
10
25.087295532226562
20
6.238786220550537
30
147.63575744628906
11
26.090787887573242
21
6.238786220550537
31
147.3450927734375
12
26.090787887573242
22
7.278584003448486
32
147.41464233398438
13
26.090787887573242
23
7.278584003448486
33
147.41464233398438
0
3DFACE
8
TERRAIN
10
25.087295532226562
20
6.238786220550537
30
147.63575744628906
11
26.090787887573242
21
7.278584003448486
31
147.41464233398438
12
25.087295532226562
22
7.278584003448486
32
147.7696990966797
13
25.087295532226562
23
7.278584003448486
33
147.7696990966797
0
3DFACE
8
TERRAIN
10
26.090787887573242
20
6.238786220550537
30
147.3450927734375
11
27.094280242919922
21
6.238786220550537
31
147.2026824951172
12
27.094280242919922
22
7.278584003448486
32
147.08914184570312
13
27.094280242919922
23
7.278584003448486
33
147.08914184570312
0
3DFACE
8
TERRAIN
10
26.090787887573242
20
6.238786220550537
30
147.3450927734375
11
27.094280242919922
21
7.278584003448486
31
147.08914184570312
12
26.090787887573242
22
7.278584003448486
32
147.41464233398438
13
26.090787887573242
23
7.278584003448486
33
147.41464233398438
0
3DFACE
8
TERRAIN
10
27.094280242919922
20
6.238786220550537
30
147.2026824951172
11
28.09777069091797
21
6.238786220550537
31
147.40562438964844
12
28.09777069091797
22
7.278584003448486
32
147.11019897460938
13
28.09777069091797
23
7.278584003448486
33
147.11019897460938
0
3DFACE
8
TERRAIN
10
27.094280242919922
20
6.238786220550537
30
147.2026824951172
11
28.09777069091797
21
7.278584003448486
31
147.11019897460938
12
27.094280242919922
22
7.278584003448486
32
147.08914184570312
13
27.094280242919922
23
7.278584003448486
33
147.08914184570312
0
3DFACE
8
TERRAIN
10
28.09777069091797
20
6.238786220550537
30
147.40562438964844
11
29.10126304626465
21
6.238786220550537
31
147.79214477539062
12
29.10126304626465
22
7.278584003448486
32
147.5089874267578
13
29.10126304626465
23
7.278584003448486
33
147.5089874267578
0
3DFACE
8
TERRAIN
10
28.09777069091797
20
6.238786220550537
30
147.40562438964844
11
29.10126304626465
21
7.278584003448486
31
147.5089874267578
12
28.09777069091797
22
7.278584003448486
32
147.11019897460938
13
28.09777069091797
23
7.278584003448486
33
147.11019897460938
0
3DFACE
8
TERRAIN
10
29.10126304626465
20
6.238786220550537
30
147.79214477539062
11
30.104755401611328
21
6.238786220550537
31
148.17030334472656
12
30.104755401611328
22
7.278584003448486
32
147.83885192871094
13
30.104755401611328
23
7.278584003448486
33
147.83885192871094
0
3DFACE
8
TERRAIN
10
29.10126304626465
20
6.238786220550537
30
147.79214477539062
11
30.104755401611328
21
7.278584003448486
31
147.83885192871094
12
29.10126304626465
22
7.278584003448486
32
147.5089874267578
13
29.10126304626465
23
7.278584003448486
33
147.5089874267578
0
3DFACE
8
TERRAIN
10
30.104755401611328
20
6.238786220550537
30
148.17030334472656
11
31.108245849609375
21
6.238786220550537
31
148.44911193847656
12
31.108245849609375
22
7.278584003448486
32
148.17172241210938
13
31.108245849609375
23
7.278584003448486
33
148.17172241210938
0
3DFACE
8
TERRAIN
10
30.104755401611328
20
6.238786220550537
30
148.17030334472656
11
31.108245849609375
21
7.278584003448486
31
148.17172241210938
12
30.104755401611328
22
7.278584003448486
32
147.83885192871094
13
30.104755401611328
23
7.278584003448486
33
147.83885192871094
0
3DFACE
8
TERRAIN
10
31.108245849609375
20
6.238786220550537
30
148.44911193847656
11
32.11174011230469
21
6.238786220550537
31
148.76182556152344
12
32.11174011230469
22
7.278584003448486
32
148.4832763671875
13
32.11174011230469
23
7.278584003448486
33
148.4832763671875
0
3DFACE
8
TERRAIN
10
31.108245849609375
20
6.238786220550537
30
148.44911193847656
11
32.11174011230469
21
7.278584003448486
31
148.4832763671875
12
31.108245849609375
22
7.278584003448486
32
148.17172241210938
13
31.108245849609375
23
7.278584003448486
33
148.17172241210938
0
3DFACE
8
TERRAIN
10
32.11174011230469
20
6.238786220550537
30
148.76182556152344
11
33.115230560302734
21
6.238786220550537
31
149.1277618408203
12
33.115230560302734
22
7.278584003448486
32
148.8085174560547
13
33.115230560302734
23
7.278584003448486
33
148.8085174560547
0
3DFACE
8
TERRAIN
10
32.11174011230469
20
6.238786220550537
30
148.76182556152344
11
33.115230560302734
21
7.278584003448486
31
148.8085174560547
12
32.11174011230469
22
7.278584003448486
32
148.4832763671875
13
32.11174011230469
23
7.278584003448486
33
148.4832763671875
0
3DFACE
8
TERRAIN
10
33.115230560302734
20
6.238786220550537
30
149.1277618408203
11
34.11872100830078
21
6.238786220550537
31
149.39463806152344
12
34.11872100830078
22
7.278584003448486
32
149.00852966308594
13
34.11872100830078
23
7.278584003448486
33
149.00852966308594
0
3DFACE
8
TERRAIN
10
33.115230560302734
20
6.238786220550537
30
149.1277618408203
11
34.11872100830078
21
7.278584003448486
31
149.00852966308594
12
33.115230560302734
22
7.278584003448486
32
148.8085174560547
13
33.115230560302734
23
7.278584003448486
33
148.8085174560547
0
3DFACE
8
TERRAIN
10
34.11872100830078
20
6.238786220550537
30
149.39463806152344
11
35.122215270996094
21
6.238786220550537
31
149.47967529296875
12
35.122215270996094
22
7.278584003448486
32
149.22274780273438
13
35.122215270996094
23
7.278584003448486
33
149.22274780273438
0
3DFACE
8
TERRAIN
10
34.11872100830078
20
6.238786220550537
30
149.39463806152344
11
35.122215270996094
21
7.278584003448486
31
149.22274780273438
12
34.11872100830078
22
7.278584003448486
32
149.00852966308594
13
34.11872100830078
23
7.278584003448486
33
149.00852966308594
0
3DFACE
8
TERRAIN
10
35.122215270996094
20
6.238786220550537
30
149.47967529296875
11
36.12570571899414
21
6.238786220550537
31
149.4195098876953
12
36.12570571899414
22
7.278584003448486
32
149.26544189453125
13
36.12570571899414
23
7.278584003448486
33
149.26544189453125
0
3DFACE
8
TERRAIN
10
35.122215270996094
20
6.238786220550537
30
149.47967529296875
11
36.12570571899414
21
7.278584003448486
31
149.26544189453125
12
35.122215270996094
22
7.278584003448486
32
149.22274780273438
13
35.122215270996094
23
7.278584003448486
33
149.22274780273438
0
3DFACE
8
TERRAIN
10
36.12570571899414
20
6.238786220550537
30
149.4195098876953
11
37.12919616699219
21
6.238786220550537
31
149.37718200683594
12
37.12919616699219
22
7.278584003448486
32
149.2017059326172
13
37.12919616699219
23
7.278584003448486
33
149.2017059326172
0
3DFACE
8
TERRAIN
10
36.12570571899414
20
6.238786220550537
30
149.4195098876953
11
37.12919616699219
21
7.278584003448486
31
149.2017059326172
12
36.12570571899414
22
7.278584003448486
32
149.26544189453125
13
36.12570571899414
23
7.278584003448486
33
149.26544189453125
0
3DFACE
8
TERRAIN
10
37.12919616699219
20
6.238786220550537
30
149.37718200683594
11
38.1326904296875
21
6.238786220550537
31
149.2783966064453
12
38.1326904296875
22
7.278584003448486
32
149.09275817871094
13
38.1326904296875
23
7.278584003448486
33
149.09275817871094
0
3DFACE
8
TERRAIN
10
37.12919616699219
20
6.238786220550537
30
149.37718200683594
11
38.1326904296875
21
7.278584003448486
31
149.09275817871094
12
37.12919616699219
22
7.278584003448486
32
149.2017059326172
13
37.12919616699219
23
7.278584003448486
33
149.2017059326172
0
3DFACE
8
TERRAIN
10
38.1326904296875
20
6.238786220550537
30
149.2783966064453
11
39.13618087768555
21
6.238786220550537
31
148.9412384033203
12
39.13618087768555
22
7.278584003448486
32
148.82241821289062
13
39.13618087768555
23
7.278584003448486
33
148.82241821289062
0
3DFACE
8
TERRAIN
10
38.1326904296875
20
6.238786220550537
30
149.2783966064453
11
39.13618087768555
21
7.278584003448486
31
148.82241821289062
12
38.1326904296875
22
7.278584003448486
32
149.09275817871094
13
38.1326904296875
23
7.278584003448486
33
149.09275817871094
0
3DFACE
8
TERRAIN
10
39.13618087768555
20
6.238786220550537
30
148.9412384033203
11
40.13967514038086
21
6.238786220550537
31
148.5063018798828
12
40.13967514038086
22
7.278584003448486
32
148.33895874023438
13
40.13967514038086
23
7.278584003448486
33
148.33895874023438
0
3DFACE
8
TERRAIN
10
39.13618087768555
20
6.238786220550537
30
148.9412384033203
11
40.13967514038086
21
7.278584003448486
31
148.33895874023438
12
39.13618087768555
22
7.278584003448486
32
148.82241821289062
13
39.13618087768555
23
7.278584003448486
33
148.82241821289062
0
3DFACE
8
TERRAIN
10
40.13967514038086
20
6.238786220550537
30
148.5063018798828
11
41.143165588378906
21
6.238786220550537
31
148.2925262451172
12
41.143165588378906
22
7.278584003448486
32
148.00357055664062
13
41.143165588378906
23
7.278584003448486
33
148.00357055664062
0
3DFACE
8
TERRAIN
10
40.13967514038086
20
6.238786220550537
30
148.5063018798828
11
41.143165588378906
21
7.278584003448486
31
148.00357055664062
12
40.13967514038086
22
7.278584003448486
32
148.33895874023438
13
40.13967514038086
23
7.278584003448486
33
148.33895874023438
0
3DFACE
8
TERRAIN
10
41.143165588378906
20
6.238786220550537
30
148.2925262451172
11
42.14665603637695
21
6.238786220550537
31
148.03746032714844
12
42.14665603637695
22
7.278584003448486
32
147.70057678222656
13
42.14665603637695
23
7.278584003448486
33
147.70057678222656
0
3DFACE
8
TERRAIN
10
41.143165588378906
20
6.238786220550537
30
148.2925262451172
11
42.14665603637695
21
7.278584003448486
31
147.70057678222656
12
41.143165588378906
22
7.278584003448486
32
148.00357055664062
13
41.143165588378906
23
7.278584003448486
33
148.00357055664062
0
3DFACE
8
TERRAIN
10
42.14665603637695
20
6.238786220550537
30
148.03746032714844
11
43.150150299072266
21
6.238786220550537
31
147.7106170654297
12
43.150150299072266
22
7.278584003448486
32
147.37376403808594
13
43.150150299072266
23
7.278584003448486
33
147.37376403808594
0
3DFACE
8
TERRAIN
10
42.14665603637695
20
6.238786220550537
30
148.03746032714844
11
43.150150299072266
21
7.278584003448486
31
147.37376403808594
12
42.14665603637695
22
7.278584003448486
32
147.70057678222656
13
42.14665603637695
23
7.278584003448486
33
147.70057678222656
0
3DFACE
8
TERRAIN
10
43.150150299072266
20
6.238786220550537
30
147.7106170654297
11
44.15364074707031
21
6.238786220550537
31
147.3510284423828
12
44.15364074707031
22
7.278584003448486
32
147.11195373535156
13
44.15364074707031
23
7.278584003448486
33
147.11195373535156
0
3DFACE
8
TERRAIN
10
43.150150299072266
20
6.238786220550537
30
147.7106170654297
11
44.15364074707031
21
7.278584003448486
31
147.11195373535156
12
43.150150299072266
22
7.278584003448486
32
147.37376403808594
13
43.150150299072266
23
7.278584003448486
33
147.37376403808594
0
3DFACE
8
TERRAIN
10
44.15364074707031
20
6.238786220550537
30
147.3510284423828
11
45.15713119506836
21
6.238786220550537
31
146.9710235595703
12
45.15713119506836
22
7.278584003448486
32
146.90347290039062
13
45.15713119506836
23
7.278584003448486
33
146.90347290039062
0
3DFACE
8
TERRAIN
10
44.15364074707031
20
6.238786220550537
30
147.3510284423828
11
45.15713119506836
21
7.278584003448486
31
146.90347290039062
12
44.15364074707031
22
7.278584003448486
32
147.11195373535156
13
44.15364074707031
23
7.278584003448486
33
147.11195373535156
0
3DFACE
8
TERRAIN
10
0
20
5.198988437652588
30
151.0233154296875
11
1.0034918785095215
21
5.198988437652588
31
151.1033172607422
12
1.0034918785095215
22
6.238786220550537
32
151.0045623779297
13
1.0034918785095215
23
6.238786220550537
33
151.0045623779297
0
3DFACE
8
TERRAIN
10
0
20
5.198988437652588
30
151.0233154296875
11
1.0034918785095215
21
6.238786220550537
31
151.0045623779297
12
0
22
6.238786220550537
32
150.90866088867188
13
0
23
6.238786220550537
33
150.90866088867188
0
3DFACE
8
TERRAIN
10
1.0034918785095215
20
5.198988437652588
30
151.1033172607422
11
2.006983757019043
21
5.198988437652588
31
151.1065673828125
12
2.006983757019043
22
6.238786220550537
32
151.01686096191406
13
2.006983757019043
23
6.238786220550537
33
151.01686096191406
0
3DFACE
8
TERRAIN
10
1.0034918785095215
20
5.198988437652588
30
151.1033172607422
11
2.006983757019043
21
6.238786220550537
31
151.01686096191406
12
1.0034918785095215
22
6.238786220550537
32
151.0045623779297
13
1.0034918785095215
23
6.238786220550537
33
151.0045623779297
0
3DFACE
8
TERRAIN
10
2.006983757019043
20
5.198988437652588
30
151.1065673828125
11
3.0104753971099854
21
5.198988437652588
31
151.07431030273438
12
3.0104753971099854
22
6.238786220550537
32
150.9622039794922
13
3.0104753971099854
23
6.238786220550537
33
150.9622039794922
0
3DFACE
8
TERRAIN
10
2.006983757019043
20
5.198988437652588
30
151.1065673828125
11
3.0104753971099854
21
6.238786220550537
31
150.9622039794922
12
2.006983757019043
22
6.238786220550537
32
151.01686096191406
13
2.006983757019043
23
6.238786220550537
33
151.01686096191406
0
3DFACE
8
TERRAIN
10
3.0104753971099854
20
5.198988437652588
30
151.07431030273438
11
4.013967514038086
21
5.198988437652588
31
151.07122802734375
12
4.013967514038086
22
6.238786220550537
32
150.95912170410156
13
4.013967514038086
23
6.238786220550537
33
150.95912170410156
0
3DFACE
8
TERRAIN
10
3.0104753971099854
20
5.198988437652588
30
151.07431030273438
11
4.013967514038086
21
6.238786220550537
31
150.95912170410156
12
3.0104753971099854
22
6.238786220550537
32
150.9622039794922
13
3.0104753971099854
23
6.238786220550537
33
150.9622039794922
0
3DFACE
8
TERRAIN
10
4.013967514038086
20
5.198988437652588
30
151.07122802734375
11
5.017459392547607
21
5.198988437652588
31
151.0833282470703
12
5.017459392547607
22
6.238786220550537
32
150.98777770996094
13
5.017459392547607
23
6.238786220550537
33
150.98777770996094
0
3DFACE
8
TERRAIN
10
4.013967514038086
20
5.198988437652588
30
151.07122802734375
11
5.017459392547607
21
6.238786220550537
31
150.98777770996094
12
4.013967514038086
22
6.238786220550537
32
150.95912170410156
13
4.013967514038086
23
6.238786220550537
33
150.95912170410156
0
3DFACE
8
TERRAIN
10
5.017459392547607
20
5.198988437652588
30
151.0833282470703
11
6.020950794219971
21
5.198988437652588
31
151.0701446533203
12
6.020950794219971
22
6.238786220550537
32
150.99215698242188
13
6.020950794219971
23
6.238786220550537
33
150.99215698242188
0
3DFACE
8
TERRAIN
10
5.017459392547607
20
5.198988437652588
30
151.0833282470703
11
6.020950794219971
21
6.238786220550537
31
150.99215698242188
12
5.017459392547607
22
6.238786220550537
32
150.98777770996094
13
5.017459392547607
23
6.238786220550537
33
150.98777770996094
0
3DFACE
8
TERRAIN
10
6.020950794219971
20
5.198988437652588
30
151.0701446533203
11
7.024442672729492
21
5.198988437652588
31
151.06869506835938
12
7.024442672729492
22
6.238786220550537
32
150.9993438720703
13
7.024442672729492
23
6.238786220550537
33
150.9993438720703
0
3DFACE
8
TERRAIN
10
6.020950794219971
20
5.198988437652588
30
151.0701446533203
11
7.024442672729492
21
6.238786220550537
31
150.9993438720703
12
6.020950794219971
22
6.238786220550537
32
150.99215698242188
13
6.020950794219971
23
6.238786220550537
33
150.99215698242188
0
3DFACE
8
TERRAIN
10
7.024442672729492
20
5.198988437652588
30
151.06869506835938
11
8.027935028076172
21
5.198988437652588
31
151.07261657714844
12
8.027935028076172
22
6.238786220550537
32
150.99630737304688
13
8.027935028076172
23
6.238786220550537
33
150.99630737304688
0
3DFACE
8
TERRAIN
10
7.024442672729492
20
5.198988437652588
30
151.06869506835938
11
8.027935028076172
21
6.238786220550537
31
150.99630737304688
12
7.024442672729492
22
6.238786220550537
32
150.9993438720703
13
7.024442672729492
23
6.238786220550537
33
150.9993438720703
0
3DFACE
8
TERRAIN
10
8.027935028076172
20
5.198988437652588
30
151.07261657714844
11
9.031426429748535
21
5.198988437652588
31
151.07691955566406
12
9.031426429748535
22
6.238786220550537
32
150.99029541015625
13
9.031426429748535
23
6.238786220550537
33
150.99029541015625
0
3DFACE
8
TERRAIN
10
8.027935028076172
20
5.198988437652588
30
151.07261657714844
11
9.031426429748535
21
6.238786220550537
31
150.99029541015625
12
8.027935028076172
22
6.238786220550537
32
150.99630737304688
13
8.027935028076172
23
6.238786220550537
33
150.99630737304688
0
3DFACE
8
TERRAIN
10
9.031426429748535
20
5.198988437652588
30
151.07691955566406
11
10.034918785095215
21
5.198988437652588
31
151.08267211914062
12
10.034918785095215
22
6.238786220550537
32
151.01260375976562
13
10.034918785095215
23
6.238786220550537
33
151.01260375976562
0
3DFACE
8
TERRAIN
10
9.031426429748535
20
5.198988437652588
30
151.07691955566406
11
10.034918785095215
21
6.238786220550537
31
151.01260375976562
12
9.031426429748535
22
6.238786220550537
32
150.99029541015625
13
9.031426429748535
23
6.238786220550537
33
150.99029541015625
0
3DFACE
8
TERRAIN
10
10.034918785095215
20
5.198988437652588
30
151.08267211914062
11
11.038410186767578
21
5.198988437652588
31
151.0780029296875
12
11.038410186767578
22
6.238786220550537
32
151.04405212402344
13
11.038410186767578
23
6.238786220550537
33
151.04405212402344
0
3DFACE
8
TERRAIN
10
10.034918785095215
20
5.198988437652588
30
151.08267211914062
11
11.038410186767578
21
6.238786220550537
31
151.04405212402344
12
10.034918785095215
22
6.238786220550537
32
151.01260375976562
13
10.034918785095215
23
6.238786220550537
33
151.01260375976562
0
3DFACE
8
TERRAIN
10
11.038410186767578
20
5.198988437652588
30
151.0780029296875
11
12.041901588439941
21
5.198988437652588
31
151.07948303222656
12
12.041901588439941
22
6.238786220550537
32
151.06716918945312
13
12.041901588439941
23
6.238786220550537
33
151.06716918945312
0
3DFACE
8
TERRAIN
10
11.038410186767578
20
5.198988437652588
30
151.0780029296875
11
12.041901588439941
21
6.238786220550537
31
151.06716918945312
12
11.038410186767578
22
6.238786220550537
32
151.04405212402344
13
11.038410186767578
23
6.238786220550537
33
151.04405212402344
0
3DFACE
8
TERRAIN
10
12.041901588439941
20
5.198988437652588
30
151.07948303222656
11
13.045393943786621
21
5.198988437652588
31
151.05697631835938
12
13.045393943786621
22
6.238786220550537
32
151.05474853515625
13
13.045393943786621
23
6.238786220550537
33
151.05474853515625
0
3DFACE
8
TERRAIN
10
12.041901588439941
20
5.198988437652588
30
151.07948303222656
11
13.045393943786621
21
6.238786220550537
31
151.05474853515625
12
12.041901588439941
22
6.238786220550537
32
151.06716918945312
13
12.041901588439941
23
6.238786220550537
33
151.06716918945312
0
3DFACE
8
TERRAIN
10
13.045393943786621
20
5.198988437652588
30
151.05697631835938
11
14.048885345458984
21
5.198988437652588
31
150.9842071533203
12
14.048885345458984
22
6.238786220550537
32
150.9836883544922
13
14.048885345458984
23
6.238786220550537
33
150.9836883544922
0
3DFACE
8
TERRAIN
10
13.045393943786621
20
5.198988437652588
30
151.05697631835938
11
14.048885345458984
21
6.238786220550537
31
150.9836883544922
12
13.045393943786621
22
6.238786220550537
32
151.05474853515625
13
13.045393943786621
23
6.238786220550537
33
151.05474853515625
0
3DFACE
8
TERRAIN
10
14.048885345458984
20
5.198988437652588
30
150.9842071533203
11
15.052377700805664
21
5.198988437652588
31
150.8662872314453
12
15.052377700805664
22
6.238786220550537
32
150.8653564453125
13
15.052377700805664
23
6.238786220550537
33
150.8653564453125
0
3DFACE
8
TERRAIN
10
14.048885345458984
20
5.198988437652588
30
150.9842071533203
11
15.052377700805664
21
6.238786220550537
31
150.8653564453125
12
14.048885345458984
22
6.238786220550537
32
150.9836883544922
13
14.048885345458984
23
6.238786220550537
33
150.9836883544922
0
3DFACE
8
TERRAIN
10
15.052377700805664
20
5.198988437652588
30
150.8662872314453
11
16.055870056152344
21
5.198988437652588
31
150.70181274414062
12
16.055870056152344
22
6.238786220550537
32
150.7045135498047
13
16.055870056152344
23
6.238786220550537
33
150.7045135498047
0
3DFACE
8
TERRAIN
10
15.052377700805664
20
5.198988437652588
30
150.8662872314453
11
16.055870056152344
21
6.238786220550537
31
150.7045135498047
12
15.052377700805664
22
6.238786220550537
32
150.8653564453125
13
15.052377700805664
23
6.238786220550537
33
150.8653564453125
0
3DFACE
8
TERRAIN
10
16.055870056152344
20
5.198988437652588
30
150.70181274414062
11
17.05936050415039
21
5.198988437652588
31
150.53892517089844
12
17.05936050415039
22
6.238786220550537
32
150.54403686523438
13
17.05936050415039
23
6.238786220550537
33
150.54403686523438
0
3DFACE
8
TERRAIN
10
16.055870056152344
20
5.198988437652588
30
150.70181274414062
11
17.05936050415039
21
6.238786220550537
31
150.54403686523438
12
16.055870056152344
22
6.238786220550537
32
150.7045135498047
13
16.055870056152344
23
6.238786220550537
33
150.7045135498047
0
3DFACE
8
TERRAIN
10
17.05936050415039
20
5.198988437652588
30
150.53892517089844
11
18.06285285949707
21
5.198988437652588
31
150.38470458984375
12
18.06285285949707
22
6.238786220550537
32
150.36660766601562
13
18.06285285949707
23
6.238786220550537
33
150.36660766601562
0
3DFACE
8
TERRAIN
10
17.05936050415039
20
5.198988437652588
30
150.53892517089844
11
18.06285285949707
21
6.238786220550537
31
150.36660766601562
12
17.05936050415039
22
6.238786220550537
32
150.54403686523438
13
17.05936050415039
23
6.238786220550537
33
150.54403686523438
0
3DFACE
8
TERRAIN
10
18.06285285949707
20
5.198988437652588
30
150.38470458984375
11
19.06634521484375
21
5.198988437652588
31
150.22808837890625
12
19.06634521484375
22
6.238786220550537
32
150.14883422851562
13
19.06634521484375
23
6.238786220550537
33
150.14883422851562
0
3DFACE
8
TERRAIN
10
18.06285285949707
20
5.198988437652588
30
150.38470458984375
11
19.06634521484375
21
6.238786220550537
31
150.14883422851562
12
18.06285285949707
22
6.238786220550537
32
150.36660766601562
13
18.06285285949707
23
6.238786220550537
33
150.36660766601562
0
3DFACE
8
TERRAIN
10
19.06634521484375
20
5.198988437652588
30
150.22808837890625
11
20.06983757019043
21
5.198988437652588
31
149.92515563964844
12
20.06983757019043
22
6.238786220550537
32
149.8450927734375
13
20.06983757019043
23
6.238786220550537
33
149.8450927734375
0
3DFACE
8
TERRAIN
10
19.06634521484375
20
5.198988437652588
30
150.22808837890625
11
20.06983757019043
21
6.238786220550537
31
149.8450927734375
12
19.06634521484375
22
6.238786220550537
32
150.14883422851562
13
19.06634521484375
23
6.238786220550537
33
150.14883422851562
0
3DFACE
8
TERRAIN
10
20.06983757019043
20
5.198988437652588
30
149.92515563964844
11
21.073328018188477
21
5.198988437652588
31
149.48260498046875
12
21.073328018188477
22
6.238786220550537
32
149.39871215820312
13
21.073328018188477
23
6.238786220550537
33
149.39871215820312
0
3DFACE
8
TERRAIN
10
20.06983757019043
20
5.198988437652588
30
149.92515563964844
11
21.073328018188477
21
6.238786220550537
31
149.39871215820312
12
20.06983757019043
22
6.238786220550537
32
149.8450927734375
13
20.06983757019043
23
6.238786220550537
33
149.8450927734375
0
3DFACE
8
TERRAIN
10
21.073328018188477
20
5.198988437652588
30
149.48260498046875
11
22.076820373535156
21
5.198988437652588
31
148.9384765625
12
22.076820373535156
22
6.238786220550537
32
148.93829345703125
13
22.076820373535156
23
6.238786220550537
33
148.93829345703125
0
3DFACE
8
TERRAIN
10
21.073328018188477
20
5.198988437652588
30
149.48260498046875
11
22.076820373535156
21
6.238786220550537
31
148.93829345703125
12
21.073328018188477
22
6.238786220550537
32
149.39871215820312
13
21.073328018188477
23
6.238786220550537
33
149.39871215820312
0
3DFACE
8
TERRAIN
10
22.076820373535156
20
5.198988437652588
30
148.9384765625
11
23.080312728881836
21
5.198988437652588
31
148.36837768554688
12
23.080312728881836
22
6.238786220550537
32
148.42919921875
13
23.080312728881836
23
6.238786220550537
33
148.42919921875
0
3DFACE
8
TERRAIN
10
22.076820373535156
20
5.198988437652588
30
148.9384765625
11
23.080312728881836
21
6.238786220550537
31
148.42919921875
12
22.076820373535156
22
6.238786220550537
32
148.93829345703125
13
22.076820373535156
23
6.238786220550537
33
148.93829345703125
0
3DFACE
8
TERRAIN
10
23.080312728881836
20
5.198988437652588
30
148.36837768554688
11
24.083803176879883
21
5.198988437652588
31
147.83714294433594
12
24.083803176879883
22
6.238786220550537
32
147.93426513671875
13
24.083803176879883
23
6.238786220550537
33
147.93426513671875
0
3DFACE
8
TERRAIN
10
23.080312728881836
20
5.198988437652588
30
148.36837768554688
11
24.083803176879883
21
6.238786220550537
31
147.93426513671875
12
23.080312728881836
22
6.238786220550537
32
148.42919921875
13
23.080312728881836
23
6.238786220550537
33
148.42919921875
0
3DFACE
8
TERRAIN
10
24.083803176879883
20
5.198988437652588
30
147.83714294433594
11
25.087295532226562
21
5.198988437652588
31
147.5186004638672
12
25.087295532226562
22
6.238786220550537
32
147.63575744628906
13
25.087295532226562
23
6.238786220550537
33
147.63575744628906
0
3DFACE
8
TERRAIN
10
24.083803176879883
20
5.198988437652588
30
147.83714294433594
11
25.087295532226562
21
6.238786220550537
31
147.63575744628906
12
24.083803176879883
22
6.238786220550537
32
147.93426513671875
13
24.083803176879883
23
6.238786220550537
33
147.93426513671875
0
3DFACE
8
TERRAIN
10
25.087295532226562
20
5.198988437652588
30
147.5186004638672
11
26.090787887573242
21
5.198988437652588
31
147.31631469726562
12
26.090787887573242
22
6.238786220550537
32
147.3450927734375
13
26.090787887573242
23
6.238786220550537
33
147.3450927734375
0
3DFACE
8
TERRAIN
10
25.087295532226562
20
5.198988437652588
30
147.5186004638672
11
26.090787887573242
21
6.238786220550537
31
147.3450927734375
12
25.087295532226562
22
6.238786220550537
32
147.63575744628906
13
25.087295532226562
23
6.238786220550537
33
147.63575744628906
0
3DFACE
8
TERRAIN
10
26.090787887573242
20
5.198988437652588
30
147.31631469726562
11
27.094280242919922
21
5.198988437652588
31
147.44520568847656
12
27.094280242919922
22
6.238786220550537
32
147.2026824951172
13
27.094280242919922
23
6.238786220550537
33
147.2026824951172
0
3DFACE
8
TERRAIN
10
26.090787887573242
20
5.198988437652588
30
147.31631469726562
11
27.094280242919922
21
6.238786220550537
31
147.2026824951172
12
26.090787887573242
22
6.238786220550537
32
147.3450927734375
13
26.090787887573242
23
6.238786220550537
33
147.3450927734375
0
3DFACE
8
TERRAIN
10
27.094280242919922
20
5.198988437652588
30
147.44520568847656
11
28.09777069091797
21
5.198988437652588
31
147.6743621826172
12
28.09777069091797
22
6.238786220550537
32
147.40562438964844
13
28.09777069091797
23
6.238786220550537
33
147.40562438964844
0
3DFACE
8
TERRAIN
10
27.094280242919922
20
5.198988437652588
30
147.44520568847656
11
28.09777069091797
21
6.238786220550537
31
147.40562438964844
12
27.094280242919922
22
6.238786220550537
32
147.2026824951172
13
27.094280242919922
23
6.238786220550537
33
147.2026824951172
0
3DFACE
8
TERRAIN
10
28.09777069091797
20
5.198988437652588
30
147.6743621826172
11
29.10126304626465
21
5.198988437652588
31
148.02978515625
12
29.10126304626465
22
6.238786220550537
32
147.79214477539062
13
29.10126304626465
23
6.238786220550537
33
147.79214477539062
0
3DFACE
8
TERRAIN
10
28.09777069091797
20
5.198988437652588
30
147.6743621826172
11
29.10126304626465
21
6.238786220550537
31
147.79214477539062
12
28.09777069091797
22
6.238786220550537
32
147.40562438964844
13
28.09777069091797
23
6.238786220550537
33
147.40562438964844
0
3DFACE
8
TERRAIN
10
29.10126304626465
20
5.198988437652588
30
148.02978515625
11
30.104755401611328
21
5.198988437652588
31
148.39146423339844
12
30.104755401611328
22
6.238786220550537
32
148.17030334472656
13
30.104755401611328
23
6.238786220550537
33
148.17030334472656
0
3DFACE
8
TERRAIN
10
29.10126304626465
20
5.198988437652588
30
148.02978515625
11
30.104755401611328
21
6.238786220550537
31
148.17030334472656
12
29.10126304626465
22
6.238786220550537
32
147.79214477539062
13
29.10126304626465
23
6.238786220550537
33
147.79214477539062
0
3DFACE
8
TERRAIN
10
30.104755401611328
20
5.198988437652588
30
148.39146423339844
11
31.108245849609375
21
5.198988437652588
31
148.74143981933594
12
31.108245849609375
22
6.238786220550537
32
148.44911193847656
13
31.108245849609375
23
6.238786220550537
33
148.44911193847656
0
3DFACE
8
TERRAIN
10
30.104755401611328
20
5.198988437652588
30
148.39146423339844
11
31.108245849609375
21
6.238786220550537
31
148.44911193847656
12
30.104755401611328
22
6.238786220550537
32
148.17030334472656
13
30.104755401611328
23
6.238786220550537
33
148.17030334472656
0
3DFACE
8
TERRAIN
10
31.108245849609375
20
5.198988437652588
30
148.74143981933594
11
32.11174011230469
21
5.198988437652588
31
149.02093505859375
12
32.11174011230469
22
6.238786220550537
32
148.76182556152344
13
32.11174011230469
23
6.238786220550537
33
148.76182556152344
0
3DFACE
8
TERRAIN
10
31.108245849609375
20
5.198988437652588
30
148.74143981933594
11
32.11174011230469
21
6.238786220550537
31
148.76182556152344
12
31.108245849609375
22
6.238786220550537
32
148.44911193847656
13
31.108245849609375
23
6.238786220550537
33
148.44911193847656
0
3DFACE
8
TERRAIN
10
32.11174011230469
20
5.198988437652588
30
149.02093505859375
11
33.115230560302734
21
5.198988437652588
31
149.35018920898438
12
33.115230560302734
22
6.238786220550537
32
149.1277618408203
13
33.115230560302734
23
6.238786220550537
33
149.1277618408203
0
3DFACE
8
TERRAIN
10
32.11174011230469
20
5.198988437652588
30
149.02093505859375
11
33.115230560302734
21
6.238786220550537
31
149.1277618408203
12
32.11174011230469
22
6.238786220550537
32
148.76182556152344
13
32.11174011230469
23
6.238786220550537
33
148.76182556152344
0
3DFACE
8
TERRAIN
10
33.115230560302734
20
5.198988437652588
30
149.35018920898438
11
34.11872100830078
21
5.198988437652588
31
149.50146484375
12
34.11872100830078
22
6.238786220550537
32
149.39463806152344
13
34.11872100830078
23
6.238786220550537
33
149.39463806152344
0
3DFACE
8
TERRAIN
10
33.115230560302734
20
5.198988437652588
30
149.35018920898438
11
34.11872100830078
21
6.238786220550537
31
149.39463806152344
12
33.115230560302734
22
6.238786220550537
32
149.1277618408203
13
33.115230560302734
23
6.238786220550537
33
149.1277618408203
0
3DFACE
8
TERRAIN
10
34.11872100830078
20
5.198988437652588
30
149.50146484375
11
35.122215270996094
21
5.198988437652588
31
149.53213500976562
12
35.122215270996094
22
6.238786220550537
32
149.47967529296875
13
35.122215270996094
23
6.238786220550537
33
149.47967529296875
0
3DFACE
8
TERRAIN
10
34.11872100830078
20
5.198988437652588
30
149.50146484375
11
35.122215270996094
21
6.238786220550537
31
149.47967529296875
12
34.11872100830078
22
6.238786220550537
32
149.39463806152344
13
34.11872100830078
23
6.238786220550537
33
149.39463806152344
0
3DFACE
8
TERRAIN
10
35.122215270996094
20
5.198988437652588
30
149.53213500976562
11
36.12570571899414
21
5.198988437652588
31
149.55029296875
12
36.12570571899414
22
6.238786220550537
32
149.4195098876953
13
36.12570571899414
23
6.238786220550537
33
149.4195098876953
0
3DFACE
8
TERRAIN
10
35.122215270996094
20
5.198988437652588
30
149.53213500976562
11
36.12570571899414
21
6.238786220550537
31
149.4195098876953
12
35.122215270996094
22
6.238786220550537
32
149.47967529296875
13
35.122215270996094
23
6.238786220550537
33
149.47967529296875
0
3DFACE
8
TERRAIN
10
36.12570571899414
20
5.198988437652588
30
149.55029296875
11
37.12919616699219
21
5.198988437652588
31
149.49197387695312
12
37.12919616699219
22
6.238786220550537
32
149.37718200683594
13
37.12919616699219
23
6.238786220550537
33
149.37718200683594
0
3DFACE
8
TERRAIN
10
36.12570571899414
20
5.198988437652588
30
149.55029296875
11
37.12919616699219
21
6.238786220550537
31
149.37718200683594
12
36.12570571899414
22
6.238786220550537
32
149.4195098876953
13
36.12570571899414
23
6.238786220550537
33
149.4195098876953
0
3DFACE
8
TERRAIN
10
37.12919616699219
20
5.198988437652588
30
149.49197387695312
11
38.1326904296875
21
5.198988437652588
31
149.3212890625
12
38.1326904296875
22
6.238786220550537
32
149.2783966064453
13
38.1326904296875
23
6.238786220550537
33
149.2783966064453
0
3DFACE
8
TERRAIN
10
37.12919616699219
20
5.198988437652588
30
149.49197387695312
11
38.1326904296875
21
6.238786220550537
31
149.2783966064453
12
37.12919616699219
22
6.238786220550537
32
149.37718200683594
13
37.12919616699219
23
6.238786220550537
33
149.37718200683594
0
3DFACE
8
TERRAIN
10
38.1326904296875
20
5.198988437652588
30
149.3212890625
11
39.13618087768555
21
5.198988437652588
31
149.01242065429688
12
39.13618087768555
22
6.238786220550537
32
148.9412384033203
13
39.13618087768555
23
6.238786220550537
33
148.9412384033203
0
3DFACE
8
TERRAIN
10
38.1326904296875
20
5.198988437652588
30
149.3212890625
11
39.13618087768555
21
6.238786220550537
31
148.9412384033203
12
38.1326904296875
22
6.238786220550537
32
149.2783966064453
13
38.1326904296875
23
6.238786220550537
33
149.2783966064453
0
3DFACE
8
TERRAIN
10
39.13618087768555
20
5.198988437652588
30
149.01242065429688
11
40.13967514038086
21
5.198988437652588
31
148.72312927246094
12
40.13967514038086
22
6.238786220550537
32
148.5063018798828
13
40.13967514038086
23
6.238786220550537
33
148.5063018798828
0
3DFACE
8
TERRAIN
10
39.13618087768555
20
5.198988437652588
30
149.01242065429688
11
40.13967514038086
21
6.238786220550537
31
148.5063018798828
12
39.13618087768555
22
6.238786220550537
32
148.9412384033203
13
39.13618087768555
23
6.238786220550537
33
148.9412384033203
0
3DFACE
8
TERRAIN
10
40.13967514038086
20
5.198988437652588
30
148.72312927246094
11
41.143165588378906
21
5.198988437652588
31
148.56527709960938
12
41.143165588378906
22
6.238786220550537
32
148.2925262451172
13
41.143165588378906
23
6.238786220550537
33
148.2925262451172
0
3DFACE
8
TERRAIN
10
40.13967514038086
20
5.198988437652588
30
148.72312927246094
11
41.143165588378906
21
6.238786220550537
31
148.2925262451172
12
40.13967514038086
22
6.238786220550537
32
148.5063018798828
13
40.13967514038086
23
6.238786220550537
33
148.5063018798828
0
3DFACE
8
TERRAIN
10
41.143165588378906
20
5.198988437652588
30
148.56527709960938
11
42.14665603637695
21
5.198988437652588
31
148.38650512695312
12
42.14665603637695
22
6.238786220550537
32
148.03746032714844
13
42.14665603637695
23
6.238786220550537
33
148.03746032714844
0
3DFACE
8
TERRAIN
10
41.143165588378906
20
5.198988437652588
30
148.56527709960938
11
42.14665603637695
21
6.238786220550537
31
148.03746032714844
12
41.143165588378906
22
6.238786220550537
32
148.2925262451172
13
41.143165588378906
23
6.238786220550537
33
148.2925262451172
0
3DFACE
8
TERRAIN
10
42.14665603637695
20
5.198988437652588
30
148.38650512695312
11
43.150150299072266
21
5.198988437652588
31
148.1676788330078
12
43.150150299072266
22
6.238786220550537
32
147.7106170654297
13
43.150150299072266
23
6.238786220550537
33
147.7106170654297
0
3DFACE
8
TERRAIN
10
42.14665603637695
20
5.198988437652588
30
148.38650512695312
11
43.150150299072266
21
6.238786220550537
31
147.7106170654297
12
42.14665603637695
22
6.238786220550537
32
148.03746032714844
13
42.14665603637695
23
6.238786220550537
33
148.03746032714844
0
3DFACE
8
TERRAIN
10
43.150150299072266
20
5.198988437652588
30
148.1676788330078
11
44.15364074707031
21
5.198988437652588
31
147.687744140625
12
44.15364074707031
22
6.238786220550537
32
147.3510284423828
13
44.15364074707031
23
6.238786220550537
33
147.3510284423828
0
3DFACE
8
TERRAIN
10
43.150150299072266
20
5.198988437652588
30
148.1676788330078
11
44.15364074707031
21
6.238786220550537
31
147.3510284423828
12
43.150150299072266
22
6.238786220550537
32
147.7106170654297
13
43.150150299072266
23
6.238786220550537
33
147.7106170654297
0
3DFACE
8
TERRAIN
10
44.15364074707031
20
5.198988437652588
30
147.687744140625
11
45.15713119506836
21
5.198988437652588
31
147.22476196289062
12
45.15713119506836
22
6.238786220550537
32
146.9710235595703
13
45.15713119506836
23
6.238786220550537
33
146.9710235595703
0
3DFACE
8
TERRAIN
10
44.15364074707031
20
5.198988437652588
30
147.687744140625
11
45.15713119506836
21
6.238786220550537
31
146.9710235595703
12
44.15364074707031
22
6.238786220550537
32
147.3510284423828
13
44.15364074707031
23
6.238786220550537
33
147.3510284423828
0
3DFACE
8
TERRAIN
10
0
20
4.159190654754639
30
151.11302185058594
11
1.0034918785095215
21
4.159190654754639
31
151.16004943847656
12
1.0034918785095215
22
5.198988437652588
32
151.1033172607422
13
1.0034918785095215
23
5.198988437652588
33
151.1033172607422
0
3DFACE
8
TERRAIN
10
0
20
4.159190654754639
30
151.11302185058594
11
1.0034918785095215
21
5.198988437652588
31
151.1033172607422
12
0
22
5.198988437652588
32
151.0233154296875
13
0
23
5.198988437652588
33
151.0233154296875
0
3DFACE
8
TERRAIN
10
1.0034918785095215
20
4.159190654754639
30
151.16004943847656
11
2.006983757019043
21
4.159190654754639
31
151.16763305664062
12
2.006983757019043
22
5.198988437652588
32
151.1065673828125
13
2.006983757019043
23
5.198988437652588
33
151.1065673828125
0
3DFACE
8
TERRAIN
10
1.0034918785095215
20
4.159190654754639
30
151.16004943847656
11
2.006983757019043
21
5.198988437652588
31
151.1065673828125
12
1.0034918785095215
22
5.198988437652588
32
151.1033172607422
13
1.0034918785095215
23
5.198988437652588
33
151.1033172607422
0
3DFACE
8
TERRAIN
10
2.006983757019043
20
4.159190654754639
30
151.16763305664062
11
3.0104753971099854
21
4.159190654754639
31
151.1404571533203
12
3.0104753971099854
22
5.198988437652588
32
151.07431030273438
13
3.0104753971099854
23
5.198988437652588
33
151.07431030273438
0
3DFACE
8
TERRAIN
10
2.006983757019043
20
4.159190654754639
30
151.16763305664062
11
3.0104753971099854
21
5.198988437652588
31
151.07431030273438
12
2.006983757019043
22
5.198988437652588
32
151.1065673828125
13
2.006983757019043
23
5.198988437652588
33
151.1065673828125
0
3DFACE
8
TERRAIN
10
3.0104753971099854
20
4.159190654754639
30
151.1404571533203
11
4.013967514038086
21
4.159190654754639
31
151.14462280273438
12
4.013967514038086
22
5.198988437652588
32
151.07122802734375
13
4.013967514038086
23
5.198988437652588
33
151.07122802734375
0
3DFACE
8
TERRAIN
10
3.0104753971099854
20
4.159190654754639
30
151.1404571533203
11
4.013967514038086
21
5.198988437652588
31
151.07122802734375
12
3.0104753971099854
22
5.198988437652588
32
151.07431030273438
13
3.0104753971099854
23
5.198988437652588
33
151.07431030273438
0
3DFACE
8
TERRAIN
10
4.013967514038086
20
4.159190654754639
30
151.14462280273438
11
5.017459392547607
21
4.159190654754639
31
151.16259765625
12
5.017459392547607
22
5.198988437652588
32
151.0833282470703
13
5.017459392547607
23
5.198988437652588
33
151.0833282470703
0
3DFACE
8
TERRAIN
10
4.013967514038086
20
4.159190654754639
30
151.14462280273438
11
5.017459392547607
21
5.198988437652588
31
151.0833282470703
12
4.013967514038086
22
5.198988437652588
32
151.07122802734375
13
4.013967514038086
23
5.198988437652588
33
151.07122802734375
0
3DFACE
8
TERRAIN
10
5.017459392547607
20
4.159190654754639
30
151.16259765625
11
6.020950794219971
21
4.159190654754639
31
151.1531219482422
12
6.020950794219971
22
5.198988437652588
32
151.0701446533203
13
6.020950794219971
23
5.198988437652588
33
151.0701446533203
0
3DFACE
8
TERRAIN
10
5.017459392547607
20
4.159190654754639
30
151.16259765625
11
6.020950794219971
21
5.198988437652588
31
151.0701446533203
12
5.017459392547607
22
5.198988437652588
32
151.0833282470703
13
5.017459392547607
23
5.198988437652588
33
151.0833282470703
0
3DFACE
8
TERRAIN
10
6.020950794219971
20
4.159190654754639
30
151.1531219482422
11
7.024442672729492
21
4.159190654754639
31
151.1117706298828
12
7.024442672729492
22
5.198988437652588
32
151.06869506835938
13
7.024442672729492
23
5.198988437652588
33
151.06869506835938
0
3DFACE
8
TERRAIN
10
6.020950794219971
20
4.159190654754639
30
151.1531219482422
11
7.024442672729492
21
5.198988437652588
31
151.06869506835938
12
6.020950794219971
22
5.198988437652588
32
151.0701446533203
13
6.020950794219971
23
5.198988437652588
33
151.0701446533203
0
3DFACE
8
TERRAIN
10
7.024442672729492
20
4.159190654754639
30
151.1117706298828
11
8.027935028076172
21
4.159190654754639
31
151.09371948242188
12
8.027935028076172
22
5.198988437652588
32
151.07261657714844
13
8.027935028076172
23
5.198988437652588
33
151.07261657714844
0
3DFACE
8
TERRAIN
10
7.024442672729492
20
4.159190654754639
30
151.1117706298828
11
8.027935028076172
21
5.198988437652588
31
151.07261657714844
12
7.024442672729492
22
5.198988437652588
32
151.06869506835938
13
7.024442672729492
23
5.198988437652588
33
151.06869506835938
0
3DFACE
8
TERRAIN
10
8.027935028076172
20
4.159190654754639
30
151.09371948242188
11
9.031426429748535
21
4.159190654754639
31
151.12594604492188
12
9.031426429748535
22
5.198988437652588
32
151.07691955566406
13
9.031426429748535
23
5.198988437652588
33
151.07691955566406
0
3DFACE
8
TERRAIN
10
8.027935028076172
20
4.159190654754639
30
151.09371948242188
11
9.031426429748535
21
5.198988437652588
31
151.07691955566406
12
8.027935028076172
22
5.198988437652588
32
151.07261657714844
13
8.027935028076172
23
5.198988437652588
33
151.07261657714844
0
3DFACE
8
TERRAIN
10
9.031426429748535
20
4.159190654754639
30
151.12594604492188
11
10.034918785095215
21
4.159190654754639
31
151.14158630371094
12
10.034918785095215
22
5.198988437652588
32
151.08267211914062
13
10.034918785095215
23
5.198988437652588
33
151.08267211914062
0
3DFACE
8
TERRAIN
10
9.031426429748535
20
4.159190654754639
30
151.12594604492188
11
10.034918785095215
21
5.198988437652588
31
151.08267211914062
12
9.031426429748535
22
5.198988437652588
32
151.07691955566406
13
9.031426429748535
23
5.198988437652588
33
151.07691955566406
0
3DFACE
8
TERRAIN
10
10.034918785095215
20
4.159190654754639
30
151.14158630371094
11
11.038410186767578
21
4.159190654754639
31
151.12982177734375
12
11.038410186767578
22
5.198988437652588
32
151.0780029296875
13
11.038410186767578
23
5.198988437652588
33
151.0780029296875
0
3DFACE
8
TERRAIN
10
10.034918785095215
20
4.159190654754639
30
151.14158630371094
11
11.038410186767578
21
5.198988437652588
31
151.0780029296875
12
10.034918785095215
22
5.198988437652588
32
151.08267211914062
13
10.034918785095215
23
5.198988437652588
33
151.08267211914062
0
3DFACE
8
TERRAIN
10
11.038410186767578
20
4.159190654754639
30
151.12982177734375
11
12.041901588439941
21
4.159190654754639
31
151.0971221923828
12
12.041901588439941
22
5.198988437652588
32
151.07948303222656
13
12.041901588439941
23
5.198988437652588
33
151.07948303222656
0
3DFACE
8
TERRAIN
10
11.038410186767578
20
4.159190654754639
30
151.12982177734375
11
12.041901588439941
21
5.198988437652588
31
151.07948303222656
12
11.038410186767578
22
5.198988437652588
32
151.0780029296875
13
11.038410186767578
23
5.198988437652588
33
151.0780029296875
0
3DFACE
8
TERRAIN
10
12.041901588439941
20
4.159190654754639
30
151.0971221923828
11
13.045393943786621
21
4.159190654754639
31
151.04827880859375
12
13.045393943786621
22
5.198988437652588
32
151.05697631835938
13
13.045393943786621
23
5.198988437652588
33
151.05697631835938
0
3DFACE
8
TERRAIN
10
12.041901588439941
20
4.159190654754639
30
151.0971221923828
11
13.045393943786621
21
5.198988437652588
31
151.05697631835938
12
12.041901588439941
22
5.198988437652588
32
151.07948303222656
13
12.041901588439941
23
5.198988437652588
33
151.07948303222656
0
3DFACE
8
TERRAIN
10
13.045393943786621
20
4.159190654754639
30
151.04827880859375
11
14.048885345458984
21
4.159190654754639
31
150.99539184570312
12
14.048885345458984
22
5.198988437652588
32
150.9842071533203
13
14.048885345458984
23
5.198988437652588
33
150.9842071533203
0
3DFACE
8
TERRAIN
10
13.045393943786621
20
4.159190654754639
30
151.04827880859375
11
14.048885345458984
21
5.198988437652588
31
150.9842071533203
12
13.045393943786621
22
5.198988437652588
32
151.05697631835938
13
13.045393943786621
23
5.198988437652588
33
151.05697631835938
0
3DFACE
8
TERRAIN
10
14.048885345458984
20
4.159190654754639
30
150.99539184570312
11
15.052377700805664
21
4.159190654754639
31
150.8731689453125
12
15.052377700805664
22
5.198988437652588
32
150.8662872314453
13
15.052377700805664
23
5.198988437652588
33
150.8662872314453
0
3DFACE
8
TERRAIN
10
14.048885345458984
20
4.159190654754639
30
150.99539184570312
11
15.052377700805664
21
5.198988437652588
31
150.8662872314453
12
14.048885345458984
22
5.198988437652588
32
150.9842071533203
13
14.048885345458984
23
5.198988437652588
33
150.9842071533203
0
3DFACE
8
TERRAIN
10
15.052377700805664
20
4.159190654754639
30
150.8731689453125
11
16.055870056152344
21
4.159190654754639
31
150.71554565429688
12
16.055870056152344
22
5.198988437652588
32
150.70181274414062
13
16.055870056152344
23
5.198988437652588
33
150.70181274414062
0
3DFACE
8
TERRAIN
10
15.052377700805664
20
4.159190654754639
30
150.8731689453125
11
16.055870056152344
21
5.198988437652588
31
150.70181274414062
12
15.052377700805664
22
5.198988437652588
32
150.8662872314453
13
15.052377700805664
23
5.198988437652588
33
150.8662872314453
0
3DFACE
8
TERRAIN
10
16.055870056152344
20
4.159190654754639
30
150.71554565429688
11
17.05936050415039
21
4.159190654754639
31
150.56137084960938
12
17.05936050415039
22
5.198988437652588
32
150.53892517089844
13
17.05936050415039
23
5.198988437652588
33
150.53892517089844
0
3DFACE
8
TERRAIN
10
16.055870056152344
20
4.159190654754639
30
150.71554565429688
11
17.05936050415039
21
5.198988437652588
31
150.53892517089844
12
16.055870056152344
22
5.198988437652588
32
150.70181274414062
13
16.055870056152344
23
5.198988437652588
33
150.70181274414062
0
3DFACE
8
TERRAIN
10
17.05936050415039
20
4.159190654754639
30
150.56137084960938
11
18.06285285949707
21
4.159190654754639
31
150.3985595703125
12
18.06285285949707
22
5.198988437652588
32
150.38470458984375
13
18.06285285949707
23
5.198988437652588
33
150.38470458984375
0
3DFACE
8
TERRAIN
10
17.05936050415039
20
4.159190654754639
30
150.56137084960938
11
18.06285285949707
21
5.198988437652588
31
150.38470458984375
12
17.05936050415039
22
5.198988437652588
32
150.53892517089844
13
17.05936050415039
23
5.198988437652588
33
150.53892517089844
0
3DFACE
8
TERRAIN
10
18.06285285949707
20
4.159190654754639
30
150.3985595703125
11
19.06634521484375
21
4.159190654754639
31
150.1900634765625
12
19.06634521484375
22
5.198988437652588
32
150.22808837890625
13
19.06634521484375
23
5.198988437652588
33
150.22808837890625
0
3DFACE
8
TERRAIN
10
18.06285285949707
20
4.159190654754639
30
150.3985595703125
11
19.06634521484375
21
5.198988437652588
31
150.22808837890625
12
18.06285285949707
22
5.198988437652588
32
150.38470458984375
13
18.06285285949707
23
5.198988437652588
33
150.38470458984375
0
3DFACE
8
TERRAIN
10
19.06634521484375
20
4.159190654754639
30
150.1900634765625
11
20.06983757019043
21
4.159190654754639
31
149.89845275878906
12
20.06983757019043
22
5.198988437652588
32
149.92515563964844
13
20.06983757019043
23
5.198988437652588
33
149.92515563964844
0
3DFACE
8
TERRAIN
10
19.06634521484375
20
4.159190654754639
30
150.1900634765625
11
20.06983757019043
21
5.198988437652588
31
149.92515563964844
12
19.06634521484375
22
5.198988437652588
32
150.22808837890625
13
19.06634521484375
23
5.198988437652588
33
150.22808837890625
0
3DFACE
8
TERRAIN
10
20.06983757019043
20
4.159190654754639
30
149.89845275878906
11
21.073328018188477
21
4.159190654754639
31
149.45655822753906
12
21.073328018188477
22
5.198988437652588
32
149.48260498046875
13
21.073328018188477
23
5.198988437652588
33
149.48260498046875
0
3DFACE
8
TERRAIN
10
20.06983757019043
20
4.159190654754639
30
149.89845275878906
11
21.073328018188477
21
5.198988437652588
31
149.48260498046875
12
20.06983757019043
22
5.198988437652588
32
149.92515563964844
13
20.06983757019043
23
5.198988437652588
33
149.92515563964844
0
3DFACE
8
TERRAIN
10
21.073328018188477
20
4.159190654754639
30
149.45655822753906
11
22.076820373535156
21
4.159190654754639
31
148.89822387695312
12
22.076820373535156
22
5.198988437652588
32
148.9384765625
13
22.076820373535156
23
5.198988437652588
33
148.9384765625
0
3DFACE
8
TERRAIN
10
21.073328018188477
20
4.159190654754639
30
149.45655822753906
11
22.076820373535156
21
5.198988437652588
31
148.9384765625
12
21.073328018188477
22
5.198988437652588
32
149.48260498046875
13
21.073328018188477
23
5.198988437652588
33
149.48260498046875
0
3DFACE
8
TERRAIN
10
22.076820373535156
20
4.159190654754639
30
148.89822387695312
11
23.080312728881836
21
4.159190654754639
31
148.32305908203125
12
23.080312728881836
22
5.198988437652588
32
148.36837768554688
13
23.080312728881836
23
5.198988437652588
33
148.36837768554688
0
3DFACE
8
TERRAIN
10
22.076820373535156
20
4.159190654754639
30
148.89822387695312
11
23.080312728881836
21
5.198988437652588
31
148.36837768554688
12
22.076820373535156
22
5.198988437652588
32
148.9384765625
13
22.076820373535156
23
5.198988437652588
33
148.9384765625
0
3DFACE
8
TERRAIN
10
23.080312728881836
20
4.159190654754639
30
148.32305908203125
11
24.083803176879883
21
4.159190654754639
31
147.84617614746094
12
24.083803176879883
22
5.198988437652588
32
147.83714294433594
13
24.083803176879883
23
5.198988437652588
33
147.83714294433594
0
3DFACE
8
TERRAIN
10
23.080312728881836
20
4.159190654754639
30
148.32305908203125
11
24.083803176879883
21
5.198988437652588
31
147.83714294433594
12
23.080312728881836
22
5.198988437652588
32
148.36837768554688
13
23.080312728881836
23
5.198988437652588
33
148.36837768554688
0
3DFACE
8
TERRAIN
10
24.083803176879883
20
4.159190654754639
30
147.84617614746094
11
25.087295532226562
21
4.159190654754639
31
147.5133514404297
12
25.087295532226562
22
5.198988437652588
32
147.5186004638672
13
25.087295532226562
23
5.198988437652588
33
147.5186004638672
0
3DFACE
8
TERRAIN
10
24.083803176879883
20
4.159190654754639
30
147.84617614746094
11
25.087295532226562
21
5.198988437652588
31
147.5186004638672
12
24.083803176879883
22
5.198988437652588
32
147.83714294433594
13
24.083803176879883
23
5.198988437652588
33
147.83714294433594
0
3DFACE
8
TERRAIN
10
25.087295532226562
20
4.159190654754639
30
147.5133514404297
11
26.090787887573242
21
4.159190654754639
31
147.40545654296875
12
26.090787887573242
22
5.198988437652588
32
147.31631469726562
13
26.090787887573242
23
5.198988437652588
33
147.31631469726562
0
3DFACE
8
TERRAIN
10
25.087295532226562
20
4.159190654754639
30
147.5133514404297
11
26.090787887573242
21
5.198988437652588
31
147.31631469726562
12
25.087295532226562
22
5.198988437652588
32
147.5186004638672
13
25.087295532226562
23
5.198988437652588
33
147.5186004638672
0
3DFACE
8
TERRAIN
10
26.090787887573242
20
4.159190654754639
30
147.40545654296875
11
27.094280242919922
21
4.159190654754639
31
147.63206481933594
12
27.094280242919922
22
5.198988437652588
32
147.44520568847656
13
27.094280242919922
23
5.198988437652588
33
147.44520568847656
0
3DFACE
8
TERRAIN
10
26.090787887573242
20
4.159190654754639
30
147.40545654296875
11
27.094280242919922
21
5.198988437652588
31
147.44520568847656
12
26.090787887573242
22
5.198988437652588
32
147.31631469726562
13
26.090787887573242
23
5.198988437652588
33
147.31631469726562
0
3DFACE
8
TERRAIN
10
27.094280242919922
20
4.159190654754639
30
147.63206481933594
11
28.09777069091797
21
4.159190654754639
31
147.95706176757812
12
28.09777069091797
22
5.198988437652588
32
147.6743621826172
13
28.09777069091797
23
5.198988437652588
33
147.6743621826172
0
3DFACE
8
TERRAIN
10
27.094280242919922
20
4.159190654754639
30
147.63206481933594
11
28.09777069091797
21
5.198988437652588
31
147.6743621826172
12
27.094280242919922
22
5.198988437652588
32
147.44520568847656
13
27.094280242919922
23
5.198988437652588
33
147.44520568847656
0
3DFACE
8
TERRAIN
10
28.09777069091797
20
4.159190654754639
30
147.95706176757812
11
29.10126304626465
21
4.159190654754639
31
148.31829833984375
12
29.10126304626465
22
5.198988437652588
32
148.02978515625
13
29.10126304626465
23
5.198988437652588
33
148.02978515625
0
3DFACE
8
TERRAIN
10
28.09777069091797
20
4.159190654754639
30
147.95706176757812
11
29.10126304626465
21
5.198988437652588
31
148.02978515625
12
28.09777069091797
22
5.198988437652588
32
147.6743621826172
13
28.09777069091797
23
5.198988437652588
33
147.6743621826172
0
3DFACE
8
TERRAIN
10
29.10126304626465
20
4.159190654754639
30
148.31829833984375
11
30.104755401611328
21
4.159190654754639
31
148.64376831054688
12
30.104755401611328
22
5.198988437652588
32
148.39146423339844
13
30.104755401611328
23
5.198988437652588
33
148.39146423339844
0
3DFACE
8
TERRAIN
10
29.10126304626465
20
4.159190654754639
30
148.31829833984375
11
30.104755401611328
21
5.198988437652588
31
148.39146423339844
12
29.10126304626465
22
5.198988437652588
32
148.02978515625
13
29.10126304626465
23
5.198988437652588
33
148.02978515625
0
3DFACE
8
TERRAIN
10
30.104755401611328
20
4.159190654754639
30
148.64376831054688
11
31.108245849609375
21
4.159190654754639
31
149.01803588867188
12
31.108245849609375
22
5.198988437652588
32
148.74143981933594
13
31.108245849609375
23
5.198988437652588
33
148.74143981933594
0
3DFACE
8
TERRAIN
10
30.104755401611328
20
4.159190654754639
30
148.64376831054688
11
31.108245849609375
21
5.198988437652588
31
148.74143981933594
12
30.104755401611328
22
5.198988437652588
32
148.39146423339844
13
30.104755401611328
23
5.198988437652588
33
148.39146423339844
0
3DFACE
8
TERRAIN
10
31.108245849609375
20
4.159190654754639
30
149.01803588867188
11
32.11174011230469
21
4.159190654754639
31
149.30657958984375
12
32.11174011230469
22
5.198988437652588
32
149.02093505859375
13
32.11174011230469
23
5.198988437652588
33
149.02093505859375
0
3DFACE
8
TERRAIN
10
31.108245849609375
20
4.159190654754639
30
149.01803588867188
11
32.11174011230469
21
5.198988437652588
31
149.02093505859375
12
31.108245849609375
22
5.198988437652588
32
148.74143981933594
13
31.108245849609375
23
5.198988437652588
33
148.74143981933594
0
3DFACE
8
TERRAIN
10
32.11174011230469
20
4.159190654754639
30
149.30657958984375
11
33.115230560302734
21
4.159190654754639
31
149.4568328857422
12
33.115230560302734
22
5.198988437652588
32
149.35018920898438
13
33.115230560302734
23
5.198988437652588
33
149.35018920898438
0
3DFACE
8
TERRAIN
10
32.11174011230469
20
4.159190654754639
30
149.30657958984375
11
33.115230560302734
21
5.198988437652588
31
149.35018920898438
12
32.11174011230469
22
5.198988437652588
32
149.02093505859375
13
32.11174011230469
23
5.198988437652588
33
149.02093505859375
0
3DFACE
8
TERRAIN
10
33.115230560302734
20
4.159190654754639
30
149.4568328857422
11
34.11872100830078
21
4.159190654754639
31
149.59471130371094
12
34.11872100830078
22
5.198988437652588
32
149.50146484375
13
34.11872100830078
23
5.198988437652588
33
149.50146484375
0
3DFACE
8
TERRAIN
10
33.115230560302734
20
4.159190654754639
30
149.4568328857422
11
34.11872100830078
21
5.198988437652588
31
149.50146484375
12
33.115230560302734
22
5.198988437652588
32
149.35018920898438
13
33.115230560302734
23
5.198988437652588
33
149.35018920898438
0
3DFACE
8
TERRAIN
10
34.11872100830078
20
4.159190654754639
30
149.59471130371094
11
35.122215270996094
21
4.159190654754639
31
149.63328552246094
12
35.122215270996094
22
5.198988437652588
32
149.53213500976562
13
35.122215270996094
23
5.198988437652588
33
149.53213500976562
0
3DFACE
8
TERRAIN
10
34.11872100830078
20
4.159190654754639
30
149.59471130371094
11
35.122215270996094
21
5.198988437652588
31
149.53213500976562
12
34.11872100830078
22
5.198988437652588
32
149.50146484375
13
34.11872100830078
23
5.198988437652588
33
149.50146484375
0
3DFACE
8
TERRAIN
10
35.122215270996094
20
4.159190654754639
30
149.63328552246094
11
36.12570571899414
21
4.159190654754639
31
149.6588592529297
12
36.12570571899414
22
5.198988437652588
32
149.55029296875
13
36.12570571899414
23
5.198988437652588
33
149.55029296875
0
3DFACE
8
TERRAIN
10
35.122215270996094
20
4.159190654754639
30
149.63328552246094
11
36.12570571899414
21
5.198988437652588
31
149.55029296875
12
35.122215270996094
22
5.198988437652588
32
149.53213500976562
13
35.122215270996094
23
5.198988437652588
33
149.53213500976562
0
3DFACE
8
TERRAIN
10
36.12570571899414
20
4.159190654754639
30
149.6588592529297
11
37.12919616699219
21
4.159190654754639
31
149.61273193359375
12
37.12919616699219
22
5.198988437652588
32
149.49197387695312
13
37.12919616699219
23
5.198988437652588
33
149.49197387695312
0
3DFACE
8
TERRAIN
10
36.12570571899414
20
4.159190654754639
30
149.6588592529297
11
37.12919616699219
21
5.198988437652588
31
149.49197387695312
12
36.12570571899414
22
5.198988437652588
32
149.55029296875
13
36.12570571899414
23
5.198988437652588
33
149.55029296875
0
3DFACE
8
TERRAIN
10
37.12919616699219
20
4.159190654754639
30
149.61273193359375
11
38.1326904296875
21
4.159190654754639
31
149.52459716796875
12
38.1326904296875
22
5.198988437652588
32
149.3212890625
13
38.1326904296875
23
5.198988437652588
33
149.3212890625
0
3DFACE
8
TERRAIN
10
37.12919616699219
20
4.159190654754639
30
149.61273193359375
11
38.1326904296875
21
5.198988437652588
31
149.3212890625
12
37.12919616699219
22
5.198988437652588
32
149.49197387695312
13
37.12919616699219
23
5.198988437652588
33
149.49197387695312
0
3DFACE
8
TERRAIN
10
38.1326904296875
20
4.159190654754639
30
149.52459716796875
11
39.13618087768555
21
4.159190654754639
31
149.291015625
12
39.13618087768555
22
5.198988437652588
32
149.01242065429688
13
39.13618087768555
23
5.198988437652588
33
149.01242065429688
0
3DFACE
8
TERRAIN
10
38.1326904296875
20
4.159190654754639
30
149.52459716796875
11
39.13618087768555
21
5.198988437652588
31
149.01242065429688
12
38.1326904296875
22
5.198988437652588
32
149.3212890625
13
38.1326904296875
23
5.198988437652588
33
149.3212890625
0
3DFACE
8
TERRAIN
10
39.13618087768555
20
4.159190654754639
30
149.291015625
11
40.13967514038086
21
4.159190654754639
31
149.2060546875
12
40.13967514038086
22
5.198988437652588
32
148.72312927246094
13
40.13967514038086
23
5.198988437652588
33
148.72312927246094
0
3DFACE
8
TERRAIN
10
39.13618087768555
20
4.159190654754639
30
149.291015625
11
40.13967514038086
21
5.198988437652588
31
148.72312927246094
12
39.13618087768555
22
5.198988437652588
32
149.01242065429688
13
39.13618087768555
23
5.198988437652588
33
149.01242065429688
0
3DFACE
8
TERRAIN
10
40.13967514038086
20
4.159190654754639
30
149.2060546875
11
41.143165588378906
21
4.159190654754639
31
148.97898864746094
12
41.143165588378906
22
5.198988437652588
32
148.56527709960938
13
41.143165588378906
23
5.198988437652588
33
148.56527709960938
0
3DFACE
8
TERRAIN
10
40.13967514038086
20
4.159190654754639
30
149.2060546875
11
41.143165588378906
21
5.198988437652588
31
148.56527709960938
12
40.13967514038086
22
5.198988437652588
32
148.72312927246094
13
40.13967514038086
23
5.198988437652588
33
148.72312927246094
0
3DFACE
8
TERRAIN
10
41.143165588378906
20
4.159190654754639
30
148.97898864746094
11
42.14665603637695
21
4.159190654754639
31
148.78306579589844
12
42.14665603637695
22
5.198988437652588
32
148.38650512695312
13
42.14665603637695
23
5.198988437652588
33
148.38650512695312
0
3DFACE
8
TERRAIN
10
41.143165588378906
20
4.159190654754639
30
148.97898864746094
11
42.14665603637695
21
5.198988437652588
31
148.38650512695312
12
41.143165588378906
22
5.198988437652588
32
148.56527709960938
13
41.143165588378906
23
5.198988437652588
33
148.56527709960938
0
3DFACE
8
TERRAIN
10
42.14665603637695
20
4.159190654754639
30
148.78306579589844
11
43.150150299072266
21
4.159190654754639
31
148.56857299804688
12
43.150150299072266
22
5.198988437652588
32
148.1676788330078
13
43.150150299072266
23
5.198988437652588
33
148.1676788330078
0
3DFACE
8
TERRAIN
10
42.14665603637695
20
4.159190654754639
30
148.78306579589844
11
43.150150299072266
21
5.198988437652588
31
148.1676788330078
12
42.14665603637695
22
5.198988437652588
32
148.38650512695312
13
42.14665603637695
23
5.198988437652588
33
148.38650512695312
0
3DFACE
8
TERRAIN
10
43.150150299072266
20
4.159190654754639
30
148.56857299804688
11
44.15364074707031
21
4.159190654754639
31
148.1253204345703
12
44.15364074707031
22
5.198988437652588
32
147.687744140625
13
44.15364074707031
23
5.198988437652588
33
147.687744140625
0
3DFACE
8
TERRAIN
10
43.150150299072266
20
4.159190654754639
30
148.56857299804688
11
44.15364074707031
21
5.198988437652588
31
147.687744140625
12
43.150150299072266
22
5.198988437652588
32
148.1676788330078
13
43.150150299072266
23
5.198988437652588
33
148.1676788330078
0
3DFACE
8
TERRAIN
10
44.15364074707031
20
4.159190654754639
30
148.1253204345703
11
45.15713119506836
21
4.159190654754639
31
147.6475830078125
12
45.15713119506836
22
5.198988437652588
32
147.22476196289062
13
45.15713119506836
23
5.198988437652588
33
147.22476196289062
0
3DFACE
8
TERRAIN
10
44.15364074707031
20
4.159190654754639
30
148.1253204345703
11
45.15713119506836
21
5.198988437652588
31
147.22476196289062
12
44.15364074707031
22
5.198988437652588
32
147.687744140625
13
44.15364074707031
23
5.198988437652588
33
147.687744140625
0
3DFACE
8
TERRAIN
10
0
20
3.1193931102752686
30
151.01443481445312
11
1.0034918785095215
21
3.1193931102752686
31
151.15451049804688
12
1.0034918785095215
22
4.159190654754639
32
151.16004943847656
13
1.0034918785095215
23
4.159190654754639
33
151.16004943847656
0
3DFACE
8
TERRAIN
10
0
20
3.1193931102752686
30
151.01443481445312
11
1.0034918785095215
21
4.159190654754639
31
151.16004943847656
12
0
22
4.159190654754639
32
151.11302185058594
13
0
23
4.159190654754639
33
151.11302185058594
0
3DFACE
8
TERRAIN
10
1.0034918785095215
20
3.1193931102752686
30
151.15451049804688
11
2.006983757019043
21
3.1193931102752686
31
151.23680114746094
12
2.006983757019043
22
4.159190654754639
32
151.16763305664062
13
2.006983757019043
23
4.159190654754639
33
151.16763305664062
0
3DFACE
8
TERRAIN
10
1.0034918785095215
20
3.1193931102752686
30
151.15451049804688
11
2.006983757019043
21
4.159190654754639
31
151.16763305664062
12
1.0034918785095215
22
4.159190654754639
32
151.16004943847656
13
1.0034918785095215
23
4.159190654754639
33
151.16004943847656
0
3DFACE
8
TERRAIN
10
2.006983757019043
20
3.1193931102752686
30
151.23680114746094
11
3.0104753971099854
21
3.1193931102752686
31
151.2503204345703
12
3.0104753971099854
22
4.159190654754639
32
151.1404571533203
13
3.0104753971099854
23
4.159190654754639
33
151.1404571533203
0
3DFACE
8
TERRAIN
10
2.006983757019043
20
3.1193931102752686
30
151.23680114746094
11
3.0104753971099854
21
4.159190654754639
31
151.1404571533203
12
2.006983757019043
22
4.159190654754639
32
151.16763305664062
13
2.006983757019043
23
4.159190654754639
33
151.16763305664062
0
3DFACE
8
TERRAIN
10
3.0104753971099854
20
3.1193931102752686
30
151.2503204345703
11
4.013967514038086
21
3.1193931102752686
31
151.21910095214844
12
4.013967514038086
22
4.159190654754639
32
151.14462280273438
13
4.013967514038086
23
4.159190654754639
33
151.14462280273438
0
3DFACE
8
TERRAIN
10
3.0104753971099854
20
3.1193931102752686
30
151.2503204345703
11
4.013967514038086
21
4.159190654754639
31
151.14462280273438
12
3.0104753971099854
22
4.159190654754639
32
151.1404571533203
13
3.0104753971099854
23
4.159190654754639
33
151.1404571533203
0
3DFACE
8
TERRAIN
10
4.013967514038086
20
3.1193931102752686
30
151.21910095214844
11
5.017459392547607
21
3.1193931102752686
31
151.2019805908203
12
5.017459392547607
22
4.159190654754639
32
151.16259765625
13
5.017459392547607
23
4.159190654754639
33
151.16259765625
0
3DFACE
8
TERRAIN
10
4.013967514038086
20
3.1193931102752686
30
151.21910095214844
11
5.017459392547607
21
4.159190654754639
31
151.16259765625
12
4.013967514038086
22
4.159190654754639
32
151.14462280273438
13
4.013967514038086
23
4.159190654754639
33
151.14462280273438
0
3DFACE
8
TERRAIN
10
5.017459392547607
20
3.1193931102752686
30
151.2019805908203
11
6.020950794219971
21
3.1193931102752686
31
151.1826171875
12
6.020950794219971
22
4.159190654754639
32
151.1531219482422
13
6.020950794219971
23
4.159190654754639
33
151.1531219482422
0
3DFACE
8
TERRAIN
10
5.017459392547607
20
3.1193931102752686
30
151.2019805908203
11
6.020950794219971
21
4.159190654754639
31
151.1531219482422
12
5.017459392547607
22
4.159190654754639
32
151.16259765625
13
5.017459392547607
23
4.159190654754639
33
151.16259765625
0
3DFACE
8
TERRAIN
10
6.020950794219971
20
3.1193931102752686
30
151.1826171875
11
7.024442672729492
21
3.1193931102752686
31
151.14915466308594
12
7.024442672729492
22
4.159190654754639
32
151.1117706298828
13
7.024442672729492
23
4.159190654754639
33
151.1117706298828
0
3DFACE
8
TERRAIN
10
6.020950794219971
20
3.1193931102752686
30
151.1826171875
11
7.024442672729492
21
4.159190654754639
31
151.1117706298828
12
6.020950794219971
22
4.159190654754639
32
151.1531219482422
13
6.020950794219971
23
4.159190654754639
33
151.1531219482422
0
3DFACE
8
TERRAIN
10
7.024442672729492
20
3.1193931102752686
30
151.14915466308594
11
8.027935028076172
21
3.1193931102752686
31
151.14434814453125
12
8.027935028076172
22
4.159190654754639
32
151.09371948242188
13
8.027935028076172
23
4.159190654754639
33
151.09371948242188
0
3DFACE
8
TERRAIN
10
7.024442672729492
20
3.1193931102752686
30
151.14915466308594
11
8.027935028076172
21
4.159190654754639
31
151.09371948242188
12
7.024442672729492
22
4.159190654754639
32
151.1117706298828
13
7.024442672729492
23
4.159190654754639
33
151.1117706298828
0
3DFACE
8
TERRAIN
10
8.027935028076172
20
3.1193931102752686
30
151.14434814453125
11
9.031426429748535
21
3.1193931102752686
31
151.17584228515625
12
9.031426429748535
22
4.159190654754639
32
151.12594604492188
13
9.031426429748535
23
4.159190654754639
33
151.12594604492188
0
3DFACE
8
TERRAIN
10
8.027935028076172
20
3.1193931102752686
30
151.14434814453125
11
9.031426429748535
21
4.159190654754639
31
151.12594604492188
12
8.027935028076172
22
4.159190654754639
32
151.09371948242188
13
8.027935028076172
23
4.159190654754639
33
151.09371948242188
0
3DFACE
8
TERRAIN
10
9.031426429748535
20
3.1193931102752686
30
151.17584228515625
11
10.034918785095215
21
3.1193931102752686
31
151.21827697753906
12
10.034918785095215
22
4.159190654754639
32
151.14158630371094
13
10.034918785095215
23
4.159190654754639
33
151.14158630371094
0
3DFACE
8
TERRAIN
10
9.031426429748535
20
3.1193931102752686
30
151.17584228515625
11
10.034918785095215
21
4.159190654754639
31
151.14158630371094
12
9.031426429748535
22
4.159190654754639
32
151.12594604492188
13
9.031426429748535
23
4.159190654754639
33
151.12594604492188
0
3DFACE
8
TERRAIN
10
10.034918785095215
20
3.1193931102752686
30
151.21827697753906
11
11.038410186767578
21
3.1193931102752686
31
151.22398376464844
12
11.038410186767578
22
4.159190654754639
32
151.12982177734375
13
11.038410186767578
23
4.159190654754639
33
151.12982177734375
0
3DFACE
8
TERRAIN
10
10.034918785095215
20
3.1193931102752686
30
151.21827697753906
11
11.038410186767578
21
4.159190654754639
31
151.12982177734375
12
10.034918785095215
22
4.159190654754639
32
151.14158630371094
13
10.034918785095215
23
4.159190654754639
33
151.14158630371094
0
3DFACE
8
TERRAIN
10
11.038410186767578
20
3.1193931102752686
30
151.22398376464844
11
12.041901588439941
21
3.1193931102752686
31
151.1572723388672
12
12.041901588439941
22
4.159190654754639
32
151.0971221923828
13
12.041901588439941
23
4.159190654754639
33
151.0971221923828
0
3DFACE
8
TERRAIN
10
11.038410186767578
20
3.1193931102752686
30
151.22398376464844
11
12.041901588439941
21
4.159190654754639
31
151.0971221923828
12
11.038410186767578
22
4.159190654754639
32
151.12982177734375
13
11.038410186767578
23
4.159190654754639
33
151.12982177734375
0
3DFACE
8
TERRAIN
10
12.041901588439941
20
3.1193931102752686
30
151.1572723388672
11
13.045393943786621
21
3.1193931102752686
31
151.08302307128906
12
13.045393943786621
22
4.159190654754639
32
151.04827880859375
13
13.045393943786621
23
4.159190654754639
33
151.04827880859375
0
3DFACE
8
TERRAIN
10
12.041901588439941
20
3.1193931102752686
30
151.1572723388672
11
13.045393943786621
21
4.159190654754639
31
151.04827880859375
12
12.041901588439941
22
4.159190654754639
32
151.0971221923828
13
12.041901588439941
23
4.159190654754639
33
151.0971221923828
0
3DFACE
8
TERRAIN
10
13.045393943786621
20
3.1193931102752686
30
151.08302307128906
11
14.048885345458984
21
3.1193931102752686
31
151.0211181640625
12
14.048885345458984
22
4.159190654754639
32
150.99539184570312
13
14.048885345458984
23
4.159190654754639
33
150.99539184570312
0
3DFACE
8
TERRAIN
10
13.045393943786621
20
3.1193931102752686
30
151.08302307128906
11
14.048885345458984
21
4.159190654754639
31
150.99539184570312
12
13.045393943786621
22
4.159190654754639
32
151.04827880859375
13
13.045393943786621
23
4.159190654754639
33
151.04827880859375
0
3DFACE
8
TERRAIN
10
14.048885345458984
20
3.1193931102752686
30
151.0211181640625
11
15.052377700805664
21
3.1193931102752686
31
150.89804077148438
12
15.052377700805664
22
4.159190654754639
32
150.8731689453125
13
15.052377700805664
23
4.159190654754639
33
150.8731689453125
0
3DFACE
8
TERRAIN
10
14.048885345458984
20
3.1193931102752686
30
151.0211181640625
11
15.052377700805664
21
4.159190654754639
31
150.8731689453125
12
14.048885345458984
22
4.159190654754639
32
150.99539184570312
13
14.048885345458984
23
4.159190654754639
33
150.99539184570312
0
3DFACE
8
TERRAIN
10
15.052377700805664
20
3.1193931102752686
30
150.89804077148438
11
16.055870056152344
21
3.1193931102752686
31
150.74057006835938
12
16.055870056152344
22
4.159190654754639
32
150.71554565429688
13
16.055870056152344
23
4.159190654754639
33
150.71554565429688
0
3DFACE
8
TERRAIN
10
15.052377700805664
20
3.1193931102752686
30
150.89804077148438
11
16.055870056152344
21
4.159190654754639
31
150.71554565429688
12
15.052377700805664
22
4.159190654754639
32
150.8731689453125
13
15.052377700805664
23
4.159190654754639
33
150.8731689453125
0
3DFACE
8
TERRAIN
10
16.055870056152344
20
3.1193931102752686
30
150.74057006835938
11
17.05936050415039
21
3.1193931102752686
31
150.57827758789062
12
17.05936050415039
22
4.159190654754639
32
150.56137084960938
13
17.05936050415039
23
4.159190654754639
33
150.56137084960938
0
3DFACE
8
TERRAIN
10
16.055870056152344
20
3.1193931102752686
30
150.74057006835938
11
17.05936050415039
21
4.159190654754639
31
150.56137084960938
12
16.055870056152344
22
4.159190654754639
32
150.71554565429688
13
16.055870056152344
23
4.159190654754639
33
150.71554565429688
0
3DFACE
8
TERRAIN
10
17.05936050415039
20
3.1193931102752686
30
150.57827758789062
11
18.06285285949707
21
3.1193931102752686
31
150.38980102539062
12
18.06285285949707
22
4.159190654754639
32
150.3985595703125
13
18.06285285949707
23
4.159190654754639
33
150.3985595703125
0
3DFACE
8
TERRAIN
10
17.05936050415039
20
3.1193931102752686
30
150.57827758789062
11
18.06285285949707
21
4.159190654754639
31
150.3985595703125
12
17.05936050415039
22
4.159190654754639
32
150.56137084960938
13
17.05936050415039
23
4.159190654754639
33
150.56137084960938
0
3DFACE
8
TERRAIN
10
18.06285285949707
20
3.1193931102752686
30
150.38980102539062
11
19.06634521484375
21
3.1193931102752686
31
150.13967895507812
12
19.06634521484375
22
4.159190654754639
32
150.1900634765625
13
19.06634521484375
23
4.159190654754639
33
150.1900634765625
0
3DFACE
8
TERRAIN
10
18.06285285949707
20
3.1193931102752686
30
150.38980102539062
11
19.06634521484375
21
4.159190654754639
31
150.1900634765625
12
18.06285285949707
22
4.159190654754639
32
150.3985595703125
13
18.06285285949707
23
4.159190654754639
33
150.3985595703125
0
3DFACE
8
TERRAIN
10
19.06634521484375
20
3.1193931102752686
30
150.13967895507812
11
20.06983757019043
21
3.1193931102752686
31
149.80308532714844
12
20.06983757019043
22
4.159190654754639
32
149.89845275878906
13
20.06983757019043
23
4.159190654754639
33
149.89845275878906
0
3DFACE
8
TERRAIN
10
19.06634521484375
20
3.1193931102752686
30
150.13967895507812
11
20.06983757019043
21
4.159190654754639
31
149.89845275878906
12
19.06634521484375
22
4.159190654754639
32
150.1900634765625
13
19.06634521484375
23
4.159190654754639
33
150.1900634765625
0
3DFACE
8
TERRAIN
10
20.06983757019043
20
3.1193931102752686
30
149.80308532714844
11
21.073328018188477
21
3.1193931102752686
31
149.3821258544922
12
21.073328018188477
22
4.159190654754639
32
149.45655822753906
13
21.073328018188477
23
4.159190654754639
33
149.45655822753906
0
3DFACE
8
TERRAIN
10
20.06983757019043
20
3.1193931102752686
30
149.80308532714844
11
21.073328018188477
21
4.159190654754639
31
149.45655822753906
12
20.06983757019043
22
4.159190654754639
32
149.89845275878906
13
20.06983757019043
23
4.159190654754639
33
149.89845275878906
0
3DFACE
8
TERRAIN
10
21.073328018188477
20
3.1193931102752686
30
149.3821258544922
11
22.076820373535156
21
3.1193931102752686
31
148.91221618652344
12
22.076820373535156
22
4.159190654754639
32
148.89822387695312
13
22.076820373535156
23
4.159190654754639
33
148.89822387695312
0
3DFACE
8
TERRAIN
10
21.073328018188477
20
3.1193931102752686
30
149.3821258544922
11
22.076820373535156
21
4.159190654754639
31
148.89822387695312
12
21.073328018188477
22
4.159190654754639
32
149.45655822753906
13
21.073328018188477
23
4.159190654754639
33
149.45655822753906
0
3DFACE
8
TERRAIN
10
22.076820373535156
20
3.1193931102752686
30
148.91221618652344
11
23.080312728881836
21
3.1193931102752686
31
148.43011474609375
12
23.080312728881836
22
4.159190654754639
32
148.32305908203125
13
23.080312728881836
23
4.159190654754639
33
148.32305908203125
0
3DFACE
8
TERRAIN
10
22.076820373535156
20
3.1193931102752686
30
148.91221618652344
11
23.080312728881836
21
4.159190654754639
31
148.32305908203125
12
22.076820373535156
22
4.159190654754639
32
148.89822387695312
13
22.076820373535156
23
4.159190654754639
33
148.89822387695312
0
3DFACE
8
TERRAIN
10
23.080312728881836
20
3.1193931102752686
30
148.43011474609375
11
24.083803176879883
21
3.1193931102752686
31
147.95364379882812
12
24.083803176879883
22
4.159190654754639
32
147.84617614746094
13
24.083803176879883
23
4.159190654754639
33
147.84617614746094
0
3DFACE
8
TERRAIN
10
23.080312728881836
20
3.1193931102752686
30
148.43011474609375
11
24.083803176879883
21
4.159190654754639
31
147.84617614746094
12
23.080312728881836
22
4.159190654754639
32
148.32305908203125
13
23.080312728881836
23
4.159190654754639
33
148.32305908203125
0
3DFACE
8
TERRAIN
10
24.083803176879883
20
3.1193931102752686
30
147.95364379882812
11
25.087295532226562
21
3.1193931102752686
31
147.6225128173828
12
25.087295532226562
22
4.159190654754639
32
147.5133514404297
13
25.087295532226562
23
4.159190654754639
33
147.5133514404297
0
3DFACE
8
TERRAIN
10
24.083803176879883
20
3.1193931102752686
30
147.95364379882812
11
25.087295532226562
21
4.159190654754639
31
147.5133514404297
12
24.083803176879883
22
4.159190654754639
32
147.84617614746094
13
24.083803176879883
23
4.159190654754639
33
147.84617614746094
0
3DFACE
8
TERRAIN
10
25.087295532226562
20
3.1193931102752686
30
147.6225128173828
11
26.090787887573242
21
3.1193931102752686
31
147.59426879882812
12
26.090787887573242
22
4.159190654754639
32
147.40545654296875
13
26.090787887573242
23
4.159190654754639
33
147.40545654296875
0
3DFACE
8
TERRAIN
10
25.087295532226562
20
3.1193931102752686
30
147.6225128173828
11
26.090787887573242
21
4.159190654754639
31
147.40545654296875
12
25.087295532226562
22
4.159190654754639
32
147.5133514404297
13
25.087295532226562
23
4.159190654754639
33
147.5133514404297
0
3DFACE
8
TERRAIN
10
26.090787887573242
20
3.1193931102752686
30
147.59426879882812
11
27.094280242919922
21
3.1193931102752686
31
147.82054138183594
12
27.094280242919922
22
4.159190654754639
32
147.63206481933594
13
27.094280242919922
23
4.159190654754639
33
147.63206481933594
0
3DFACE
8
TERRAIN
10
26.090787887573242
20
3.1193931102752686
30
147.59426879882812
11
27.094280242919922
21
4.159190654754639
31
147.63206481933594
12
26.090787887573242
22
4.159190654754639
32
147.40545654296875
13
26.090787887573242
23
4.159190654754639
33
147.40545654296875
0
3DFACE
8
TERRAIN
10
27.094280242919922
20
3.1193931102752686
30
147.82054138183594
11
28.09777069091797
21
3.1193931102752686
31
148.19705200195312
12
28.09777069091797
22
4.159190654754639
32
147.95706176757812
13
28.09777069091797
23
4.159190654754639
33
147.95706176757812
0
3DFACE
8
TERRAIN
10
27.094280242919922
20
3.1193931102752686
30
147.82054138183594
11
28.09777069091797
21
4.159190654754639
31
147.95706176757812
12
27.094280242919922
22
4.159190654754639
32
147.63206481933594
13
27.094280242919922
23
4.159190654754639
33
147.63206481933594
0
3DFACE
8
TERRAIN
10
28.09777069091797
20
3.1193931102752686
30
148.19705200195312
11
29.10126304626465
21
3.1193931102752686
31
148.54519653320312
12
29.10126304626465
22
4.159190654754639
32
148.31829833984375
13
29.10126304626465
23
4.159190654754639
33
148.31829833984375
0
3DFACE
8
TERRAIN
10
28.09777069091797
20
3.1193931102752686
30
148.19705200195312
11
29.10126304626465
21
4.159190654754639
31
148.31829833984375
12
28.09777069091797
22
4.159190654754639
32
147.95706176757812
13
28.09777069091797
23
4.159190654754639
33
147.95706176757812
0
3DFACE
8
TERRAIN
10
29.10126304626465
20
3.1193931102752686
30
148.54519653320312
11
30.104755401611328
21
3.1193931102752686
31
148.87322998046875
12
30.104755401611328
22
4.159190654754639
32
148.64376831054688
13
30.104755401611328
23
4.159190654754639
33
148.64376831054688
0
3DFACE
8
TERRAIN
10
29.10126304626465
20
3.1193931102752686
30
148.54519653320312
11
30.104755401611328
21
4.159190654754639
31
148.64376831054688
12
29.10126304626465
22
4.159190654754639
32
148.31829833984375
13
29.10126304626465
23
4.159190654754639
33
148.31829833984375
0
3DFACE
8
TERRAIN
10
30.104755401611328
20
3.1193931102752686
30
148.87322998046875
11
31.108245849609375
21
3.1193931102752686
31
149.24302673339844
12
31.108245849609375
22
4.159190654754639
32
149.01803588867188
13
31.108245849609375
23
4.159190654754639
33
149.01803588867188
0
3DFACE
8
TERRAIN
10
30.104755401611328
20
3.1193931102752686
30
148.87322998046875
11
31.108245849609375
21
4.159190654754639
31
149.01803588867188
12
30.104755401611328
22
4.159190654754639
32
148.64376831054688
13
30.104755401611328
23
4.159190654754639
33
148.64376831054688
0
3DFACE
8
TERRAIN
10
31.108245849609375
20
3.1193931102752686
30
149.24302673339844
11
32.11174011230469
21
3.1193931102752686
31
149.5731658935547
12
32.11174011230469
22
4.159190654754639
32
149.30657958984375
13
32.11174011230469
23
4.159190654754639
33
149.30657958984375
0
3DFACE
8
TERRAIN
10
31.108245849609375
20
3.1193931102752686
30
149.24302673339844
11
32.11174011230469
21
4.159190654754639
31
149.30657958984375
12
31.108245849609375
22
4.159190654754639
32
149.01803588867188
13
31.108245849609375
23
4.159190654754639
33
149.01803588867188
0
3DFACE
8
TERRAIN
10
32.11174011230469
20
3.1193931102752686
30
149.5731658935547
11
33.115230560302734
21
3.1193931102752686
31
149.68212890625
12
33.115230560302734
22
4.159190654754639
32
149.4568328857422
13
33.115230560302734
23
4.159190654754639
33
149.4568328857422
0
3DFACE
8
TERRAIN
10
32.11174011230469
20
3.1193931102752686
30
149.5731658935547
11
33.115230560302734
21
4.159190654754639
31
149.4568328857422
12
32.11174011230469
22
4.159190654754639
32
149.30657958984375
13
32.11174011230469
23
4.159190654754639
33
149.30657958984375
0
3DFACE
8
TERRAIN
10
33.115230560302734
20
3.1193931102752686
30
149.68212890625
11
34.11872100830078
21
3.1193931102752686
31
149.76182556152344
12
34.11872100830078
22
4.159190654754639
32
149.59471130371094
13
34.11872100830078
23
4.159190654754639
33
149.59471130371094
0
3DFACE
8
TERRAIN
10
33.115230560302734
20
3.1193931102752686
30
149.68212890625
11
34.11872100830078
21
4.159190654754639
31
149.59471130371094
12
33.115230560302734
22
4.159190654754639
32
149.4568328857422
13
33.115230560302734
23
4.159190654754639
33
149.4568328857422
0
3DFACE
8
TERRAIN
10
34.11872100830078
20
3.1193931102752686
30
149.76182556152344
11
35.122215270996094
21
3.1193931102752686
31
149.79217529296875
12
35.122215270996094
22
4.159190654754639
32
149.63328552246094
13
35.122215270996094
23
4.159190654754639
33
149.63328552246094
0
3DFACE
8
TERRAIN
10
34.11872100830078
20
3.1193931102752686
30
149.76182556152344
11
35.122215270996094
21
4.159190654754639
31
149.63328552246094
12
34.11872100830078
22
4.159190654754639
32
149.59471130371094
13
34.11872100830078
23
4.159190654754639
33
149.59471130371094
0
3DFACE
8
TERRAIN
10
35.122215270996094
20
3.1193931102752686
30
149.79217529296875
11
36.12570571899414
21
3.1193931102752686
31
149.81716918945312
12
36.12570571899414
22
4.159190654754639
32
149.6588592529297
13
36.12570571899414
23
4.159190654754639
33
149.6588592529297
0
3DFACE
8
TERRAIN
10
35.122215270996094
20
3.1193931102752686
30
149.79217529296875
11
36.12570571899414
21
4.159190654754639
31
149.6588592529297
12
35.122215270996094
22
4.159190654754639
32
149.63328552246094
13
35.122215270996094
23
4.159190654754639
33
149.63328552246094
0
3DFACE
8
TERRAIN
10
36.12570571899414
20
3.1193931102752686
30
149.81716918945312
11
37.12919616699219
21
3.1193931102752686
31
149.77725219726562
12
37.12919616699219
22
4.159190654754639
32
149.61273193359375
13
37.12919616699219
23
4.159190654754639
33
149.61273193359375
0
3DFACE
8
TERRAIN
10
36.12570571899414
20
3.1193931102752686
30
149.81716918945312
11
37.12919616699219
21
4.159190654754639
31
149.61273193359375
12
36.12570571899414
22
4.159190654754639
32
149.6588592529297
13
36.12570571899414
23
4.159190654754639
33
149.6588592529297
0
3DFACE
8
TERRAIN
10
37.12919616699219
20
3.1193931102752686
30
149.77725219726562
11
38.1326904296875
21
3.1193931102752686
31
149.7288360595703
12
38.1326904296875
22
4.159190654754639
32
149.52459716796875
13
38.1326904296875
23
4.159190654754639
33
149.52459716796875
0
3DFACE
8
TERRAIN
10
37.12919616699219
20
3.1193931102752686
30
149.77725219726562
11
38.1326904296875
21
4.159190654754639
31
149.52459716796875
12
37.12919616699219
22
4.159190654754639
32
149.61273193359375
13
37.12919616699219
23
4.159190654754639
33
149.61273193359375
0
3DFACE
8
TERRAIN
10
38.1326904296875
20
3.1193931102752686
30
149.7288360595703
11
39.13618087768555
21
3.1193931102752686
31
149.62083435058594
12
39.13618087768555
22
4.159190654754639
32
149.291015625
13
39.13618087768555
23
4.159190654754639
33
149.291015625
0
3DFACE
8
TERRAIN
10
38.1326904296875
20
3.1193931102752686
30
149.7288360595703
11
39.13618087768555
21
4.159190654754639
31
149.291015625
12
38.1326904296875
22
4.159190654754639
32
149.52459716796875
13
38.1326904296875
23
4.159190654754639
33
149.52459716796875
0
3DFACE
8
TERRAIN
10
39.13618087768555
20
3.1193931102752686
30
149.62083435058594
11
40.13967514038086
21
3.1193931102752686
31
149.56951904296875
12
40.13967514038086
22
4.159190654754639
32
149.2060546875
13
40.13967514038086
23
4.159190654754639
33
149.2060546875
0
3DFACE
8
TERRAIN
10
39.13618087768555
20
3.1193931102752686
30
149.62083435058594
11
40.13967514038086
21
4.159190654754639
31
149.2060546875
12
39.13618087768555
22
4.159190654754639
32
149.291015625
13
39.13618087768555
23
4.159190654754639
33
149.291015625
0
3DFACE
8
TERRAIN
10
40.13967514038086
20
3.1193931102752686
30
149.56951904296875
11
41.143165588378906
21
3.1193931102752686
31
149.47996520996094
12
41.143165588378906
22
4.159190654754639
32
148.97898864746094
13
41.143165588378906
23
4.159190654754639
33
148.97898864746094
0
3DFACE
8
TERRAIN
10
40.13967514038086
20
3.1193931102752686
30
149.56951904296875
11
41.143165588378906
21
4.159190654754639
31
148.97898864746094
12
40.13967514038086
22
4.159190654754639
32
149.2060546875
13
40.13967514038086
23
4.159190654754639
33
149.2060546875
0
3DFACE
8
TERRAIN
10
41.143165588378906
20
3.1193931102752686
30
149.47996520996094
11
42.14665603637695
21
3.1193931102752686
31
149.27816772460938
12
42.14665603637695
22
4.159190654754639
32
148.78306579589844
13
42.14665603637695
23
4.159190654754639
33
148.78306579589844
0
3DFACE
8
TERRAIN
10
41.143165588378906
20
3.1193931102752686
30
149.47996520996094
11
42.14665603637695
21
4.159190654754639
31
148.78306579589844
12
41.143165588378906
22
4.159190654754639
32
148.97898864746094
13
41.143165588378906
23
4.159190654754639
33
148.97898864746094
0
3DFACE
8
TERRAIN
10
42.14665603637695
20
3.1193931102752686
30
149.27816772460938
11
43.150150299072266
21
3.1193931102752686
31
149.11038208007812
12
43.150150299072266
22
4.159190654754639
32
148.56857299804688
13
43.150150299072266
23
4.159190654754639
33
148.56857299804688
0
3DFACE
8
TERRAIN
10
42.14665603637695
20
3.1193931102752686
30
149.27816772460938
11
43.150150299072266
21
4.159190654754639
31
148.56857299804688
12
42.14665603637695
22
4.159190654754639
32
148.78306579589844
13
42.14665603637695
23
4.159190654754639
33
148.78306579589844
0
3DFACE
8
TERRAIN
10
43.150150299072266
20
3.1193931102752686
30
149.11038208007812
11
44.15364074707031
21
3.1193931102752686
31
148.76702880859375
12
44.15364074707031
22
4.159190654754639
32
148.1253204345703
13
44.15364074707031
23
4.159190654754639
33
148.1253204345703
0
3DFACE
8
TERRAIN
10
43.150150299072266
20
3.1193931102752686
30
149.11038208007812
11
44.15364074707031
21
4.159190654754639
31
148.1253204345703
12
43.150150299072266
22
4.159190654754639
32
148.56857299804688
13
43.150150299072266
23
4.159190654754639
33
148.56857299804688
0
3DFACE
8
TERRAIN
10
44.15364074707031
20
3.1193931102752686
30
148.76702880859375
11
45.15713119506836
21
3.1193931102752686
31
148.15841674804688
12
45.15713119506836
22
4.159190654754639
32
147.6475830078125
13
45.15713119506836
23
4.159190654754639
33
147.6475830078125
0
3DFACE
8
TERRAIN
10
44.15364074707031
20
3.1193931102752686
30
148.76702880859375
11
45.15713119506836
21
4.159190654754639
31
147.6475830078125
12
44.15364074707031
22
4.159190654754639
32
148.1253204345703
13
44.15364074707031
23
4.159190654754639
33
148.1253204345703
0
3DFACE
8
TERRAIN
10
0
20
2.0795953273773193
30
151.11053466796875
11
1.0034918785095215
21
2.0795953273773193
31
151.21588134765625
12
1.0034918785095215
22
3.1193931102752686
32
151.15451049804688
13
1.0034918785095215
23
3.1193931102752686
33
151.15451049804688
0
3DFACE
8
TERRAIN
10
0
20
2.0795953273773193
30
151.11053466796875
11
1.0034918785095215
21
3.1193931102752686
31
151.15451049804688
12
0
22
3.1193931102752686
32
151.01443481445312
13
0
23
3.1193931102752686
33
151.01443481445312
0
3DFACE
8
TERRAIN
10
1.0034918785095215
20
2.0795953273773193
30
151.21588134765625
11
2.006983757019043
21
2.0795953273773193
31
151.3123321533203
12
2.006983757019043
22
3.1193931102752686
32
151.23680114746094
13
2.006983757019043
23
3.1193931102752686
33
151.23680114746094
0
3DFACE
8
TERRAIN
10
1.0034918785095215
20
2.0795953273773193
30
151.21588134765625
11
2.006983757019043
21
3.1193931102752686
31
151.23680114746094
12
1.0034918785095215
22
3.1193931102752686
32
151.15451049804688
13
1.0034918785095215
23
3.1193931102752686
33
151.15451049804688
0
3DFACE
8
TERRAIN
10
2.006983757019043
20
2.0795953273773193
30
151.3123321533203
11
3.0104753971099854
21
2.0795953273773193
31
151.3455047607422
12
3.0104753971099854
22
3.1193931102752686
32
151.2503204345703
13
3.0104753971099854
23
3.1193931102752686
33
151.2503204345703
0
3DFACE
8
TERRAIN
10
2.006983757019043
20
2.0795953273773193
30
151.3123321533203
11
3.0104753971099854
21
3.1193931102752686
31
151.2503204345703
12
2.006983757019043
22
3.1193931102752686
32
151.23680114746094
13
2.006983757019043
23
3.1193931102752686
33
151.23680114746094
0
3DFACE
8
TERRAIN
10
3.0104753971099854
20
2.0795953273773193
30
151.3455047607422
11
4.013967514038086
21
2.0795953273773193
31
151.31910705566406
12
4.013967514038086
22
3.1193931102752686
32
151.21910095214844
13
4.013967514038086
23
3.1193931102752686
33
151.21910095214844
0
3DFACE
8
TERRAIN
10
3.0104753971099854
20
2.0795953273773193
30
151.3455047607422
11
4.013967514038086
21
3.1193931102752686
31
151.21910095214844
12
3.0104753971099854
22
3.1193931102752686
32
151.2503204345703
13
3.0104753971099854
23
3.1193931102752686
33
151.2503204345703
0
3DFACE
8
TERRAIN
10
4.013967514038086
20
2.0795953273773193
30
151.31910705566406
11
5.017459392547607
21
2.0795953273773193
31
151.2907257080078
12
5.017459392547607
22
3.1193931102752686
32
151.2019805908203
13
5.017459392547607
23
3.1193931102752686
33
151.2019805908203
0
3DFACE
8
TERRAIN
10
4.013967514038086
20
2.0795953273773193
30
151.31910705566406
11
5.017459392547607
21
3.1193931102752686
31
151.2019805908203
12
4.013967514038086
22
3.1193931102752686
32
151.21910095214844
13
4.013967514038086
23
3.1193931102752686
33
151.21910095214844
0
3DFACE
8
TERRAIN
10
5.017459392547607
20
2.0795953273773193
30
151.2907257080078
11
6.020950794219971
21
2.0795953273773193
31
151.2476043701172
12
6.020950794219971
22
3.1193931102752686
32
151.1826171875
13
6.020950794219971
23
3.1193931102752686
33
151.1826171875
0
3DFACE
8
TERRAIN
10
5.017459392547607
20
2.0795953273773193
30
151.2907257080078
11
6.020950794219971
21
3.1193931102752686
31
151.1826171875
12
5.017459392547607
22
3.1193931102752686
32
151.2019805908203
13
5.017459392547607
23
3.1193931102752686
33
151.2019805908203
0
3DFACE
8
TERRAIN
10
6.020950794219971
20
2.0795953273773193
30
151.2476043701172
11
7.024442672729492
21
2.0795953273773193
31
151.2214813232422
12
7.024442672729492
22
3.1193931102752686
32
151.14915466308594
13
7.024442672729492
23
3.1193931102752686
33
151.14915466308594
0
3DFACE
8
TERRAIN
10
6.020950794219971
20
2.0795953273773193
30
151.2476043701172
11
7.024442672729492
21
3.1193931102752686
31
151.14915466308594
12
6.020950794219971
22
3.1193931102752686
32
151.1826171875
13
6.020950794219971
23
3.1193931102752686
33
151.1826171875
0
3DFACE
8
TERRAIN
10
7.024442672729492
20
2.0795953273773193
30
151.2214813232422
11
8.027935028076172
21
2.0795953273773193
31
151.22064208984375
12
8.027935028076172
22
3.1193931102752686
32
151.14434814453125
13
8.027935028076172
23
3.1193931102752686
33
151.14434814453125
0
3DFACE
8
TERRAIN
10
7.024442672729492
20
2.0795953273773193
30
151.2214813232422
11
8.027935028076172
21
3.1193931102752686
31
151.14434814453125
12
7.024442672729492
22
3.1193931102752686
32
151.14915466308594
13
7.024442672729492
23
3.1193931102752686
33
151.14915466308594
0
3DFACE
8
TERRAIN
10
8.027935028076172
20
2.0795953273773193
30
151.22064208984375
11
9.031426429748535
21
2.0795953273773193
31
151.2418670654297
12
9.031426429748535
22
3.1193931102752686
32
151.17584228515625
13
9.031426429748535
23
3.1193931102752686
33
151.17584228515625
0
3DFACE
8
TERRAIN
10
8.027935028076172
20
2.0795953273773193
30
151.22064208984375
11
9.031426429748535
21
3.1193931102752686
31
151.17584228515625
12
8.027935028076172
22
3.1193931102752686
32
151.14434814453125
13
8.027935028076172
23
3.1193931102752686
33
151.14434814453125
0
3DFACE
8
TERRAIN
10
9.031426429748535
20
2.0795953273773193
30
151.2418670654297
11
10.034918785095215
21
2.0795953273773193
31
151.29209899902344
12
10.034918785095215
22
3.1193931102752686
32
151.21827697753906
13
10.034918785095215
23
3.1193931102752686
33
151.21827697753906
0
3DFACE
8
TERRAIN
10
9.031426429748535
20
2.0795953273773193
30
151.2418670654297
11
10.034918785095215
21
3.1193931102752686
31
151.21827697753906
12
9.031426429748535
22
3.1193931102752686
32
151.17584228515625
13
9.031426429748535
23
3.1193931102752686
33
151.17584228515625
0
3DFACE
8
TERRAIN
10
10.034918785095215
20
2.0795953273773193
30
151.29209899902344
11
11.038410186767578
21
2.0795953273773193
31
151.31910705566406
12
11.038410186767578
22
3.1193931102752686
32
151.22398376464844
13
11.038410186767578
23
3.1193931102752686
33
151.22398376464844
0
3DFACE
8
TERRAIN
10
10.034918785095215
20
2.0795953273773193
30
151.29209899902344
11
11.038410186767578
21
3.1193931102752686
31
151.22398376464844
12
10.034918785095215
22
3.1193931102752686
32
151.21827697753906
13
10.034918785095215
23
3.1193931102752686
33
151.21827697753906
0
3DFACE
8
TERRAIN
10
11.038410186767578
20
2.0795953273773193
30
151.31910705566406
11
12.041901588439941
21
2.0795953273773193
31
151.23300170898438
12
12.041901588439941
22
3.1193931102752686
32
151.1572723388672
13
12.041901588439941
23
3.1193931102752686
33
151.1572723388672
0
3DFACE
8
TERRAIN
10
11.038410186767578
20
2.0795953273773193
30
151.31910705566406
11
12.041901588439941
21
3.1193931102752686
31
151.1572723388672
12
11.038410186767578
22
3.1193931102752686
32
151.22398376464844
13
11.038410186767578
23
3.1193931102752686
33
151.22398376464844
0
3DFACE
8
TERRAIN
10
12.041901588439941
20
2.0795953273773193
30
151.23300170898438
11
13.045393943786621
21
2.0795953273773193
31
151.11720275878906
12
13.045393943786621
22
3.1193931102752686
32
151.08302307128906
13
13.045393943786621
23
3.1193931102752686
33
151.08302307128906
0
3DFACE
8
TERRAIN
10
12.041901588439941
20
2.0795953273773193
30
151.23300170898438
11
13.045393943786621
21
3.1193931102752686
31
151.08302307128906
12
12.041901588439941
22
3.1193931102752686
32
151.1572723388672
13
12.041901588439941
23
3.1193931102752686
33
151.1572723388672
0
3DFACE
8
TERRAIN
10
13.045393943786621
20
2.0795953273773193
30
151.11720275878906
11
14.048885345458984
21
2.0795953273773193
31
151.0274658203125
12
14.048885345458984
22
3.1193931102752686
32
151.0211181640625
13
14.048885345458984
23
3.1193931102752686
33
151.0211181640625
0
3DFACE
8
TERRAIN
10
13.045393943786621
20
2.0795953273773193
30
151.11720275878906
11
14.048885345458984
21
3.1193931102752686
31
151.0211181640625
12
13.045393943786621
22
3.1193931102752686
32
151.08302307128906
13
13.045393943786621
23
3.1193931102752686
33
151.08302307128906
0
3DFACE
8
TERRAIN
10
14.048885345458984
20
2.0795953273773193
30
151.0274658203125
11
15.052377700805664
21
2.0795953273773193
31
150.8857421875
12
15.052377700805664
22
3.1193931102752686
32
150.89804077148438
13
15.052377700805664
23
3.1193931102752686
33
150.89804077148438
0
3DFACE
8
TERRAIN
10
14.048885345458984
20
2.0795953273773193
30
151.0274658203125
11
15.052377700805664
21
3.1193931102752686
31
150.89804077148438
12
14.048885345458984
22
3.1193931102752686
32
151.0211181640625
13
14.048885345458984
23
3.1193931102752686
33
151.0211181640625
0
3DFACE
8
TERRAIN
10
15.052377700805664
20
2.0795953273773193
30
150.8857421875
11
16.055870056152344
21
2.0795953273773193
31
150.74176025390625
12
16.055870056152344
22
3.1193931102752686
32
150.74057006835938
13
16.055870056152344
23
3.1193931102752686
33
150.74057006835938
0
3DFACE
8
TERRAIN
10
15.052377700805664
20
2.0795953273773193
30
150.8857421875
11
16.055870056152344
21
3.1193931102752686
31
150.74057006835938
12
15.052377700805664
22
3.1193931102752686
32
150.89804077148438
13
15.052377700805664
23
3.1193931102752686
33
150.89804077148438
0
3DFACE
8
TERRAIN
10
16.055870056152344
20
2.0795953273773193
30
150.74176025390625
11
17.05936050415039
21
2.0795953273773193
31
150.58912658691406
12
17.05936050415039
22
3.1193931102752686
32
150.57827758789062
13
17.05936050415039
23
3.1193931102752686
33
150.57827758789062
0
3DFACE
8
TERRAIN
10
16.055870056152344
20
2.0795953273773193
30
150.74176025390625
11
17.05936050415039
21
3.1193931102752686
31
150.57827758789062
12
16.055870056152344
22
3.1193931102752686
32
150.74057006835938
13
16.055870056152344
23
3.1193931102752686
33
150.74057006835938
0
3DFACE
8
TERRAIN
10
17.05936050415039
20
2.0795953273773193
30
150.58912658691406
11
18.06285285949707
21
2.0795953273773193
31
150.39183044433594
12
18.06285285949707
22
3.1193931102752686
32
150.38980102539062
13
18.06285285949707
23
3.1193931102752686
33
150.38980102539062
0
3DFACE
8
TERRAIN
10
17.05936050415039
20
2.0795953273773193
30
150.58912658691406
11
18.06285285949707
21
3.1193931102752686
31
150.38980102539062
12
17.05936050415039
22
3.1193931102752686
32
150.57827758789062
13
17.05936050415039
23
3.1193931102752686
33
150.57827758789062
0
3DFACE
8
TERRAIN
10
18.06285285949707
20
2.0795953273773193
30
150.39183044433594
11
19.06634521484375
21
2.0795953273773193
31
150.1620330810547
12
19.06634521484375
22
3.1193931102752686
32
150.13967895507812
13
19.06634521484375
23
3.1193931102752686
33
150.13967895507812
0
3DFACE
8
TERRAIN
10
18.06285285949707
20
2.0795953273773193
30
150.39183044433594
11
19.06634521484375
21
3.1193931102752686
31
150.13967895507812
12
18.06285285949707
22
3.1193931102752686
32
150.38980102539062
13
18.06285285949707
23
3.1193931102752686
33
150.38980102539062
0
3DFACE
8
TERRAIN
10
19.06634521484375
20
2.0795953273773193
30
150.1620330810547
11
20.06983757019043
21
2.0795953273773193
31
149.81349182128906
12
20.06983757019043
22
3.1193931102752686
32
149.80308532714844
13
20.06983757019043
23
3.1193931102752686
33
149.80308532714844
0
3DFACE
8
TERRAIN
10
19.06634521484375
20
2.0795953273773193
30
150.1620330810547
11
20.06983757019043
21
3.1193931102752686
31
149.80308532714844
12
19.06634521484375
22
3.1193931102752686
32
150.13967895507812
13
19.06634521484375
23
3.1193931102752686
33
150.13967895507812
0
3DFACE
8
TERRAIN
10
20.06983757019043
20
2.0795953273773193
30
149.81349182128906
11
21.073328018188477
21
2.0795953273773193
31
149.3387451171875
12
21.073328018188477
22
3.1193931102752686
32
149.3821258544922
13
21.073328018188477
23
3.1193931102752686
33
149.3821258544922
0
3DFACE
8
TERRAIN
10
20.06983757019043
20
2.0795953273773193
30
149.81349182128906
11
21.073328018188477
21
3.1193931102752686
31
149.3821258544922
12
20.06983757019043
22
3.1193931102752686
32
149.80308532714844
13
20.06983757019043
23
3.1193931102752686
33
149.80308532714844
0
3DFACE
8
TERRAIN
10
21.073328018188477
20
2.0795953273773193
30
149.3387451171875
11
22.076820373535156
21
2.0795953273773193
31
148.92416381835938
12
22.076820373535156
22
3.1193931102752686
32
148.91221618652344
13
22.076820373535156
23
3.1193931102752686
33
148.91221618652344
0
3DFACE
8
TERRAIN
10
21.073328018188477
20
2.0795953273773193
30
149.3387451171875
11
22.076820373535156
21
3.1193931102752686
31
148.91221618652344
12
21.073328018188477
22
3.1193931102752686
32
149.3821258544922
13
21.073328018188477
23
3.1193931102752686
33
149.3821258544922
0
3DFACE
8
TERRAIN
10
22.076820373535156
20
2.0795953273773193
30
148.92416381835938
11
23.080312728881836
21
2.0795953273773193
31
148.53224182128906
12
23.080312728881836
22
3.1193931102752686
32
148.43011474609375
13
23.080312728881836
23
3.1193931102752686
33
148.43011474609375
0
3DFACE
8
TERRAIN
10
22.076820373535156
20
2.0795953273773193
30
148.92416381835938
11
23.080312728881836
21
3.1193931102752686
31
148.43011474609375
12
22.076820373535156
22
3.1193931102752686
32
148.91221618652344
13
22.076820373535156
23
3.1193931102752686
33
148.91221618652344
0
3DFACE
8
TERRAIN
10
23.080312728881836
20
2.0795953273773193
30
148.53224182128906
11
24.083803176879883
21
2.0795953273773193
31
148.07974243164062
12
24.083803176879883
22
3.1193931102752686
32
147.95364379882812
13
24.083803176879883
23
3.1193931102752686
33
147.95364379882812
0
3DFACE
8
TERRAIN
10
23.080312728881836
20
2.0795953273773193
30
148.53224182128906
11
24.083803176879883
21
3.1193931102752686
31
147.95364379882812
12
23.080312728881836
22
3.1193931102752686
32
148.43011474609375
13
23.080312728881836
23
3.1193931102752686
33
148.43011474609375
0
3DFACE
8
TERRAIN
10
24.083803176879883
20
2.0795953273773193
30
148.07974243164062
11
25.087295532226562
21
2.0795953273773193
31
147.74905395507812
12
25.087295532226562
22
3.1193931102752686
32
147.6225128173828
13
25.087295532226562
23
3.1193931102752686
33
147.6225128173828
0
3DFACE
8
TERRAIN
10
24.083803176879883
20
2.0795953273773193
30
148.07974243164062
11
25.087295532226562
21
3.1193931102752686
31
147.6225128173828
12
24.083803176879883
22
3.1193931102752686
32
147.95364379882812
13
24.083803176879883
23
3.1193931102752686
33
147.95364379882812
0
3DFACE
8
TERRAIN
10
25.087295532226562
20
2.0795953273773193
30
147.74905395507812
11
26.090787887573242
21
2.0795953273773193
31
147.76910400390625
12
26.090787887573242
22
3.1193931102752686
32
147.59426879882812
13
26.090787887573242
23
3.1193931102752686
33
147.59426879882812
0
3DFACE
8
TERRAIN
10
25.087295532226562
20
2.0795953273773193
30
147.74905395507812
11
26.090787887573242
21
3.1193931102752686
31
147.59426879882812
12
25.087295532226562
22
3.1193931102752686
32
147.6225128173828
13
25.087295532226562
23
3.1193931102752686
33
147.6225128173828
0
3DFACE
8
TERRAIN
10
26.090787887573242
20
2.0795953273773193
30
147.76910400390625
11
27.094280242919922
21
2.0795953273773193
31
147.97418212890625
12
27.094280242919922
22
3.1193931102752686
32
147.82054138183594
13
27.094280242919922
23
3.1193931102752686
33
147.82054138183594
0
3DFACE
8
TERRAIN
10
26.090787887573242
20
2.0795953273773193
30
147.76910400390625
11
27.094280242919922
21
3.1193931102752686
31
147.82054138183594
12
26.090787887573242
22
3.1193931102752686
32
147.59426879882812
13
26.090787887573242
23
3.1193931102752686
33
147.59426879882812
0
3DFACE
8
TERRAIN
10
27.094280242919922
20
2.0795953273773193
30
147.97418212890625
11
28.09777069091797
21
2.0795953273773193
31
148.2899627685547
12
28.09777069091797
22
3.1193931102752686
32
148.19705200195312
13
28.09777069091797
23
3.1193931102752686
33
148.19705200195312
0
3DFACE
8
TERRAIN
10
27.094280242919922
20
2.0795953273773193
30
147.97418212890625
11
28.09777069091797
21
3.1193931102752686
31
148.19705200195312
12
27.094280242919922
22
3.1193931102752686
32
147.82054138183594
13
27.094280242919922
23
3.1193931102752686
33
147.82054138183594
0
3DFACE
8
TERRAIN
10
28.09777069091797
20
2.0795953273773193
30
148.2899627685547
11
29.10126304626465
21
2.0795953273773193
31
148.63833618164062
12
29.10126304626465
22
3.1193931102752686
32
148.54519653320312
13
29.10126304626465
23
3.1193931102752686
33
148.54519653320312
0
3DFACE
8
TERRAIN
10
28.09777069091797
20
2.0795953273773193
30
148.2899627685547
11
29.10126304626465
21
3.1193931102752686
31
148.54519653320312
12
28.09777069091797
22
3.1193931102752686
32
148.19705200195312
13
28.09777069091797
23
3.1193931102752686
33
148.19705200195312
0
3DFACE
8
TERRAIN
10
29.10126304626465
20
2.0795953273773193
30
148.63833618164062
11
30.104755401611328
21
2.0795953273773193
31
149.00543212890625
12
30.104755401611328
22
3.1193931102752686
32
148.87322998046875
13
30.104755401611328
23
3.1193931102752686
33
148.87322998046875
0
3DFACE
8
TERRAIN
10
29.10126304626465
20
2.0795953273773193
30
148.63833618164062
11
30.104755401611328
21
3.1193931102752686
31
148.87322998046875
12
29.10126304626465
22
3.1193931102752686
32
148.54519653320312
13
29.10126304626465
23
3.1193931102752686
33
148.54519653320312
0
3DFACE
8
TERRAIN
10
30.104755401611328
20
2.0795953273773193
30
149.00543212890625
11
31.108245849609375
21
2.0795953273773193
31
149.38961791992188
12
31.108245849609375
22
3.1193931102752686
32
149.24302673339844
13
31.108245849609375
23
3.1193931102752686
33
149.24302673339844
0
3DFACE
8
TERRAIN
10
30.104755401611328
20
2.0795953273773193
30
149.00543212890625
11
31.108245849609375
21
3.1193931102752686
31
149.24302673339844
12
30.104755401611328
22
3.1193931102752686
32
148.87322998046875
13
30.104755401611328
23
3.1193931102752686
33
148.87322998046875
0
3DFACE
8
TERRAIN
10
31.108245849609375
20
2.0795953273773193
30
149.38961791992188
11
32.11174011230469
21
2.0795953273773193
31
149.74951171875
12
32.11174011230469
22
3.1193931102752686
32
149.5731658935547
13
32.11174011230469
23
3.1193931102752686
33
149.5731658935547
0
3DFACE
8
TERRAIN
10
31.108245849609375
20
2.0795953273773193
30
149.38961791992188
11
32.11174011230469
21
3.1193931102752686
31
149.5731658935547
12
31.108245849609375
22
3.1193931102752686
32
149.24302673339844
13
31.108245849609375
23
3.1193931102752686
33
149.24302673339844
0
3DFACE
8
TERRAIN
10
32.11174011230469
20
2.0795953273773193
30
149.74951171875
11
33.115230560302734
21
2.0795953273773193
31
149.88504028320312
12
33.115230560302734
22
3.1193931102752686
32
149.68212890625
13
33.115230560302734
23
3.1193931102752686
33
149.68212890625
0
3DFACE
8
TERRAIN
10
32.11174011230469
20
2.0795953273773193
30
149.74951171875
11
33.115230560302734
21
3.1193931102752686
31
149.68212890625
12
32.11174011230469
22
3.1193931102752686
32
149.5731658935547
13
32.11174011230469
23
3.1193931102752686
33
149.5731658935547
0
3DFACE
8
TERRAIN
10
33.115230560302734
20
2.0795953273773193
30
149.88504028320312
11
34.11872100830078
21
2.0795953273773193
31
149.93038940429688
12
34.11872100830078
22
3.1193931102752686
32
149.76182556152344
13
34.11872100830078
23
3.1193931102752686
33
149.76182556152344
0
3DFACE
8
TERRAIN
10
33.115230560302734
20
2.0795953273773193
30
149.88504028320312
11
34.11872100830078
21
3.1193931102752686
31
149.76182556152344
12
33.115230560302734
22
3.1193931102752686
32
149.68212890625
13
33.115230560302734
23
3.1193931102752686
33
149.68212890625
0
3DFACE
8
TERRAIN
10
34.11872100830078
20
2.0795953273773193
30
149.93038940429688
11
35.122215270996094
21
2.0795953273773193
31
149.9523468017578
12
35.122215270996094
22
3.1193931102752686
32
149.79217529296875
13
35.122215270996094
23
3.1193931102752686
33
149.79217529296875
0
3DFACE
8
TERRAIN
10
34.11872100830078
20
2.0795953273773193
30
149.93038940429688
11
35.122215270996094
21
3.1193931102752686
31
149.79217529296875
12
34.11872100830078
22
3.1193931102752686
32
149.76182556152344
13
34.11872100830078
23
3.1193931102752686
33
149.76182556152344
0
3DFACE
8
TERRAIN
10
35.122215270996094
20
2.0795953273773193
30
149.9523468017578
11
36.12570571899414
21
2.0795953273773193
31
149.9425811767578
12
36.12570571899414
22
3.1193931102752686
32
149.81716918945312
13
36.12570571899414
23
3.1193931102752686
33
149.81716918945312
0
3DFACE
8
TERRAIN
10
35.122215270996094
20
2.0795953273773193
30
149.9523468017578
11
36.12570571899414
21
3.1193931102752686
31
149.81716918945312
12
35.122215270996094
22
3.1193931102752686
32
149.79217529296875
13
35.122215270996094
23
3.1193931102752686
33
149.79217529296875
0
3DFACE
8
TERRAIN
10
36.12570571899414
20
2.0795953273773193
30
149.9425811767578
11
37.12919616699219
21
2.0795953273773193
31
149.95779418945312
12
37.12919616699219
22
3.1193931102752686
32
149.77725219726562
13
37.12919616699219
23
3.1193931102752686
33
149.77725219726562
0
3DFACE
8
TERRAIN
10
36.12570571899414
20
2.0795953273773193
30
149.9425811767578
11
37.12919616699219
21
3.1193931102752686
31
149.77725219726562
12
36.12570571899414
22
3.1193931102752686
32
149.81716918945312
13
36.12570571899414
23
3.1193931102752686
33
149.81716918945312
0
3DFACE
8
TERRAIN
10
37.12919616699219
20
2.0795953273773193
30
149.95779418945312
11
38.1326904296875
21
2.0795953273773193
31
149.9239501953125
12
38.1326904296875
22
3.1193931102752686
32
149.7288360595703
13
38.1326904296875
23
3.1193931102752686
33
149.7288360595703
0
3DFACE
8
TERRAIN
10
37.12919616699219
20
2.0795953273773193
30
149.95779418945312
11
38.1326904296875
21
3.1193931102752686
31
149.7288360595703
12
37.12919616699219
22
3.1193931102752686
32
149.77725219726562
13
37.12919616699219
23
3.1193931102752686
33
149.77725219726562
0
3DFACE
8
TERRAIN
10
38.1326904296875
20
2.0795953273773193
30
149.9239501953125
11
39.13618087768555
21
2.0795953273773193
31
149.8902587890625
12
39.13618087768555
22
3.1193931102752686
32
149.62083435058594
13
39.13618087768555
23
3.1193931102752686
33
149.62083435058594
0
3DFACE
8
TERRAIN
10
38.1326904296875
20
2.0795953273773193
30
149.9239501953125
11
39.13618087768555
21
3.1193931102752686
31
149.62083435058594
12
38.1326904296875
22
3.1193931102752686
32
149.7288360595703
13
38.1326904296875
23
3.1193931102752686
33
149.7288360595703
0
3DFACE
8
TERRAIN
10
39.13618087768555
20
2.0795953273773193
30
149.8902587890625
11
40.13967514038086
21
2.0795953273773193
31
149.84133911132812
12
40.13967514038086
22
3.1193931102752686
32
149.56951904296875
13
40.13967514038086
23
3.1193931102752686
33
149.56951904296875
0
3DFACE
8
TERRAIN
10
39.13618087768555
20
2.0795953273773193
30
149.8902587890625
11
40.13967514038086
21
3.1193931102752686
31
149.56951904296875
12
39.13618087768555
22
3.1193931102752686
32
149.62083435058594
13
39.13618087768555
23
3.1193931102752686
33
149.62083435058594
0
3DFACE
8
TERRAIN
10
40.13967514038086
20
2.0795953273773193
30
149.84133911132812
11
41.143165588378906
21
2.0795953273773193
31
149.8289031982422
12
41.143165588378906
22
3.1193931102752686
32
149.47996520996094
13
41.143165588378906
23
3.1193931102752686
33
149.47996520996094
0
3DFACE
8
TERRAIN
10
40.13967514038086
20
2.0795953273773193
30
149.84133911132812
11
41.143165588378906
21
3.1193931102752686
31
149.47996520996094
12
40.13967514038086
22
3.1193931102752686
32
149.56951904296875
13
40.13967514038086
23
3.1193931102752686
33
149.56951904296875
0
3DFACE
8
TERRAIN
10
41.143165588378906
20
2.0795953273773193
30
149.8289031982422
11
42.14665603637695
21
2.0795953273773193
31
149.7334747314453
12
42.14665603637695
22
3.1193931102752686
32
149.27816772460938
13
42.14665603637695
23
3.1193931102752686
33
149.27816772460938
0
3DFACE
8
TERRAIN
10
41.143165588378906
20
2.0795953273773193
30
149.8289031982422
11
42.14665603637695
21
3.1193931102752686
31
149.27816772460938
12
41.143165588378906
22
3.1193931102752686
32
149.47996520996094
13
41.143165588378906
23
3.1193931102752686
33
149.47996520996094
0
3DFACE
8
TERRAIN
10
42.14665603637695
20
2.0795953273773193
30
149.7334747314453
11
43.150150299072266
21
2.0795953273773193
31
149.53680419921875
12
43.150150299072266
22
3.1193931102752686
32
149.11038208007812
13
43.150150299072266
23
3.1193931102752686
33
149.11038208007812
0
3DFACE
8
TERRAIN
10
42.14665603637695
20
2.0795953273773193
30
149.7334747314453
11
43.150150299072266
21
3.1193931102752686
31
149.11038208007812
12
42.14665603637695
22
3.1193931102752686
32
149.27816772460938
13
42.14665603637695
23
3.1193931102752686
33
149.27816772460938
0
3DFACE
8
TERRAIN
10
43.150150299072266
20
2.0795953273773193
30
149.53680419921875
11
44.15364074707031
21
2.0795953273773193
31
149.29994201660156
12
44.15364074707031
22
3.1193931102752686
32
148.76702880859375
13
44.15364074707031
23
3.1193931102752686
33
148.76702880859375
0
3DFACE
8
TERRAIN
10
43.150150299072266
20
2.0795953273773193
30
149.53680419921875
11
44.15364074707031
21
3.1193931102752686
31
148.76702880859375
12
43.150150299072266
22
3.1193931102752686
32
149.11038208007812
13
43.150150299072266
23
3.1193931102752686
33
149.11038208007812
0
3DFACE
8
TERRAIN
10
44.15364074707031
20
2.0795953273773193
30
149.29994201660156
11
45.15713119506836
21
2.0795953273773193
31
148.79954528808594
12
45.15713119506836
22
3.1193931102752686
32
148.15841674804688
13
45.15713119506836
23
3.1193931102752686
33
148.15841674804688
0
3DFACE
8
TERRAIN
10
44.15364074707031
20
2.0795953273773193
30
149.29994201660156
11
45.15713119506836
21
3.1193931102752686
31
148.15841674804688
12
44.15364074707031
22
3.1193931102752686
32
148.76702880859375
13
44.15364074707031
23
3.1193931102752686
33
148.76702880859375
0
3DFACE
8
TERRAIN
10
0
20
1.0397976636886597
30
151.1485595703125
11
1.0034918785095215
21
1.0397976636886597
31
151.3683624267578
12
1.0034918785095215
22
2.0795953273773193
32
151.21588134765625
13
1.0034918785095215
23
2.0795953273773193
33
151.21588134765625
0
3DFACE
8
TERRAIN
10
0
20
1.0397976636886597
30
151.1485595703125
11
1.0034918785095215
21
2.0795953273773193
31
151.21588134765625
12
0
22
2.0795953273773193
32
151.11053466796875
13
0
23
2.0795953273773193
33
151.11053466796875
0
3DFACE
8
TERRAIN
10
1.0034918785095215
20
1.0397976636886597
30
151.3683624267578
11
2.006983757019043
21
1.0397976636886597
31
151.42311096191406
12
2.006983757019043
22
2.0795953273773193
32
151.3123321533203
13
2.006983757019043
23
2.0795953273773193
33
151.3123321533203
0
3DFACE
8
TERRAIN
10
1.0034918785095215
20
1.0397976636886597
30
151.3683624267578
11
2.006983757019043
21
2.0795953273773193
31
151.3123321533203
12
1.0034918785095215
22
2.0795953273773193
32
151.21588134765625
13
1.0034918785095215
23
2.0795953273773193
33
151.21588134765625
0
3DFACE
8
TERRAIN
10
2.006983757019043
20
1.0397976636886597
30
151.42311096191406
11
3.0104753971099854
21
1.0397976636886597
31
151.4191131591797
12
3.0104753971099854
22
2.0795953273773193
32
151.3455047607422
13
3.0104753971099854
23
2.0795953273773193
33
151.3455047607422
0
3DFACE
8
TERRAIN
10
2.006983757019043
20
1.0397976636886597
30
151.42311096191406
11
3.0104753971099854
21
2.0795953273773193
31
151.3455047607422
12
2.006983757019043
22
2.0795953273773193
32
151.3123321533203
13
2.006983757019043
23
2.0795953273773193
33
151.3123321533203
0
3DFACE
8
TERRAIN
10
3.0104753971099854
20
1.0397976636886597
30
151.4191131591797
11
4.013967514038086
21
1.0397976636886597
31
151.4466552734375
12
4.013967514038086
22
2.0795953273773193
32
151.31910705566406
13
4.013967514038086
23
2.0795953273773193
33
151.31910705566406
0
3DFACE
8
TERRAIN
10
3.0104753971099854
20
1.0397976636886597
30
151.4191131591797
11
4.013967514038086
21
2.0795953273773193
31
151.31910705566406
12
3.0104753971099854
22
2.0795953273773193
32
151.3455047607422
13
3.0104753971099854
23
2.0795953273773193
33
151.3455047607422
0
3DFACE
8
TERRAIN
10
4.013967514038086
20
1.0397976636886597
30
151.4466552734375
11
5.017459392547607
21
1.0397976636886597
31
151.4586639404297
12
5.017459392547607
22
2.0795953273773193
32
151.2907257080078
13
5.017459392547607
23
2.0795953273773193
33
151.2907257080078
0
3DFACE
8
TERRAIN
10
4.013967514038086
20
1.0397976636886597
30
151.4466552734375
11
5.017459392547607
21
2.0795953273773193
31
151.2907257080078
12
4.013967514038086
22
2.0795953273773193
32
151.31910705566406
13
4.013967514038086
23
2.0795953273773193
33
151.31910705566406
0
3DFACE
8
TERRAIN
10
5.017459392547607
20
1.0397976636886597
30
151.4586639404297
11
6.020950794219971
21
1.0397976636886597
31
151.39295959472656
12
6.020950794219971
22
2.0795953273773193
32
151.2476043701172
13
6.020950794219971
23
2.0795953273773193
33
151.2476043701172
0
3DFACE
8
TERRAIN
10
5.017459392547607
20
1.0397976636886597
30
151.4586639404297
11
6.020950794219971
21
2.0795953273773193
31
151.2476043701172
12
5.017459392547607
22
2.0795953273773193
32
151.2907257080078
13
5.017459392547607
23
2.0795953273773193
33
151.2907257080078
0
3DFACE
8
TERRAIN
10
6.020950794219971
20
1.0397976636886597
30
151.39295959472656
11
7.024442672729492
21
1.0397976636886597
31
151.3509979248047
12
7.024442672729492
22
2.0795953273773193
32
151.2214813232422
13
7.024442672729492
23
2.0795953273773193
33
151.2214813232422
0
3DFACE
8
TERRAIN
10
6.020950794219971
20
1.0397976636886597
30
151.39295959472656
11
7.024442672729492
21
2.0795953273773193
31
151.2214813232422
12
6.020950794219971
22
2.0795953273773193
32
151.2476043701172
13
6.020950794219971
23
2.0795953273773193
33
151.2476043701172
0
3DFACE
8
TERRAIN
10
7.024442672729492
20
1.0397976636886597
30
151.3509979248047
11
8.027935028076172
21
1.0397976636886597
31
151.31610107421875
12
8.027935028076172
22
2.0795953273773193
32
151.22064208984375
13
8.027935028076172
23
2.0795953273773193
33
151.22064208984375
0
3DFACE
8
TERRAIN
10
7.024442672729492
20
1.0397976636886597
30
151.3509979248047
11
8.027935028076172
21
2.0795953273773193
31
151.22064208984375
12
7.024442672729492
22
2.0795953273773193
32
151.2214813232422
13
7.024442672729492
23
2.0795953273773193
33
151.2214813232422
0
3DFACE
8
TERRAIN
10
8.027935028076172
20
1.0397976636886597
30
151.31610107421875
11
9.031426429748535
21
1.0397976636886597
31
151.3324432373047
12
9.031426429748535
22
2.0795953273773193
32
151.2418670654297
13
9.031426429748535
23
2.0795953273773193
33
151.2418670654297
0
3DFACE
8
TERRAIN
10
8.027935028076172
20
1.0397976636886597
30
151.31610107421875
11
9.031426429748535
21
2.0795953273773193
31
151.2418670654297
12
8.027935028076172
22
2.0795953273773193
32
151.22064208984375
13
8.027935028076172
23
2.0795953273773193
33
151.22064208984375
0
3DFACE
8
TERRAIN
10
9.031426429748535
20
1.0397976636886597
30
151.3324432373047
11
10.034918785095215
21
1.0397976636886597
31
151.40054321289062
12
10.034918785095215
22
2.0795953273773193
32
151.29209899902344
13
10.034918785095215
23
2.0795953273773193
33
151.29209899902344
0
3DFACE
8
TERRAIN
10
9.031426429748535
20
1.0397976636886597
30
151.3324432373047
11
10.034918785095215
21
2.0795953273773193
31
151.29209899902344
12
9.031426429748535
22
2.0795953273773193
32
151.2418670654297
13
9.031426429748535
23
2.0795953273773193
33
151.2418670654297
0
3DFACE
8
TERRAIN
10
10.034918785095215
20
1.0397976636886597
30
151.40054321289062
11
11.038410186767578
21
1.0397976636886597
31
151.36810302734375
12
11.038410186767578
22
2.0795953273773193
32
151.31910705566406
13
11.038410186767578
23
2.0795953273773193
33
151.31910705566406
0
3DFACE
8
TERRAIN
10
10.034918785095215
20
1.0397976636886597
30
151.40054321289062
11
11.038410186767578
21
2.0795953273773193
31
151.31910705566406
12
10.034918785095215
22
2.0795953273773193
32
151.29209899902344
13
10.034918785095215
23
2.0795953273773193
33
151.29209899902344
0
3DFACE
8
TERRAIN
10
11.038410186767578
20
1.0397976636886597
30
151.36810302734375
11
12.041901588439941
21
1.0397976636886597
31
151.25027465820312
12
12.041901588439941
22
2.0795953273773193
32
151.23300170898438
13
12.041901588439941
23
2.0795953273773193
33
151.23300170898438
0
3DFACE
8
TERRAIN
10
11.038410186767578
20
1.0397976636886597
30
151.36810302734375
11
12.041901588439941
21
2.0795953273773193
31
151.23300170898438
12
11.038410186767578
22
2.0795953273773193
32
151.31910705566406
13
11.038410186767578
23
2.0795953273773193
33
151.31910705566406
0
3DFACE
8
TERRAIN
10
12.041901588439941
20
1.0397976636886597
30
151.25027465820312
11
13.045393943786621
21
1.0397976636886597
31
151.14141845703125
12
13.045393943786621
22
2.0795953273773193
32
151.11720275878906
13
13.045393943786621
23
2.0795953273773193
33
151.11720275878906
0
3DFACE
8
TERRAIN
10
12.041901588439941
20
1.0397976636886597
30
151.25027465820312
11
13.045393943786621
21
2.0795953273773193
31
151.11720275878906
12
12.041901588439941
22
2.0795953273773193
32
151.23300170898438
13
12.041901588439941
23
2.0795953273773193
33
151.23300170898438
0
3DFACE
8
TERRAIN
10
13.045393943786621
20
1.0397976636886597
30
151.14141845703125
11
14.048885345458984
21
1.0397976636886597
31
151.0167694091797
12
14.048885345458984
22
2.0795953273773193
32
151.0274658203125
13
14.048885345458984
23
2.0795953273773193
33
151.0274658203125
0
3DFACE
8
TERRAIN
10
13.045393943786621
20
1.0397976636886597
30
151.14141845703125
11
14.048885345458984
21
2.0795953273773193
31
151.0274658203125
12
13.045393943786621
22
2.0795953273773193
32
151.11720275878906
13
13.045393943786621
23
2.0795953273773193
33
151.11720275878906
0
3DFACE
8
TERRAIN
10
14.048885345458984
20
1.0397976636886597
30
151.0167694091797
11
15.052377700805664
21
1.0397976636886597
31
150.88526916503906
12
15.052377700805664
22
2.0795953273773193
32
150.8857421875
13
15.052377700805664
23
2.0795953273773193
33
150.8857421875
0
3DFACE
8
TERRAIN
10
14.048885345458984
20
1.0397976636886597
30
151.0167694091797
11
15.052377700805664
21
2.0795953273773193
31
150.8857421875
12
14.048885345458984
22
2.0795953273773193
32
151.0274658203125
13
14.048885345458984
23
2.0795953273773193
33
151.0274658203125
0
3DFACE
8
TERRAIN
10
15.052377700805664
20
1.0397976636886597
30
150.88526916503906
11
16.055870056152344
21
1.0397976636886597
31
150.76792907714844
12
16.055870056152344
22
2.0795953273773193
32
150.74176025390625
13
16.055870056152344
23
2.0795953273773193
33
150.74176025390625
0
3DFACE
8
TERRAIN
10
15.052377700805664
20
1.0397976636886597
30
150.88526916503906
11
16.055870056152344
21
2.0795953273773193
31
150.74176025390625
12
15.052377700805664
22
2.0795953273773193
32
150.8857421875
13
15.052377700805664
23
2.0795953273773193
33
150.8857421875
0
3DFACE
8
TERRAIN
10
16.055870056152344
20
1.0397976636886597
30
150.76792907714844
11
17.05936050415039
21
1.0397976636886597
31
150.6065673828125
12
17.05936050415039
22
2.0795953273773193
32
150.58912658691406
13
17.05936050415039
23
2.0795953273773193
33
150.58912658691406
0
3DFACE
8
TERRAIN
10
16.055870056152344
20
1.0397976636886597
30
150.76792907714844
11
17.05936050415039
21
2.0795953273773193
31
150.58912658691406
12
16.055870056152344
22
2.0795953273773193
32
150.74176025390625
13
16.055870056152344
23
2.0795953273773193
33
150.74176025390625
0
3DFACE
8
TERRAIN
10
17.05936050415039
20
1.0397976636886597
30
150.6065673828125
11
18.06285285949707
21
1.0397976636886597
31
150.41676330566406
12
18.06285285949707
22
2.0795953273773193
32
150.39183044433594
13
18.06285285949707
23
2.0795953273773193
33
150.39183044433594
0
3DFACE
8
TERRAIN
10
17.05936050415039
20
1.0397976636886597
30
150.6065673828125
11
18.06285285949707
21
2.0795953273773193
31
150.39183044433594
12
17.05936050415039
22
2.0795953273773193
32
150.58912658691406
13
17.05936050415039
23
2.0795953273773193
33
150.58912658691406
0
3DFACE
8
TERRAIN
10
18.06285285949707
20
1.0397976636886597
30
150.41676330566406
11
19.06634521484375
21
1.0397976636886597
31
150.21475219726562
12
19.06634521484375
22
2.0795953273773193
32
150.1620330810547
13
19.06634521484375
23
2.0795953273773193
33
150.1620330810547
0
3DFACE
8
TERRAIN
10
18.06285285949707
20
1.0397976636886597
30
150.41676330566406
11
19.06634521484375
21
2.0795953273773193
31
150.1620330810547
12
18.06285285949707
22
2.0795953273773193
32
150.39183044433594
13
18.06285285949707
23
2.0795953273773193
33
150.39183044433594
0
3DFACE
8
TERRAIN
10
19.06634521484375
20
1.0397976636886597
30
150.21475219726562
11
20.06983757019043
21
1.0397976636886597
31
149.8640594482422
12
20.06983757019043
22
2.0795953273773193
32
149.81349182128906
13
20.06983757019043
23
2.0795953273773193
33
149.81349182128906
0
3DFACE
8
TERRAIN
10
19.06634521484375
20
1.0397976636886597
30
150.21475219726562
11
20.06983757019043
21
2.0795953273773193
31
149.81349182128906
12
19.06634521484375
22
2.0795953273773193
32
150.1620330810547
13
19.06634521484375
23
2.0795953273773193
33
150.1620330810547
0
3DFACE
8
TERRAIN
10
20.06983757019043
20
1.0397976636886597
30
149.8640594482422
11
21.073328018188477
21
1.0397976636886597
31
149.32708740234375
12
21.073328018188477
22
2.0795953273773193
32
149.3387451171875
13
21.073328018188477
23
2.0795953273773193
33
149.3387451171875
0
3DFACE
8
TERRAIN
10
20.06983757019043
20
1.0397976636886597
30
149.8640594482422
11
21.073328018188477
21
2.0795953273773193
31
149.3387451171875
12
20.06983757019043
22
2.0795953273773193
32
149.81349182128906
13
20.06983757019043
23
2.0795953273773193
33
149.81349182128906
0
3DFACE
8
TERRAIN
10
21.073328018188477
20
1.0397976636886597
30
149.32708740234375
11
22.076820373535156
21
1.0397976636886597
31
148.86627197265625
12
22.076820373535156
22
2.0795953273773193
32
148.92416381835938
13
22.076820373535156
23
2.0795953273773193
33
148.92416381835938
0
3DFACE
8
TERRAIN
10
21.073328018188477
20
1.0397976636886597
30
149.32708740234375
11
22.076820373535156
21
2.0795953273773193
31
148.92416381835938
12
21.073328018188477
22
2.0795953273773193
32
149.3387451171875
13
21.073328018188477
23
2.0795953273773193
33
149.3387451171875
0
3DFACE
8
TERRAIN
10
22.076820373535156
20
1.0397976636886597
30
148.86627197265625
11
23.080312728881836
21
1.0397976636886597
31
148.4958038330078
12
23.080312728881836
22
2.0795953273773193
32
148.53224182128906
13
23.080312728881836
23
2.0795953273773193
33
148.53224182128906
0
3DFACE
8
TERRAIN
10
22.076820373535156
20
1.0397976636886597
30
148.86627197265625
11
23.080312728881836
21
2.0795953273773193
31
148.53224182128906
12
22.076820373535156
22
2.0795953273773193
32
148.92416381835938
13
22.076820373535156
23
2.0795953273773193
33
148.92416381835938
0
3DFACE
8
TERRAIN
10
23.080312728881836
20
1.0397976636886597
30
148.4958038330078
11
24.083803176879883
21
1.0397976636886597
31
148.0957794189453
12
24.083803176879883
22
2.0795953273773193
32
148.07974243164062
13
24.083803176879883
23
2.0795953273773193
33
148.07974243164062
0
3DFACE
8
TERRAIN
10
23.080312728881836
20
1.0397976636886597
30
148.4958038330078
11
24.083803176879883
21
2.0795953273773193
31
148.07974243164062
12
23.080312728881836
22
2.0795953273773193
32
148.53224182128906
13
23.080312728881836
23
2.0795953273773193
33
148.53224182128906
0
3DFACE
8
TERRAIN
10
24.083803176879883
20
1.0397976636886597
30
148.0957794189453
11
25.087295532226562
21
1.0397976636886597
31
147.8361053466797
12
25.087295532226562
22
2.0795953273773193
32
147.74905395507812
13
25.087295532226562
23
2.0795953273773193
33
147.74905395507812
0
3DFACE
8
TERRAIN
10
24.083803176879883
20
1.0397976636886597
30
148.0957794189453
11
25.087295532226562
21
2.0795953273773193
31
147.74905395507812
12
24.083803176879883
22
2.0795953273773193
32
148.07974243164062
13
24.083803176879883
23
2.0795953273773193
33
148.07974243164062
0
3DFACE
8
TERRAIN
10
25.087295532226562
20
1.0397976636886597
30
147.8361053466797
11
26.090787887573242
21
1.0397976636886597
31
147.87506103515625
12
26.090787887573242
22
2.0795953273773193
32
147.76910400390625
13
26.090787887573242
23
2.0795953273773193
33
147.76910400390625
0
3DFACE
8
TERRAIN
10
25.087295532226562
20
1.0397976636886597
30
147.8361053466797
11
26.090787887573242
21
2.0795953273773193
31
147.76910400390625
12
25.087295532226562
22
2.0795953273773193
32
147.74905395507812
13
25.087295532226562
23
2.0795953273773193
33
147.74905395507812
0
3DFACE
8
TERRAIN
10
26.090787887573242
20
1.0397976636886597
30
147.87506103515625
11
27.094280242919922
21
1.0397976636886597
31
148.07040405273438
12
27.094280242919922
22
2.0795953273773193
32
147.97418212890625
13
27.094280242919922
23
2.0795953273773193
33
147.97418212890625
0
3DFACE
8
TERRAIN
10
26.090787887573242
20
1.0397976636886597
30
147.87506103515625
11
27.094280242919922
21
2.0795953273773193
31
147.97418212890625
12
26.090787887573242
22
2.0795953273773193
32
147.76910400390625
13
26.090787887573242
23
2.0795953273773193
33
147.76910400390625
0
3DFACE
8
TERRAIN
10
27.094280242919922
20
1.0397976636886597
30
148.07040405273438
11
28.09777069091797
21
1.0397976636886597
31
148.37803649902344
12
28.09777069091797
22
2.0795953273773193
32
148.2899627685547
13
28.09777069091797
23
2.0795953273773193
33
148.2899627685547
0
3DFACE
8
TERRAIN
10
27.094280242919922
20
1.0397976636886597
30
148.07040405273438
11
28.09777069091797
21
2.0795953273773193
31
148.2899627685547
12
27.094280242919922
22
2.0795953273773193
32
147.97418212890625
13
27.094280242919922
23
2.0795953273773193
33
147.97418212890625
0
3DFACE
8
TERRAIN
10
28.09777069091797
20
1.0397976636886597
30
148.37803649902344
11
29.10126304626465
21
1.0397976636886597
31
148.78598022460938
12
29.10126304626465
22
2.0795953273773193
32
148.63833618164062
13
29.10126304626465
23
2.0795953273773193
33
148.63833618164062
0
3DFACE
8
TERRAIN
10
28.09777069091797
20
1.0397976636886597
30
148.37803649902344
11
29.10126304626465
21
2.0795953273773193
31
148.63833618164062
12
28.09777069091797
22
2.0795953273773193
32
148.2899627685547
13
28.09777069091797
23
2.0795953273773193
33
148.2899627685547
0
3DFACE
8
TERRAIN
10
29.10126304626465
20
1.0397976636886597
30
148.78598022460938
11
30.104755401611328
21
1.0397976636886597
31
149.18359375
12
30.104755401611328
22
2.0795953273773193
32
149.00543212890625
13
30.104755401611328
23
2.0795953273773193
33
149.00543212890625
0
3DFACE
8
TERRAIN
10
29.10126304626465
20
1.0397976636886597
30
148.78598022460938
11
30.104755401611328
21
2.0795953273773193
31
149.00543212890625
12
29.10126304626465
22
2.0795953273773193
32
148.63833618164062
13
29.10126304626465
23
2.0795953273773193
33
148.63833618164062
0
3DFACE
8
TERRAIN
10
30.104755401611328
20
1.0397976636886597
30
149.18359375
11
31.108245849609375
21
1.0397976636886597
31
149.56491088867188
12
31.108245849609375
22
2.0795953273773193
32
149.38961791992188
13
31.108245849609375
23
2.0795953273773193
33
149.38961791992188
0
3DFACE
8
TERRAIN
10
30.104755401611328
20
1.0397976636886597
30
149.18359375
11
31.108245849609375
21
2.0795953273773193
31
149.38961791992188
12
30.104755401611328
22
2.0795953273773193
32
149.00543212890625
13
30.104755401611328
23
2.0795953273773193
33
149.00543212890625
0
3DFACE
8
TERRAIN
10
31.108245849609375
20
1.0397976636886597
30
149.56491088867188
11
32.11174011230469
21
1.0397976636886597
31
149.87718200683594
12
32.11174011230469
22
2.0795953273773193
32
149.74951171875
13
32.11174011230469
23
2.0795953273773193
33
149.74951171875
0
3DFACE
8
TERRAIN
10
31.108245849609375
20
1.0397976636886597
30
149.56491088867188
11
32.11174011230469
21
2.0795953273773193
31
149.74951171875
12
31.108245849609375
22
2.0795953273773193
32
149.38961791992188
13
31.108245849609375
23
2.0795953273773193
33
149.38961791992188
0
3DFACE
8
TERRAIN
10
32.11174011230469
20
1.0397976636886597
30
149.87718200683594
11
33.115230560302734
21
1.0397976636886597
31
150.0318145751953
12
33.115230560302734
22
2.0795953273773193
32
149.88504028320312
13
33.115230560302734
23
2.0795953273773193
33
149.88504028320312
0
3DFACE
8
TERRAIN
10
32.11174011230469
20
1.0397976636886597
30
149.87718200683594
11
33.115230560302734
21
2.0795953273773193
31
149.88504028320312
12
32.11174011230469
22
2.0795953273773193
32
149.74951171875
13
32.11174011230469
23
2.0795953273773193
33
149.74951171875
0
3DFACE
8
TERRAIN
10
33.115230560302734
20
1.0397976636886597
30
150.0318145751953
11
34.11872100830078
21
1.0397976636886597
31
150.08375549316406
12
34.11872100830078
22
2.0795953273773193
32
149.93038940429688
13
34.11872100830078
23
2.0795953273773193
33
149.93038940429688
0
3DFACE
8
TERRAIN
10
33.115230560302734
20
1.0397976636886597
30
150.0318145751953
11
34.11872100830078
21
2.0795953273773193
31
149.93038940429688
12
33.115230560302734
22
2.0795953273773193
32
149.88504028320312
13
33.115230560302734
23
2.0795953273773193
33
149.88504028320312
0
3DFACE
8
TERRAIN
10
34.11872100830078
20
1.0397976636886597
30
150.08375549316406
11
35.122215270996094
21
1.0397976636886597
31
150.09620666503906
12
35.122215270996094
22
2.0795953273773193
32
149.9523468017578
13
35.122215270996094
23
2.0795953273773193
33
149.9523468017578
0
3DFACE
8
TERRAIN
10
34.11872100830078
20
1.0397976636886597
30
150.08375549316406
11
35.122215270996094
21
2.0795953273773193
31
149.9523468017578
12
34.11872100830078
22
2.0795953273773193
32
149.93038940429688
13
34.11872100830078
23
2.0795953273773193
33
149.93038940429688
0
3DFACE
8
TERRAIN
10
35.122215270996094
20
1.0397976636886597
30
150.09620666503906
11
36.12570571899414
21
1.0397976636886597
31
150.14065551757812
12
36.12570571899414
22
2.0795953273773193
32
149.9425811767578
13
36.12570571899414
23
2.0795953273773193
33
149.9425811767578
0
3DFACE
8
TERRAIN
10
35.122215270996094
20
1.0397976636886597
30
150.09620666503906
11
36.12570571899414
21
2.0795953273773193
31
149.9425811767578
12
35.122215270996094
22
2.0795953273773193
32
149.9523468017578
13
35.122215270996094
23
2.0795953273773193
33
149.9523468017578
0
3DFACE
8
TERRAIN
10
36.12570571899414
20
1.0397976636886597
30
150.14065551757812
11
37.12919616699219
21
1.0397976636886597
31
150.15322875976562
12
37.12919616699219
22
2.0795953273773193
32
149.95779418945312
13
37.12919616699219
23
2.0795953273773193
33
149.95779418945312
0
3DFACE
8
TERRAIN
10
36.12570571899414
20
1.0397976636886597
30
150.14065551757812
11
37.12919616699219
21
2.0795953273773193
31
149.95779418945312
12
36.12570571899414
22
2.0795953273773193
32
149.9425811767578
13
36.12570571899414
23
2.0795953273773193
33
149.9425811767578
0
3DFACE
8
TERRAIN
10
37.12919616699219
20
1.0397976636886597
30
150.15322875976562
11
38.1326904296875
21
1.0397976636886597
31
150.1719207763672
12
38.1326904296875
22
2.0795953273773193
32
149.9239501953125
13
38.1326904296875
23
2.0795953273773193
33
149.9239501953125
0
3DFACE
8
TERRAIN
10
37.12919616699219
20
1.0397976636886597
30
150.15322875976562
11
38.1326904296875
21
2.0795953273773193
31
149.9239501953125
12
37.12919616699219
22
2.0795953273773193
32
149.95779418945312
13
37.12919616699219
23
2.0795953273773193
33
149.95779418945312
0
3DFACE
8
TERRAIN
10
38.1326904296875
20
1.0397976636886597
30
150.1719207763672
11
39.13618087768555
21
1.0397976636886597
31
150.13694763183594
12
39.13618087768555
22
2.0795953273773193
32
149.8902587890625
13
39.13618087768555
23
2.0795953273773193
33
149.8902587890625
0
3DFACE
8
TERRAIN
10
38.1326904296875
20
1.0397976636886597
30
150.1719207763672
11
39.13618087768555
21
2.0795953273773193
31
149.8902587890625
12
38.1326904296875
22
2.0795953273773193
32
149.9239501953125
13
38.1326904296875
23
2.0795953273773193
33
149.9239501953125
0
3DFACE
8
TERRAIN
10
39.13618087768555
20
1.0397976636886597
30
150.13694763183594
11
40.13967514038086
21
1.0397976636886597
31
150.06661987304688
12
40.13967514038086
22
2.0795953273773193
32
149.84133911132812
13
40.13967514038086
23
2.0795953273773193
33
149.84133911132812
0
3DFACE
8
TERRAIN
10
39.13618087768555
20
1.0397976636886597
30
150.13694763183594
11
40.13967514038086
21
2.0795953273773193
31
149.84133911132812
12
39.13618087768555
22
2.0795953273773193
32
149.8902587890625
13
39.13618087768555
23
2.0795953273773193
33
149.8902587890625
0
3DFACE
8
TERRAIN
10
40.13967514038086
20
1.0397976636886597
30
150.06661987304688
11
41.143165588378906
21
1.0397976636886597
31
150.06814575195312
12
41.143165588378906
22
2.0795953273773193
32
149.8289031982422
13
41.143165588378906
23
2.0795953273773193
33
149.8289031982422
0
3DFACE
8
TERRAIN
10
40.13967514038086
20
1.0397976636886597
30
150.06661987304688
11
41.143165588378906
21
2.0795953273773193
31
149.8289031982422
12
40.13967514038086
22
2.0795953273773193
32
149.84133911132812
13
40.13967514038086
23
2.0795953273773193
33
149.84133911132812
0
3DFACE
8
TERRAIN
10
41.143165588378906
20
1.0397976636886597
30
150.06814575195312
11
42.14665603637695
21
1.0397976636886597
31
150.07070922851562
12
42.14665603637695
22
2.0795953273773193
32
149.7334747314453
13
42.14665603637695
23
2.0795953273773193
33
149.7334747314453
0
3DFACE
8
TERRAIN
10
41.143165588378906
20
1.0397976636886597
30
150.06814575195312
11
42.14665603637695
21
2.0795953273773193
31
149.7334747314453
12
41.143165588378906
22
2.0795953273773193
32
149.8289031982422
13
41.143165588378906
23
2.0795953273773193
33
149.8289031982422
0
3DFACE
8
TERRAIN
10
42.14665603637695
20
1.0397976636886597
30
150.07070922851562
11
43.150150299072266
21
1.0397976636886597
31
149.8693389892578
12
43.150150299072266
22
2.0795953273773193
32
149.53680419921875
13
43.150150299072266
23
2.0795953273773193
33
149.53680419921875
0
3DFACE
8
TERRAIN
10
42.14665603637695
20
1.0397976636886597
30
150.07070922851562
11
43.150150299072266
21
2.0795953273773193
31
149.53680419921875
12
42.14665603637695
22
2.0795953273773193
32
149.7334747314453
13
42.14665603637695
23
2.0795953273773193
33
149.7334747314453
0
3DFACE
8
TERRAIN
10
43.150150299072266
20
1.0397976636886597
30
149.8693389892578
11
44.15364074707031
21
1.0397976636886597
31
149.64906311035156
12
44.15364074707031
22
2.0795953273773193
32
149.29994201660156
13
44.15364074707031
23
2.0795953273773193
33
149.29994201660156
0
3DFACE
8
TERRAIN
10
43.150150299072266
20
1.0397976636886597
30
149.8693389892578
11
44.15364074707031
21
2.0795953273773193
31
149.29994201660156
12
43.150150299072266
22
2.0795953273773193
32
149.53680419921875
13
43.150150299072266
23
2.0795953273773193
33
149.53680419921875
0
3DFACE
8
TERRAIN
10
44.15364074707031
20
1.0397976636886597
30
149.64906311035156
11
45.15713119506836
21
1.0397976636886597
31
149.38079833984375
12
45.15713119506836
22
2.0795953273773193
32
148.79954528808594
13
45.15713119506836
23
2.0795953273773193
33
148.79954528808594
0
3DFACE
8
TERRAIN
10
44.15364074707031
20
1.0397976636886597
30
149.64906311035156
11
45.15713119506836
21
2.0795953273773193
31
148.79954528808594
12
44.15364074707031
22
2.0795953273773193
32
149.29994201660156
13
44.15364074707031
23
2.0795953273773193
33
149.29994201660156
0
3DFACE
8
TERRAIN
10
0
20
0
30
151.2275848388672
11
1.0034918785095215
21
0
31
151.4714813232422
12
1.0034918785095215
22
1.0397976636886597
32
151.3683624267578
13
1.0034918785095215
23
1.0397976636886597
33
151.3683624267578
0
3DFACE
8
TERRAIN
10
0
20
0
30
151.2275848388672
11
1.0034918785095215
21
1.0397976636886597
31
151.3683624267578
12
0
22
1.0397976636886597
32
151.1485595703125
13
0
23
1.0397976636886597
33
151.1485595703125
0
3DFACE
8
TERRAIN
10
1.0034918785095215
20
0
30
151.4714813232422
11
2.006983757019043
21
0
31
151.50198364257812
12
2.006983757019043
22
1.0397976636886597
32
151.42311096191406
13
2.006983757019043
23
1.0397976636886597
33
151.42311096191406
0
3DFACE
8
TERRAIN
10
1.0034918785095215
20
0
30
151.4714813232422
11
2.006983757019043
21
1.0397976636886597
31
151.42311096191406
12
1.0034918785095215
22
1.0397976636886597
32
151.3683624267578
13
1.0034918785095215
23
1.0397976636886597
33
151.3683624267578
0
3DFACE
8
TERRAIN
10
2.006983757019043
20
0
30
151.50198364257812
11
3.0104753971099854
21
0
31
151.46975708007812
12
3.0104753971099854
22
1.0397976636886597
32
151.4191131591797
13
3.0104753971099854
23
1.0397976636886597
33
151.4191131591797
0
3DFACE
8
TERRAIN
10
2.006983757019043
20
0
30
151.50198364257812
11
3.0104753971099854
21
1.0397976636886597
31
151.4191131591797
12
2.006983757019043
22
1.0397976636886597
32
151.42311096191406
13
2.006983757019043
23
1.0397976636886597
33
151.42311096191406
0
3DFACE
8
TERRAIN
10
3.0104753971099854
20
0
30
151.46975708007812
11
4.013967514038086
21
0
31
151.46913146972656
12
4.013967514038086
22
1.0397976636886597
32
151.4466552734375
13
4.013967514038086
23
1.0397976636886597
33
151.4466552734375
0
3DFACE
8
TERRAIN
10
3.0104753971099854
20
0
30
151.46975708007812
11
4.013967514038086
21
1.0397976636886597
31
151.4466552734375
12
3.0104753971099854
22
1.0397976636886597
32
151.4191131591797
13
3.0104753971099854
23
1.0397976636886597
33
151.4191131591797
0
3DFACE
8
TERRAIN
10
4.013967514038086
20
0
30
151.46913146972656
11
5.017459392547607
21
0
31
151.51365661621094
12
5.017459392547607
22
1.0397976636886597
32
151.4586639404297
13
5.017459392547607
23
1.0397976636886597
33
151.4586639404297
0
3DFACE
8
TERRAIN
10
4.013967514038086
20
0
30
151.46913146972656
11
5.017459392547607
21
1.0397976636886597
31
151.4586639404297
12
4.013967514038086
22
1.0397976636886597
32
151.4466552734375
13
4.013967514038086
23
1.0397976636886597
33
151.4466552734375
0
3DFACE
8
TERRAIN
10
5.017459392547607
20
0
30
151.51365661621094
11
6.020950794219971
21
0
31
151.4975128173828
12
6.020950794219971
22
1.0397976636886597
32
151.39295959472656
13
6.020950794219971
23
1.0397976636886597
33
151.39295959472656
0
3DFACE
8
TERRAIN
10
5.017459392547607
20
0
30
151.51365661621094
11
6.020950794219971
21
1.0397976636886597
31
151.39295959472656
12
5.017459392547607
22
1.0397976636886597
32
151.4586639404297
13
5.017459392547607
23
1.0397976636886597
33
151.4586639404297
0
3DFACE
8
TERRAIN
10
6.020950794219971
20
0
30
151.4975128173828
11
7.024442672729492
21
0
31
151.4418487548828
12
7.024442672729492
22
1.0397976636886597
32
151.3509979248047
13
7.024442672729492
23
1.0397976636886597
33
151.3509979248047
0
3DFACE
8
TERRAIN
10
6.020950794219971
20
0
30
151.4975128173828
11
7.024442672729492
21
1.0397976636886597
31
151.3509979248047
12
6.020950794219971
22
1.0397976636886597
32
151.39295959472656
13
6.020950794219971
23
1.0397976636886597
33
151.39295959472656
0
3DFACE
8
TERRAIN
10
7.024442672729492
20
0
30
151.4418487548828
11
8.027935028076172
21
0
31
151.40870666503906
12
8.027935028076172
22
1.0397976636886597
32
151.31610107421875
13
8.027935028076172
23
1.0397976636886597
33
151.31610107421875
0
3DFACE
8
TERRAIN
10
7.024442672729492
20
0
30
151.4418487548828
11
8.027935028076172
21
1.0397976636886597
31
151.31610107421875
12
7.024442672729492
22
1.0397976636886597
32
151.3509979248047
13
7.024442672729492
23
1.0397976636886597
33
151.3509979248047
0
3DFACE
8
TERRAIN
10
8.027935028076172
20
0
30
151.40870666503906
11
9.031426429748535
21
0
31
151.4053497314453
12
9.031426429748535
22
1.0397976636886597
32
151.3324432373047
13
9.031426429748535
23
1.0397976636886597
33
151.3324432373047
0
3DFACE
8
TERRAIN
10
8.027935028076172
20
0
30
151.40870666503906
11
9.031426429748535
21
1.0397976636886597
31
151.3324432373047
12
8.027935028076172
22
1.0397976636886597
32
151.31610107421875
13
8.027935028076172
23
1.0397976636886597
33
151.31610107421875
0
3DFACE
8
TERRAIN
10
9.031426429748535
20
0
30
151.4053497314453
11
10.034918785095215
21
0
31
151.40838623046875
12
10.034918785095215
22
1.0397976636886597
32
151.40054321289062
13
10.034918785095215
23
1.0397976636886597
33
151.40054321289062
0
3DFACE
8
TERRAIN
10
9.031426429748535
20
0
30
151.4053497314453
11
10.034918785095215
21
1.0397976636886597
31
151.40054321289062
12
9.031426429748535
22
1.0397976636886597
32
151.3324432373047
13
9.031426429748535
23
1.0397976636886597
33
151.3324432373047
0
3DFACE
8
TERRAIN
10
10.034918785095215
20
0
30
151.40838623046875
11
11.038410186767578
21
0
31
151.34909057617188
12
11.038410186767578
22
1.0397976636886597
32
151.36810302734375
13
11.038410186767578
23
1.0397976636886597
33
151.36810302734375
0
3DFACE
8
TERRAIN
10
10.034918785095215
20
0
30
151.40838623046875
11
11.038410186767578
21
1.0397976636886597
31
151.36810302734375
12
10.034918785095215
22
1.0397976636886597
32
151.40054321289062
13
10.034918785095215
23
1.0397976636886597
33
151.40054321289062
0
3DFACE
8
TERRAIN
10
11.038410186767578
20
0
30
151.34909057617188
11
12.041901588439941
21
0
31
151.2543487548828
12
12.041901588439941
22
1.0397976636886597
32
151.25027465820312
13
12.041901588439941
23
1.0397976636886597
33
151.25027465820312
0
3DFACE
8
TERRAIN
10
11.038410186767578
20
0
30
151.34909057617188
11
12.041901588439941
21
1.0397976636886597
31
151.25027465820312
12
11.038410186767578
22
1.0397976636886597
32
151.36810302734375
13
11.038410186767578
23
1.0397976636886597
33
151.36810302734375
0
3DFACE
8
TERRAIN
10
12.041901588439941
20
0
30
151.2543487548828
11
13.045393943786621
21
0
31
151.16143798828125
12
13.045393943786621
22
1.0397976636886597
32
151.14141845703125
13
13.045393943786621
23
1.0397976636886597
33
151.14141845703125
0
3DFACE
8
TERRAIN
10
12.041901588439941
20
0
30
151.2543487548828
11
13.045393943786621
21
1.0397976636886597
31
151.14141845703125
12
12.041901588439941
22
1.0397976636886597
32
151.25027465820312
13
12.041901588439941
23
1.0397976636886597
33
151.25027465820312
0
3DFACE
8
TERRAIN
10
13.045393943786621
20
0
30
151.16143798828125
11
14.048885345458984
21
0
31
151.04306030273438
12
14.048885345458984
22
1.0397976636886597
32
151.0167694091797
13
14.048885345458984
23
1.0397976636886597
33
151.0167694091797
0
3DFACE
8
TERRAIN
10
13.045393943786621
20
0
30
151.16143798828125
11
14.048885345458984
21
1.0397976636886597
31
151.0167694091797
12
13.045393943786621
22
1.0397976636886597
32
151.14141845703125
13
13.045393943786621
23
1.0397976636886597
33
151.14141845703125
0
3DFACE
8
TERRAIN
10
14.048885345458984
20
0
30
151.04306030273438
11
15.052377700805664
21
0
31
150.90689086914062
12
15.052377700805664
22
1.0397976636886597
32
150.88526916503906
13
15.052377700805664
23
1.0397976636886597
33
150.88526916503906
0
3DFACE
8
TERRAIN
10
14.048885345458984
20
0
30
151.04306030273438
11
15.052377700805664
21
1.0397976636886597
31
150.88526916503906
12
14.048885345458984
22
1.0397976636886597
32
151.0167694091797
13
14.048885345458984
23
1.0397976636886597
33
151.0167694091797
0
3DFACE
8
TERRAIN
10
15.052377700805664
20
0
30
150.90689086914062
11
16.055870056152344
21
0
31
150.743408203125
12
16.055870056152344
22
1.0397976636886597
32
150.76792907714844
13
16.055870056152344
23
1.0397976636886597
33
150.76792907714844
0
3DFACE
8
TERRAIN
10
15.052377700805664
20
0
30
150.90689086914062
11
16.055870056152344
21
1.0397976636886597
31
150.76792907714844
12
15.052377700805664
22
1.0397976636886597
32
150.88526916503906
13
15.052377700805664
23
1.0397976636886597
33
150.88526916503906
0
3DFACE
8
TERRAIN
10
16.055870056152344
20
0
30
150.743408203125
11
17.05936050415039
21
0
31
150.60630798339844
12
17.05936050415039
22
1.0397976636886597
32
150.6065673828125
13
17.05936050415039
23
1.0397976636886597
33
150.6065673828125
0
3DFACE
8
TERRAIN
10
16.055870056152344
20
0
30
150.743408203125
11
17.05936050415039
21
1.0397976636886597
31
150.6065673828125
12
16.055870056152344
22
1.0397976636886597
32
150.76792907714844
13
16.055870056152344
23
1.0397976636886597
33
150.76792907714844
0
3DFACE
8
TERRAIN
10
17.05936050415039
20
0
30
150.60630798339844
11
18.06285285949707
21
0
31
150.49755859375
12
18.06285285949707
22
1.0397976636886597
32
150.41676330566406
13
18.06285285949707
23
1.0397976636886597
33
150.41676330566406
0
3DFACE
8
TERRAIN
10
17.05936050415039
20
0
30
150.60630798339844
11
18.06285285949707
21
1.0397976636886597
31
150.41676330566406
12
17.05936050415039
22
1.0397976636886597
32
150.6065673828125
13
17.05936050415039
23
1.0397976636886597
33
150.6065673828125
0
3DFACE
8
TERRAIN
10
18.06285285949707
20
0
30
150.49755859375
11
19.06634521484375
21
0
31
150.25759887695312
12
19.06634521484375
22
1.0397976636886597
32
150.21475219726562
13
19.06634521484375
23
1.0397976636886597
33
150.21475219726562
0
3DFACE
8
TERRAIN
10
18.06285285949707
20
0
30
150.49755859375
11
19.06634521484375
21
1.0397976636886597
31
150.21475219726562
12
18.06285285949707
22
1.0397976636886597
32
150.41676330566406
13
18.06285285949707
23
1.0397976636886597
33
150.41676330566406
0
3DFACE
8
TERRAIN
10
19.06634521484375
20
0
30
150.25759887695312
11
20.06983757019043
21
0
31
149.8568572998047
12
20.06983757019043
22
1.0397976636886597
32
149.8640594482422
13
20.06983757019043
23
1.0397976636886597
33
149.8640594482422
0
3DFACE
8
TERRAIN
10
19.06634521484375
20
0
30
150.25759887695312
11
20.06983757019043
21
1.0397976636886597
31
149.8640594482422
12
19.06634521484375
22
1.0397976636886597
32
150.21475219726562
13
19.06634521484375
23
1.0397976636886597
33
150.21475219726562
0
3DFACE
8
TERRAIN
10
20.06983757019043
20
0
30
149.8568572998047
11
21.073328018188477
21
0
31
149.33152770996094
12
21.073328018188477
22
1.0397976636886597
32
149.32708740234375
13
21.073328018188477
23
1.0397976636886597
33
149.32708740234375
0
3DFACE
8
TERRAIN
10
20.06983757019043
20
0
30
149.8568572998047
11
21.073328018188477
21
1.0397976636886597
31
149.32708740234375
12
20.06983757019043
22
1.0397976636886597
32
149.8640594482422
13
20.06983757019043
23
1.0397976636886597
33
149.8640594482422
0
3DFACE
8
TERRAIN
10
21.073328018188477
20
0
30
149.33152770996094
11
22.076820373535156
21
0
31
148.82960510253906
12
22.076820373535156
22
1.0397976636886597
32
148.86627197265625
13
22.076820373535156
23
1.0397976636886597
33
148.86627197265625
0
3DFACE
8
TERRAIN
10
21.073328018188477
20
0
30
149.33152770996094
11
22.076820373535156
21
1.0397976636886597
31
148.86627197265625
12
21.073328018188477
22
1.0397976636886597
32
149.32708740234375
13
21.073328018188477
23
1.0397976636886597
33
149.32708740234375
0
3DFACE
8
TERRAIN
10
22.076820373535156
20
0
30
148.82960510253906
11
23.080312728881836
21
0
31
148.4315185546875
12
23.080312728881836
22
1.0397976636886597
32
148.4958038330078
13
23.080312728881836
23
1.0397976636886597
33
148.4958038330078
0
3DFACE
8
TERRAIN
10
22.076820373535156
20
0
30
148.82960510253906
11
23.080312728881836
21
1.0397976636886597
31
148.4958038330078
12
22.076820373535156
22
1.0397976636886597
32
148.86627197265625
13
22.076820373535156
23
1.0397976636886597
33
148.86627197265625
0
3DFACE
8
TERRAIN
10
23.080312728881836
20
0
30
148.4315185546875
11
24.083803176879883
21
0
31
148.1083221435547
12
24.083803176879883
22
1.0397976636886597
32
148.0957794189453
13
24.083803176879883
23
1.0397976636886597
33
148.0957794189453
0
3DFACE
8
TERRAIN
10
23.080312728881836
20
0
30
148.4315185546875
11
24.083803176879883
21
1.0397976636886597
31
148.0957794189453
12
23.080312728881836
22
1.0397976636886597
32
148.4958038330078
13
23.080312728881836
23
1.0397976636886597
33
148.4958038330078
0
3DFACE
8
TERRAIN
10
24.083803176879883
20
0
30
148.1083221435547
11
25.087295532226562
21
0
31
147.9600372314453
12
25.087295532226562
22
1.0397976636886597
32
147.8361053466797
13
25.087295532226562
23
1.0397976636886597
33
147.8361053466797
0
3DFACE
8
TERRAIN
10
24.083803176879883
20
0
30
148.1083221435547
11
25.087295532226562
21
1.0397976636886597
31
147.8361053466797
12
24.083803176879883
22
1.0397976636886597
32
148.0957794189453
13
24.083803176879883
23
1.0397976636886597
33
148.0957794189453
0
3DFACE
8
TERRAIN
10
25.087295532226562
20
0
30
147.9600372314453
11
26.090787887573242
21
0
31
147.9853057861328
12
26.090787887573242
22
1.0397976636886597
32
147.87506103515625
13
26.090787887573242
23
1.0397976636886597
33
147.87506103515625
0
3DFACE
8
TERRAIN
10
25.087295532226562
20
0
30
147.9600372314453
11
26.090787887573242
21
1.0397976636886597
31
147.87506103515625
12
25.087295532226562
22
1.0397976636886597
32
147.8361053466797
13
25.087295532226562
23
1.0397976636886597
33
147.8361053466797
0
3DFACE
8
TERRAIN
10
26.090787887573242
20
0
30
147.9853057861328
11
27.094280242919922
21
0
31
148.15089416503906
12
27.094280242919922
22
1.0397976636886597
32
148.07040405273438
13
27.094280242919922
23
1.0397976636886597
33
148.07040405273438
0
3DFACE
8
TERRAIN
10
26.090787887573242
20
0
30
147.9853057861328
11
27.094280242919922
21
1.0397976636886597
31
148.07040405273438
12
26.090787887573242
22
1.0397976636886597
32
147.87506103515625
13
26.090787887573242
23
1.0397976636886597
33
147.87506103515625
0
3DFACE
8
TERRAIN
10
27.094280242919922
20
0
30
148.15089416503906
11
28.09777069091797
21
0
31
148.5234375
12
28.09777069091797
22
1.0397976636886597
32
148.37803649902344
13
28.09777069091797
23
1.0397976636886597
33
148.37803649902344
0
3DFACE
8
TERRAIN
10
27.094280242919922
20
0
30
148.15089416503906
11
28.09777069091797
21
1.0397976636886597
31
148.37803649902344
12
27.094280242919922
22
1.0397976636886597
32
148.07040405273438
13
27.094280242919922
23
1.0397976636886597
33
148.07040405273438
0
3DFACE
8
TERRAIN
10
28.09777069091797
20
0
30
148.5234375
11
29.10126304626465
21
0
31
148.93984985351562
12
29.10126304626465
22
1.0397976636886597
32
148.78598022460938
13
29.10126304626465
23
1.0397976636886597
33
148.78598022460938
0
3DFACE
8
TERRAIN
10
28.09777069091797
20
0
30
148.5234375
11
29.10126304626465
21
1.0397976636886597
31
148.78598022460938
12
28.09777069091797
22
1.0397976636886597
32
148.37803649902344
13
28.09777069091797
23
1.0397976636886597
33
148.37803649902344
0
3DFACE
8
TERRAIN
10
29.10126304626465
20
0
30
148.93984985351562
11
30.104755401611328
21
0
31
149.35670471191406
12
30.104755401611328
22
1.0397976636886597
32
149.18359375
13
30.104755401611328
23
1.0397976636886597
33
149.18359375
0
3DFACE
8
TERRAIN
10
29.10126304626465
20
0
30
148.93984985351562
11
30.104755401611328
21
1.0397976636886597
31
149.18359375
12
29.10126304626465
22
1.0397976636886597
32
148.78598022460938
13
29.10126304626465
23
1.0397976636886597
33
148.78598022460938
0
3DFACE
8
TERRAIN
10
30.104755401611328
20
0
30
149.35670471191406
11
31.108245849609375
21
0
31
149.70249938964844
12
31.108245849609375
22
1.0397976636886597
32
149.56491088867188
13
31.108245849609375
23
1.0397976636886597
33
149.56491088867188
0
3DFACE
8
TERRAIN
10
30.104755401611328
20
0
30
149.35670471191406
11
31.108245849609375
21
1.0397976636886597
31
149.56491088867188
12
30.104755401611328
22
1.0397976636886597
32
149.18359375
13
30.104755401611328
23
1.0397976636886597
33
149.18359375
0
3DFACE
8
TERRAIN
10
31.108245849609375
20
0
30
149.70249938964844
11
32.11174011230469
21
0
31
149.91531372070312
12
32.11174011230469
22
1.0397976636886597
32
149.87718200683594
13
32.11174011230469
23
1.0397976636886597
33
149.87718200683594
0
3DFACE
8
TERRAIN
10
31.108245849609375
20
0
30
149.70249938964844
11
32.11174011230469
21
1.0397976636886597
31
149.87718200683594
12
31.108245849609375
22
1.0397976636886597
32
149.56491088867188
13
31.108245849609375
23
1.0397976636886597
33
149.56491088867188
0
3DFACE
8
TERRAIN
10
32.11174011230469
20
0
30
149.91531372070312
11
33.115230560302734
21
0
31
150.0907745361328
12
33.115230560302734
22
1.0397976636886597
32
150.0318145751953
13
33.115230560302734
23
1.0397976636886597
33
150.0318145751953
0
3DFACE
8
TERRAIN
10
32.11174011230469
20
0
30
149.91531372070312
11
33.115230560302734
21
1.0397976636886597
31
150.0318145751953
12
32.11174011230469
22
1.0397976636886597
32
149.87718200683594
13
32.11174011230469
23
1.0397976636886597
33
149.87718200683594
0
3DFACE
8
TERRAIN
10
33.115230560302734
20
0
30
150.0907745361328
11
34.11872100830078
21
0
31
150.16151428222656
12
34.11872100830078
22
1.0397976636886597
32
150.08375549316406
13
34.11872100830078
23
1.0397976636886597
33
150.08375549316406
0
3DFACE
8
TERRAIN
10
33.115230560302734
20
0
30
150.0907745361328
11
34.11872100830078
21
1.0397976636886597
31
150.08375549316406
12
33.115230560302734
22
1.0397976636886597
32
150.0318145751953
13
33.115230560302734
23
1.0397976636886597
33
150.0318145751953
0
3DFACE
8
TERRAIN
10
34.11872100830078
20
0
30
150.16151428222656
11
35.122215270996094
21
0
31
150.217041015625
12
35.122215270996094
22
1.0397976636886597
32
150.09620666503906
13
35.122215270996094
23
1.0397976636886597
33
150.09620666503906
0
3DFACE
8
TERRAIN
10
34.11872100830078
20
0
30
150.16151428222656
11
35.122215270996094
21
1.0397976636886597
31
150.09620666503906
12
34.11872100830078
22
1.0397976636886597
32
150.08375549316406
13
34.11872100830078
23
1.0397976636886597
33
150.08375549316406
0
3DFACE
8
TERRAIN
10
35.122215270996094
20
0
30
150.217041015625
11
36.12570571899414
21
0
31
150.3290557861328
12
36.12570571899414
22
1.0397976636886597
32
150.14065551757812
13
36.12570571899414
23
1.0397976636886597
33
150.14065551757812
0
3DFACE
8
TERRAIN
10
35.122215270996094
20
0
30
150.217041015625
11
36.12570571899414
21
1.0397976636886597
31
150.14065551757812
12
35.122215270996094
22
1.0397976636886597
32
150.09620666503906
13
35.122215270996094
23
1.0397976636886597
33
150.09620666503906
0
3DFACE
8
TERRAIN
10
36.12570571899414
20
0
30
150.3290557861328
11
37.12919616699219
21
0
31
150.3433074951172
12
37.12919616699219
22
1.0397976636886597
32
150.15322875976562
13
37.12919616699219
23
1.0397976636886597
33
150.15322875976562
0
3DFACE
8
TERRAIN
10
36.12570571899414
20
0
30
150.3290557861328
11
37.12919616699219
21
1.0397976636886597
31
150.15322875976562
12
36.12570571899414
22
1.0397976636886597
32
150.14065551757812
13
36.12570571899414
23
1.0397976636886597
33
150.14065551757812
0
3DFACE
8
TERRAIN
10
37.12919616699219
20
0
30
150.3433074951172
11
38.1326904296875
21
0
31
150.3775177001953
12
38.1326904296875
22
1.0397976636886597
32
150.1719207763672
13
38.1326904296875
23
1.0397976636886597
33
150.1719207763672
0
3DFACE
8
TERRAIN
10
37.12919616699219
20
0
30
150.3433074951172
11
38.1326904296875
21
1.0397976636886597
31
150.1719207763672
12
37.12919616699219
22
1.0397976636886597
32
150.15322875976562
13
37.12919616699219
23
1.0397976636886597
33
150.15322875976562
0
3DFACE
8
TERRAIN
10
38.1326904296875
20
0
30
150.3775177001953
11
39.13618087768555
21
0
31
150.36203002929688
12
39.13618087768555
22
1.0397976636886597
32
150.13694763183594
13
39.13618087768555
23
1.0397976636886597
33
150.13694763183594
0
3DFACE
8
TERRAIN
10
38.1326904296875
20
0
30
150.3775177001953
11
39.13618087768555
21
1.0397976636886597
31
150.13694763183594
12
38.1326904296875
22
1.0397976636886597
32
150.1719207763672
13
38.1326904296875
23
1.0397976636886597
33
150.1719207763672
0
3DFACE
8
TERRAIN
10
39.13618087768555
20
0
30
150.36203002929688
11
40.13967514038086
21
0
31
150.3002471923828
12
40.13967514038086
22
1.0397976636886597
32
150.06661987304688
13
40.13967514038086
23
1.0397976636886597
33
150.06661987304688
0
3DFACE
8
TERRAIN
10
39.13618087768555
20
0
30
150.36203002929688
11
40.13967514038086
21
1.0397976636886597
31
150.06661987304688
12
39.13618087768555
22
1.0397976636886597
32
150.13694763183594
13
39.13618087768555
23
1.0397976636886597
33
150.13694763183594
0
3DFACE
8
TERRAIN
10
40.13967514038086
20
0
30
150.3002471923828
11
41.143165588378906
21
0
31
150.2446746826172
12
41.143165588378906
22
1.0397976636886597
32
150.06814575195312
13
41.143165588378906
23
1.0397976636886597
33
150.06814575195312
0
3DFACE
8
TERRAIN
10
40.13967514038086
20
0
30
150.3002471923828
11
41.143165588378906
21
1.0397976636886597
31
150.06814575195312
12
40.13967514038086
22
1.0397976636886597
32
150.06661987304688
13
40.13967514038086
23
1.0397976636886597
33
150.06661987304688
0
3DFACE
8
TERRAIN
10
41.143165588378906
20
0
30
150.2446746826172
11
42.14665603637695
21
0
31
150.27476501464844
12
42.14665603637695
22
1.0397976636886597
32
150.07070922851562
13
42.14665603637695
23
1.0397976636886597
33
150.07070922851562
0
3DFACE
8
TERRAIN
10
41.143165588378906
20
0
30
150.2446746826172
11
42.14665603637695
21
1.0397976636886597
31
150.07070922851562
12
41.143165588378906
22
1.0397976636886597
32
150.06814575195312
13
41.143165588378906
23
1.0397976636886597
33
150.06814575195312
0
3DFACE
8
TERRAIN
10
42.14665603637695
20
0
30
150.27476501464844
11
43.150150299072266
21
0
31
150.1178741455078
12
43.150150299072266
22
1.0397976636886597
32
149.8693389892578
13
43.150150299072266
23
1.0397976636886597
33
149.8693389892578
0
3DFACE
8
TERRAIN
10
42.14665603637695
20
0
30
150.27476501464844
11
43.150150299072266
21
1.0397976636886597
31
149.8693389892578
12
42.14665603637695
22
1.0397976636886597
32
150.07070922851562
13
42.14665603637695
23
1.0397976636886597
33
150.07070922851562
0
3DFACE
8
TERRAIN
10
43.150150299072266
20
0
30
150.1178741455078
11
44.15364074707031
21
0
31
150.01727294921875
12
44.15364074707031
22
1.0397976636886597
32
149.64906311035156
13
44.15364074707031
23
1.0397976636886597
33
149.64906311035156
0
3DFACE
8
TERRAIN
10
43.150150299072266
20
0
30
150.1178741455078
11
44.15364074707031
21
1.0397976636886597
31
149.64906311035156
12
43.150150299072266
22
1.0397976636886597
32
149.8693389892578
13
43.150150299072266
23
1.0397976636886597
33
149.8693389892578
0
3DFACE
8
TERRAIN
10
44.15364074707031
20
0
30
150.01727294921875
11
45.15713119506836
21
0
31
149.89117431640625
12
45.15713119506836
22
1.0397976636886597
32
149.38079833984375
13
45.15713119506836
23
1.0397976636886597
33
149.38079833984375
0
3DFACE
8
TERRAIN
10
44.15364074707031
20
0
30
150.01727294921875
11
45.15713119506836
21
1.0397976636886597
31
149.38079833984375
12
44.15364074707031
22
1.0397976636886597
32
149.64906311035156
13
44.15364074707031
23
1.0397976636886597
33
149.64906311035156
0
ENDSEC
0
EOF
