10031,R10031,444,stratmap25-landparcels_48021_bastrop_202503
10090,,300,stratmap25-landparcels_48021_bastrop_202503
10090,,300,stratmap25-landparcels_48021_bastrop_202503
103397,R103397,396,stratmap25-landparcels_48021_bastrop_202503
103419,R103419,1510,stratmap25-landparcels_48021_bastrop_202503
103419,R103419,1510,stratmap25-landparcels_48021_bastrop_202503
10403,R10403,780,stratmap25-landparcels_48021_bastrop_202503
10403,R10403,780,stratmap25-landparcels_48021_bastrop_202503
10454,R10454,684,stratmap25-landparcels_48021_bastrop_202503
105017,,300,stratmap25-landparcels_48021_bastrop_202503
108520,R108520,444,stratmap25-landparcels_48021_bastrop_202503
108531,R108531,444,stratmap25-landparcels_48021_bastrop_202503
109995,R109995,300,stratmap25-landparcels_48021_bastrop_202503
110701,R110701,2800,stratmap25-landparcels_48021_bastrop_202503
110701,R110701,2800,stratmap25-landparcels_48021_bastrop_202503
111280,R111280,396,stratmap25-landparcels_48021_bastrop_202503
11169,R11169,492,stratmap25-landparcels_48021_bastrop_202503
112077,,300,stratmap25-landparcels_48021_bastrop_202503
112386,R112386,444,stratmap25-landparcels_48021_bastrop_202503
114993,,252,stratmap25-landparcels_48021_bastrop_202503
114994,,300,stratmap25-landparcels_48021_bastrop_202503
115215,,732,stratmap25-landparcels_48021_bastrop_202503
115226,,300,stratmap25-landparcels_48021_bastrop_202503
115227,,300,stratmap25-landparcels_48021_bastrop_202503
11549,R11549,300,stratmap25-landparcels_48021_bastrop_202503
116984,,444,stratmap25-landparcels_48021_bastrop_202503
11728,,732,stratmap25-landparcels_48021_bastrop_202503
11728,,540,stratmap25-landparcels_48021_bastrop_202503
11894,,300,stratmap25-landparcels_48021_bastrop_202503
11905,R11905,648,stratmap25-landparcels_48021_bastrop_202503
119349,,300,stratmap25-landparcels_48021_bastrop_202503
119362,,492,stratmap25-landparcels_48021_bastrop_202503
119362,,492,stratmap25-landparcels_48021_bastrop_202503
121119,,396,stratmap25-landparcels_48021_bastrop_202503
121120,,972,stratmap25-landparcels_48021_bastrop_202503
12117,R12117,1076,stratmap25-landparcels_48021_bastrop_202503
122393,,252,stratmap25-landparcels_48021_bastrop_202503
122393,,252,stratmap25-landparcels_48021_bastrop_202503
123104,,883,stratmap25-landparcels_48021_bastrop_202503
124561,,636,stratmap25-landparcels_48021_bastrop_202503
124561,,636,stratmap25-landparcels_48021_bastrop_202503
124894,,588,stratmap25-landparcels_48021_bastrop_202503
126180,,300,stratmap25-landparcels_48021_bastrop_202503
126230,,396,stratmap25-landparcels_48021_bastrop_202503
126400,,492,stratmap25-landparcels_48021_bastrop_202503
126400,,492,stratmap25-landparcels_48021_bastrop_202503
129054,,300,stratmap25-landparcels_48021_bastrop_202503
129079,,300,stratmap25-landparcels_48021_bastrop_202503
129080,,348,stratmap25-landparcels_48021_bastrop_202503
129082,,300,stratmap25-landparcels_48021_bastrop_202503
129316,,348,stratmap25-landparcels_48021_bastrop_202503
129672,,836,stratmap25-landparcels_48021_bastrop_202503
129672,,836,stratmap25-landparcels_48021_bastrop_202503
13332,,596,stratmap25-landparcels_48021_bastrop_202503
13391,R13391,396,stratmap25-landparcels_48021_bastrop_202503
13427,,828,stratmap25-landparcels_48021_bastrop_202503
13427,,828,stratmap25-landparcels_48021_bastrop_202503
13427,,828,stratmap25-landparcels_48021_bastrop_202503
13427,,828,stratmap25-landparcels_48021_bastrop_202503
141269,R10055,732,stratmap25-landparcels_48021_bastrop_202503
141269,R10055,732,stratmap25-landparcels_48021_bastrop_202503
141269,R10055,732,stratmap25-landparcels_48021_bastrop_202503
141269,R10055,732,stratmap25-landparcels_48021_bastrop_202503
141269,R10055,732,stratmap25-landparcels_48021_bastrop_202503
141269,R10055,732,stratmap25-landparcels_48021_bastrop_202503
141269,R10055,732,stratmap25-landparcels_48021_bastrop_202503
141269,R10055,732,stratmap25-landparcels_48021_bastrop_202503
141269,R10055,732,stratmap25-landparcels_48021_bastrop_202503
141269,R10055,732,stratmap25-landparcels_48021_bastrop_202503
141269,R10055,732,stratmap25-landparcels_48021_bastrop_202503
141269,R10055,732,stratmap25-landparcels_48021_bastrop_202503
141269,R10055,732,stratmap25-landparcels_48021_bastrop_202503
141269,R10055,732,stratmap25-landparcels_48021_bastrop_202503
141269,R10055,732,stratmap25-landparcels_48021_bastrop_202503
141269,R10055,732,stratmap25-landparcels_48021_bastrop_202503
141269,R10055,732,stratmap25-landparcels_48021_bastrop_202503
141271,R10156,876,stratmap25-landparcels_48021_bastrop_202503
141271,R10156,876,stratmap25-landparcels_48021_bastrop_202503
141271,R10156,876,stratmap25-landparcels_48021_bastrop_202503
141271,R10156,876,stratmap25-landparcels_48021_bastrop_202503
141271,R10156,876,stratmap25-landparcels_48021_bastrop_202503
141271,R10156,876,stratmap25-landparcels_48021_bastrop_202503
141271,R10156,876,stratmap25-landparcels_48021_bastrop_202503
141271,R10156,876,stratmap25-landparcels_48021_bastrop_202503
141271,R10156,876,stratmap25-landparcels_48021_bastrop_202503
141271,R10156,876,stratmap25-landparcels_48021_bastrop_202503
141271,R10156,876,stratmap25-landparcels_48021_bastrop_202503
141271,R10156,876,stratmap25-landparcels_48021_bastrop_202503
141271,R10156,876,stratmap25-landparcels_48021_bastrop_202503
141271,R10156,876,stratmap25-landparcels_48021_bastrop_202503
141271,R10156,876,stratmap25-landparcels_48021_bastrop_202503
141271,R10156,876,stratmap25-landparcels_48021_bastrop_202503
141271,R10156,876,stratmap25-landparcels_48021_bastrop_202503
141271,R10156,876,stratmap25-landparcels_48021_bastrop_202503
141271,R10156,876,stratmap25-landparcels_48021_bastrop_202503
141271,R10156,876,stratmap25-landparcels_48021_bastrop_202503
141271,R10156,876,stratmap25-landparcels_48021_bastrop_202503
141271,R10156,876,stratmap25-landparcels_48021_bastrop_202503
141271,R10156,876,stratmap25-landparcels_48021_bastrop_202503
141271,R10156,876,stratmap25-landparcels_48021_bastrop_202503
141271,R10156,876,stratmap25-landparcels_48021_bastrop_202503
141271,R10156,876,stratmap25-landparcels_48021_bastrop_202503
141271,R10156,876,stratmap25-landparcels_48021_bastrop_202503
141271,R10156,876,stratmap25-landparcels_48021_bastrop_202503
141272,R10231,444,stratmap25-landparcels_48021_bastrop_202503
141272,R10231,444,stratmap25-landparcels_48021_bastrop_202503
141272,R10231,444,stratmap25-landparcels_48021_bastrop_202503
141272,R10231,444,stratmap25-landparcels_48021_bastrop_202503
141273,R10256,348,stratmap25-landparcels_48021_bastrop_202503
141273,R10256,348,stratmap25-landparcels_48021_bastrop_202503
141276,R10409,492,stratmap25-landparcels_48021_bastrop_202503
141276,R10409,492,stratmap25-landparcels_48021_bastrop_202503
141277,R10636,348,stratmap25-landparcels_48021_bastrop_202503
141277,R10636,348,stratmap25-landparcels_48021_bastrop_202503
141280,,492,stratmap25-landparcels_48021_bastrop_202503
141280,,492,stratmap25-landparcels_48021_bastrop_202503
141283,R12717,1020,stratmap25-landparcels_48021_bastrop_202503
141283,R12717,1020,stratmap25-landparcels_48021_bastrop_202503
141283,R12717,1020,stratmap25-landparcels_48021_bastrop_202503
141283,R12717,1020,stratmap25-landparcels_48021_bastrop_202503
141296,R16502,348,stratmap25-landparcels_48021_bastrop_202503
141296,R16502,348,stratmap25-landparcels_48021_bastrop_202503
141296,R16502,348,stratmap25-landparcels_48021_bastrop_202503
141296,R16502,348,stratmap25-landparcels_48021_bastrop_202503
141297,R16754,300,stratmap25-landparcels_48021_bastrop_202503
141297,R16754,300,stratmap25-landparcels_48021_bastrop_202503
141298,R17118,300,stratmap25-landparcels_48021_bastrop_202503
141298,R17118,300,stratmap25-landparcels_48021_bastrop_202503
141306,R20440,300,stratmap25-landparcels_48021_bastrop_202503
141306,R20440,300,stratmap25-landparcels_48021_bastrop_202503
141308,R20538,300,stratmap25-landparcels_48021_bastrop_202503
141308,R20538,300,stratmap25-landparcels_48021_bastrop_202503
141312,R21183,492,stratmap25-landparcels_48021_bastrop_202503
141312,R21183,492,stratmap25-landparcels_48021_bastrop_202503
141315,R21899,492,stratmap25-landparcels_48021_bastrop_202503
141315,R21899,492,stratmap25-landparcels_48021_bastrop_202503
141315,R21899,972,stratmap25-landparcels_48021_bastrop_202503
141315,R21899,972,stratmap25-landparcels_48021_bastrop_202503
141324,R23996,876,stratmap25-landparcels_48021_bastrop_202503
141324,R23996,876,stratmap25-landparcels_48021_bastrop_202503
141330,R26095,588,stratmap25-landparcels_48021_bastrop_202503
141330,R26095,588,stratmap25-landparcels_48021_bastrop_202503
141330,R26095,588,stratmap25-landparcels_48021_bastrop_202503
141334,R27153,300,stratmap25-landparcels_48021_bastrop_202503
141334,R27153,300,stratmap25-landparcels_48021_bastrop_202503
141346,R30439,348,stratmap25-landparcels_48021_bastrop_202503
141346,R30439,348,stratmap25-landparcels_48021_bastrop_202503
141346,R30439,348,stratmap25-landparcels_48021_bastrop_202503
141346,R30439,348,stratmap25-landparcels_48021_bastrop_202503
141348,R31991,588,stratmap25-landparcels_48021_bastrop_202503
141348,R31991,588,stratmap25-landparcels_48021_bastrop_202503
141348,R31991,588,stratmap25-landparcels_48021_bastrop_202503
141356,R33183,300,stratmap25-landparcels_48021_bastrop_202503
141356,R33183,300,stratmap25-landparcels_48021_bastrop_202503
141357,R34016,1164,stratmap25-landparcels_48021_bastrop_202503
141357,R34016,1164,stratmap25-landparcels_48021_bastrop_202503
141361,R34360,684,stratmap25-landparcels_48021_bastrop_202503
141361,R34360,684,stratmap25-landparcels_48021_bastrop_202503
141361,R34360,684,stratmap25-landparcels_48021_bastrop_202503
141361,R34360,684,stratmap25-landparcels_48021_bastrop_202503
141361,R34360,684,stratmap25-landparcels_48021_bastrop_202503
141361,R34360,684,stratmap25-landparcels_48021_bastrop_202503
141364,R35161,300,stratmap25-landparcels_48021_bastrop_202503
141364,R35161,300,stratmap25-landparcels_48021_bastrop_202503
141366,R36954,300,stratmap25-landparcels_48021_bastrop_202503
141366,R36954,300,stratmap25-landparcels_48021_bastrop_202503
141366,R36954,300,stratmap25-landparcels_48021_bastrop_202503
141366,R36954,300,stratmap25-landparcels_48021_bastrop_202503
141374,R39586,924,stratmap25-landparcels_48021_bastrop_202503
141374,R39586,924,stratmap25-landparcels_48021_bastrop_202503
141376,R41867,1513,stratmap25-landparcels_48021_bastrop_202503
141376,R41867,1513,stratmap25-landparcels_48021_bastrop_202503
141376,R41867,1513,stratmap25-landparcels_48021_bastrop_202503
141376,R41867,1513,stratmap25-landparcels_48021_bastrop_202503
141376,R41867,1513,stratmap25-landparcels_48021_bastrop_202503
141376,R41867,1513,stratmap25-landparcels_48021_bastrop_202503
141376,R41867,1513,stratmap25-landparcels_48021_bastrop_202503
141376,R41867,1513,stratmap25-landparcels_48021_bastrop_202503
141376,R41867,1513,stratmap25-landparcels_48021_bastrop_202503
141376,R41867,1513,stratmap25-landparcels_48021_bastrop_202503
141376,R41867,1513,stratmap25-landparcels_48021_bastrop_202503
141376,R41867,1513,stratmap25-landparcels_48021_bastrop_202503
141389,R46662,444,stratmap25-landparcels_48021_bastrop_202503
141389,R46662,444,stratmap25-landparcels_48021_bastrop_202503
141390,R46709,540,stratmap25-landparcels_48021_bastrop_202503
141390,R46709,540,stratmap25-landparcels_48021_bastrop_202503
141391,R47044,492,stratmap25-landparcels_48021_bastrop_202503
141391,R47044,492,stratmap25-landparcels_48021_bastrop_202503
141392,R48002,300,stratmap25-landparcels_48021_bastrop_202503
141392,R48002,300,stratmap25-landparcels_48021_bastrop_202503
141392,R48002,300,stratmap25-landparcels_48021_bastrop_202503
141392,R48002,300,stratmap25-landparcels_48021_bastrop_202503
141392,R48002,300,stratmap25-landparcels_48021_bastrop_202503
141392,R48002,300,stratmap25-landparcels_48021_bastrop_202503
141392,R48002,300,stratmap25-landparcels_48021_bastrop_202503
141392,R48002,300,stratmap25-landparcels_48021_bastrop_202503
141396,R48899,588,stratmap25-landparcels_48021_bastrop_202503
141396,R48899,588,stratmap25-landparcels_48021_bastrop_202503
141396,R48899,588,stratmap25-landparcels_48021_bastrop_202503
141396,R48899,588,stratmap25-landparcels_48021_bastrop_202503
141396,R48899,588,stratmap25-landparcels_48021_bastrop_202503
141396,R48899,588,stratmap25-landparcels_48021_bastrop_202503
141397,R48900,492,stratmap25-landparcels_48021_bastrop_202503
141397,R48900,492,stratmap25-landparcels_48021_bastrop_202503
141397,R48900,492,stratmap25-landparcels_48021_bastrop_202503
141397,R48900,492,stratmap25-landparcels_48021_bastrop_202503
141397,R48900,492,stratmap25-landparcels_48021_bastrop_202503
141397,R48900,492,stratmap25-landparcels_48021_bastrop_202503
141398,R48921,348,stratmap25-landparcels_48021_bastrop_202503
141398,R48921,348,stratmap25-landparcels_48021_bastrop_202503
141398,R48921,348,stratmap25-landparcels_48021_bastrop_202503
141398,R48921,348,stratmap25-landparcels_48021_bastrop_202503
141398,R48921,348,stratmap25-landparcels_48021_bastrop_202503
141398,R48921,348,stratmap25-landparcels_48021_bastrop_202503
141400,,348,stratmap25-landparcels_48021_bastrop_202503
141403,R51213,684,stratmap25-landparcels_48021_bastrop_202503
141403,R51213,684,stratmap25-landparcels_48021_bastrop_202503
141403,R51213,684,stratmap25-landparcels_48021_bastrop_202503
141403,R51213,684,stratmap25-landparcels_48021_bastrop_202503
141403,R51213,684,stratmap25-landparcels_48021_bastrop_202503
141403,R51213,684,stratmap25-landparcels_48021_bastrop_202503
141403,R51213,684,stratmap25-landparcels_48021_bastrop_202503
141403,R51213,684,stratmap25-landparcels_48021_bastrop_202503
141403,R51213,684,stratmap25-landparcels_48021_bastrop_202503
141403,R51213,684,stratmap25-landparcels_48021_bastrop_202503
141403,R51213,684,stratmap25-landparcels_48021_bastrop_202503
141403,R51213,684,stratmap25-landparcels_48021_bastrop_202503
141403,R51213,684,stratmap25-landparcels_48021_bastrop_202503
141403,R51213,684,stratmap25-landparcels_48021_bastrop_202503
141403,R51213,684,stratmap25-landparcels_48021_bastrop_202503
141403,R51213,684,stratmap25-landparcels_48021_bastrop_202503
141403,R51213,684,stratmap25-landparcels_48021_bastrop_202503
141406,R53089,348,stratmap25-landparcels_48021_bastrop_202503
141406,R53089,348,stratmap25-landparcels_48021_bastrop_202503
141406,R53089,348,stratmap25-landparcels_48021_bastrop_202503
141411,R53334,348,stratmap25-landparcels_48021_bastrop_202503
141411,R53334,348,stratmap25-landparcels_48021_bastrop_202503
141411,R53334,348,stratmap25-landparcels_48021_bastrop_202503
141411,R53334,348,stratmap25-landparcels_48021_bastrop_202503
141411,R53334,348,stratmap25-landparcels_48021_bastrop_202503
141411,R53334,348,stratmap25-landparcels_48021_bastrop_202503
141413,R55444,756,stratmap25-landparcels_48021_bastrop_202503
141413,R55444,756,stratmap25-landparcels_48021_bastrop_202503
141413,R55444,756,stratmap25-landparcels_48021_bastrop_202503
141413,R55444,756,stratmap25-landparcels_48021_bastrop_202503
141413,R55444,756,stratmap25-landparcels_48021_bastrop_202503
141413,R55444,756,stratmap25-landparcels_48021_bastrop_202503
141413,R55444,756,stratmap25-landparcels_48021_bastrop_202503
141413,R55444,756,stratmap25-landparcels_48021_bastrop_202503
141413,R55444,756,stratmap25-landparcels_48021_bastrop_202503
141413,R55444,756,stratmap25-landparcels_48021_bastrop_202503
141413,R55444,756,stratmap25-landparcels_48021_bastrop_202503
141413,R55444,756,stratmap25-landparcels_48021_bastrop_202503
141418,,924,stratmap25-landparcels_48021_bastrop_202503
141418,,924,stratmap25-landparcels_48021_bastrop_202503
141419,R56910,492,stratmap25-landparcels_48021_bastrop_202503
141419,R56910,492,stratmap25-landparcels_48021_bastrop_202503
141423,R57275,300,stratmap25-landparcels_48021_bastrop_202503
141423,R57275,300,stratmap25-landparcels_48021_bastrop_202503
141425,R57750,300,stratmap25-landparcels_48021_bastrop_202503
141425,R57750,300,stratmap25-landparcels_48021_bastrop_202503
141429,R59261,300,stratmap25-landparcels_48021_bastrop_202503
141429,R59261,300,stratmap25-landparcels_48021_bastrop_202503
141429,R59261,300,stratmap25-landparcels_48021_bastrop_202503
141430,R59340,300,stratmap25-landparcels_48021_bastrop_202503
141430,R59340,300,stratmap25-landparcels_48021_bastrop_202503
141433,R59783,348,stratmap25-landparcels_48021_bastrop_202503
141433,R59783,348,stratmap25-landparcels_48021_bastrop_202503
141433,R59783,348,stratmap25-landparcels_48021_bastrop_202503
141435,,732,stratmap25-landparcels_48021_bastrop_202503
141440,R63365,300,stratmap25-landparcels_48021_bastrop_202503
141440,R63365,300,stratmap25-landparcels_48021_bastrop_202503
141440,R63365,300,stratmap25-landparcels_48021_bastrop_202503
141440,R63365,300,stratmap25-landparcels_48021_bastrop_202503
141440,R63365,300,stratmap25-landparcels_48021_bastrop_202503
141440,R63365,300,stratmap25-landparcels_48021_bastrop_202503
141440,R63365,300,stratmap25-landparcels_48021_bastrop_202503
141440,R63365,300,stratmap25-landparcels_48021_bastrop_202503
141440,R63365,300,stratmap25-landparcels_48021_bastrop_202503
141440,R63365,300,stratmap25-landparcels_48021_bastrop_202503
141440,R63365,300,stratmap25-landparcels_48021_bastrop_202503
141440,R63365,300,stratmap25-landparcels_48021_bastrop_202503
141440,R63365,300,stratmap25-landparcels_48021_bastrop_202503
141440,R63365,300,stratmap25-landparcels_48021_bastrop_202503
141440,R63365,300,stratmap25-landparcels_48021_bastrop_202503
141440,R63365,300,stratmap25-landparcels_48021_bastrop_202503
141440,R63365,300,stratmap25-landparcels_48021_bastrop_202503
141440,R63365,300,stratmap25-landparcels_48021_bastrop_202503
141440,R63365,300,stratmap25-landparcels_48021_bastrop_202503
141440,R63365,300,stratmap25-landparcels_48021_bastrop_202503
141440,R63365,300,stratmap25-landparcels_48021_bastrop_202503
141440,R63365,300,stratmap25-landparcels_48021_bastrop_202503
141440,R63365,300,stratmap25-landparcels_48021_bastrop_202503
141440,R63365,300,stratmap25-landparcels_48021_bastrop_202503
141440,R63365,300,stratmap25-landparcels_48021_bastrop_202503
141440,R63365,300,stratmap25-landparcels_48021_bastrop_202503
141446,R66916,348,stratmap25-landparcels_48021_bastrop_202503
141446,R66916,348,stratmap25-landparcels_48021_bastrop_202503
141446,R66916,348,stratmap25-landparcels_48021_bastrop_202503
141446,R66916,348,stratmap25-landparcels_48021_bastrop_202503
141446,R66916,348,stratmap25-landparcels_48021_bastrop_202503
141446,R66916,348,stratmap25-landparcels_48021_bastrop_202503
141447,R70007,840,stratmap25-landparcels_48021_bastrop_202503
141447,R70007,840,stratmap25-landparcels_48021_bastrop_202503
141447,R70007,840,stratmap25-landparcels_48021_bastrop_202503
141447,R70007,840,stratmap25-landparcels_48021_bastrop_202503
141451,R73784,684,stratmap25-landparcels_48021_bastrop_202503
141451,R73784,684,stratmap25-landparcels_48021_bastrop_202503
141452,R73898,348,stratmap25-landparcels_48021_bastrop_202503
141452,R73898,348,stratmap25-landparcels_48021_bastrop_202503
141452,R73898,348,stratmap25-landparcels_48021_bastrop_202503
141452,R73898,348,stratmap25-landparcels_48021_bastrop_202503
141454,R76763,684,stratmap25-landparcels_48021_bastrop_202503
141454,R76763,684,stratmap25-landparcels_48021_bastrop_202503
141455,,1260,stratmap25-landparcels_48021_bastrop_202503
141456,R77014,588,stratmap25-landparcels_48021_bastrop_202503
141456,R77014,588,stratmap25-landparcels_48021_bastrop_202503
141456,R77014,588,stratmap25-landparcels_48021_bastrop_202503
141456,R77014,588,stratmap25-landparcels_48021_bastrop_202503
141456,R77014,588,stratmap25-landparcels_48021_bastrop_202503
141460,R80116,588,stratmap25-landparcels_48021_bastrop_202503
141460,R80116,588,stratmap25-landparcels_48021_bastrop_202503
141460,R80116,588,stratmap25-landparcels_48021_bastrop_202503
141460,R80116,588,stratmap25-landparcels_48021_bastrop_202503
141460,R80116,588,stratmap25-landparcels_48021_bastrop_202503
141460,R80116,588,stratmap25-landparcels_48021_bastrop_202503
141468,R85020,300,stratmap25-landparcels_48021_bastrop_202503
141468,R85020,300,stratmap25-landparcels_48021_bastrop_202503
141470,R86929,348,stratmap25-landparcels_48021_bastrop_202503
141470,R86929,348,stratmap25-landparcels_48021_bastrop_202503
141475,R90376,780,stratmap25-landparcels_48021_bastrop_202503
141475,R90376,780,stratmap25-landparcels_48021_bastrop_202503
141477,R91316,540,stratmap25-landparcels_48021_bastrop_202503
141477,R91316,540,stratmap25-landparcels_48021_bastrop_202503
141484,R93150,300,stratmap25-landparcels_48021_bastrop_202503
141484,R93150,300,stratmap25-landparcels_48021_bastrop_202503
141486,R94480,300,stratmap25-landparcels_48021_bastrop_202503
141486,R94480,300,stratmap25-landparcels_48021_bastrop_202503
141489,R103277,348,stratmap25-landparcels_48021_bastrop_202503
141489,R103277,348,stratmap25-landparcels_48021_bastrop_202503
141489,R103277,348,stratmap25-landparcels_48021_bastrop_202503
141502,,540,stratmap25-landparcels_48021_bastrop_202503
141502,,540,stratmap25-landparcels_48021_bastrop_202503
141502,,540,stratmap25-landparcels_48021_bastrop_202503
141503,,300,stratmap25-landparcels_48021_bastrop_202503
141503,,300,stratmap25-landparcels_48021_bastrop_202503
141503,,300,stratmap25-landparcels_48021_bastrop_202503
141510,,492,stratmap25-landparcels_48021_bastrop_202503
141510,,492,stratmap25-landparcels_48021_bastrop_202503
141510,,492,stratmap25-landparcels_48021_bastrop_202503
141510,,492,stratmap25-landparcels_48021_bastrop_202503
141511,,348,stratmap25-landparcels_48021_bastrop_202503
141511,,348,stratmap25-landparcels_48021_bastrop_202503
141511,,348,stratmap25-landparcels_48021_bastrop_202503
141511,,348,stratmap25-landparcels_48021_bastrop_202503
141517,,588,stratmap25-landparcels_48021_bastrop_202503
141517,,588,stratmap25-landparcels_48021_bastrop_202503
141517,,588,stratmap25-landparcels_48021_bastrop_202503
141517,,588,stratmap25-landparcels_48021_bastrop_202503
141519,R10005,348,stratmap25-landparcels_48021_bastrop_202503
141519,R10005,348,stratmap25-landparcels_48021_bastrop_202503
14209,R14209,348,stratmap25-landparcels_48021_bastrop_202503
14289,R14289,300,stratmap25-landparcels_48021_bastrop_202503
14367,R14367,300,stratmap25-landparcels_48021_bastrop_202503
14803,R14803,540,stratmap25-landparcels_48021_bastrop_202503
14874,R14874,492,stratmap25-landparcels_48021_bastrop_202503
15222,R15222,300,stratmap25-landparcels_48021_bastrop_202503
15378,R15378,2581,stratmap25-landparcels_48021_bastrop_202503
15903,R15903,396,stratmap25-landparcels_48021_bastrop_202503
15903,R15903,396,stratmap25-landparcels_48021_bastrop_202503
16356,,396,stratmap25-landparcels_48021_bastrop_202503
16451,R16451,348,stratmap25-landparcels_48021_bastrop_202503
16454,R16454,348,stratmap25-landparcels_48021_bastrop_202503
16536,R16536,568,stratmap25-landparcels_48021_bastrop_202503
16601,R16601,348,stratmap25-landparcels_48021_bastrop_202503
16638,R16638,300,stratmap25-landparcels_48021_bastrop_202503
16696,,300,stratmap25-landparcels_48021_bastrop_202503
17125,R17125,348,stratmap25-landparcels_48021_bastrop_202503
17139,R17139,732,stratmap25-landparcels_48021_bastrop_202503
17139,R17139,732,stratmap25-landparcels_48021_bastrop_202503
17319,R17319,540,stratmap25-landparcels_48021_bastrop_202503
17446,R17446,1164,stratmap25-landparcels_48021_bastrop_202503
17458,R17458,697,stratmap25-landparcels_48021_bastrop_202503
17458,R17458,697,stratmap25-landparcels_48021_bastrop_202503
17490,R17490,540,stratmap25-landparcels_48021_bastrop_202503
18033,R18033,540,stratmap25-landparcels_48021_bastrop_202503
18422,R18422,396,stratmap25-landparcels_48021_bastrop_202503
18434,,300,stratmap25-landparcels_48021_bastrop_202503
18575,,300,stratmap25-landparcels_48021_bastrop_202503
18680,,348,stratmap25-landparcels_48021_bastrop_202503
18693,R18693,596,stratmap25-landparcels_48021_bastrop_202503
18735,R18735,636,stratmap25-landparcels_48021_bastrop_202503
18735,R18735,636,stratmap25-landparcels_48021_bastrop_202503
18816,R18816,492,stratmap25-landparcels_48021_bastrop_202503
19077,R19077,300,stratmap25-landparcels_48021_bastrop_202503
19180,R19180,300,stratmap25-landparcels_48021_bastrop_202503
19263,,396,stratmap25-landparcels_48021_bastrop_202503
19285,R19285,348,stratmap25-landparcels_48021_bastrop_202503
19351,R19351,1020,stratmap25-landparcels_48021_bastrop_202503
19506,R19506,540,stratmap25-landparcels_48021_bastrop_202503
19506,R19506,540,stratmap25-landparcels_48021_bastrop_202503
19531,,300,stratmap25-landparcels_48021_bastrop_202503
19882,R19882,300,stratmap25-landparcels_48021_bastrop_202503
19987,,300,stratmap25-landparcels_48021_bastrop_202503
19990,,300,stratmap25-landparcels_48021_bastrop_202503
19993,R19993,300,stratmap25-landparcels_48021_bastrop_202503
20020,R20020,300,stratmap25-landparcels_48021_bastrop_202503
20339,R20339,348,stratmap25-landparcels_48021_bastrop_202503
20391,R20391,1212,stratmap25-landparcels_48021_bastrop_202503
20391,R20391,1212,stratmap25-landparcels_48021_bastrop_202503
20461,,300,stratmap25-landparcels_48021_bastrop_202503
20465,,300,stratmap25-landparcels_48021_bastrop_202503
20497,R20497,1164,stratmap25-landparcels_48021_bastrop_202503
20505,R20505,300,stratmap25-landparcels_48021_bastrop_202503
20509,R20509,300,stratmap25-landparcels_48021_bastrop_202503
20602,R20602,396,stratmap25-landparcels_48021_bastrop_202503
20620,R20620,396,stratmap25-landparcels_48021_bastrop_202503
20704,R20704,396,stratmap25-landparcels_48021_bastrop_202503
20900,,396,stratmap25-landparcels_48021_bastrop_202503
20924,,492,stratmap25-landparcels_48021_bastrop_202503
20953,,300,stratmap25-landparcels_48021_bastrop_202503
20958,R20958,348,stratmap25-landparcels_48021_bastrop_202503
20961,,300,stratmap25-landparcels_48021_bastrop_202503
21050,,492,stratmap25-landparcels_48021_bastrop_202503
21163,R21163,348,stratmap25-landparcels_48021_bastrop_202503
21163,R21163,348,stratmap25-landparcels_48021_bastrop_202503
21262,R21262,492,stratmap25-landparcels_48021_bastrop_202503
21296,R21296,540,stratmap25-landparcels_48021_bastrop_202503
21314,R21314,654,stratmap25-landparcels_48021_bastrop_202503
21331,,972,stratmap25-landparcels_48021_bastrop_202503
21381,R21381,300,stratmap25-landparcels_48021_bastrop_202503
21383,R21383,1068,stratmap25-landparcels_48021_bastrop_202503
21383,R21383,1068,stratmap25-landparcels_48021_bastrop_202503
21493,,348,stratmap25-landparcels_48021_bastrop_202503
21577,,300,stratmap25-landparcels_48021_bastrop_202503
21645,R21645,300,stratmap25-landparcels_48021_bastrop_202503
21659,R21659,252,stratmap25-landparcels_48021_bastrop_202503
21688,,492,stratmap25-landparcels_48021_bastrop_202503
21749,R21749,492,stratmap25-landparcels_48021_bastrop_202503
21752,,396,stratmap25-landparcels_48021_bastrop_202503
21752,,300,stratmap25-landparcels_48021_bastrop_202503
21905,,972,stratmap25-landparcels_48021_bastrop_202503
21905,,972,stratmap25-landparcels_48021_bastrop_202503
21907,,732,stratmap25-landparcels_48021_bastrop_202503
21953,,444,stratmap25-landparcels_48021_bastrop_202503
22100,,300,stratmap25-landparcels_48021_bastrop_202503
22304,R22304,348,stratmap25-landparcels_48021_bastrop_202503
22312,R22312,348,stratmap25-landparcels_48021_bastrop_202503
22402,,444,stratmap25-landparcels_48021_bastrop_202503
22410,,588,stratmap25-landparcels_48021_bastrop_202503
22429,R22429,300,stratmap25-landparcels_48021_bastrop_202503
22507,,300,stratmap25-landparcels_48021_bastrop_202503
22507,,300,stratmap25-landparcels_48021_bastrop_202503
22507,,300,stratmap25-landparcels_48021_bastrop_202503
22507,,300,stratmap25-landparcels_48021_bastrop_202503
22553,R22553,348,stratmap25-landparcels_48021_bastrop_202503
22561,R22561,348,stratmap25-landparcels_48021_bastrop_202503
22598,R22598,348,stratmap25-landparcels_48021_bastrop_202503
22823,R22823,300,stratmap25-landparcels_48021_bastrop_202503
22873,R22873,348,stratmap25-landparcels_48021_bastrop_202503
22889,R22889,348,stratmap25-landparcels_48021_bastrop_202503
23022,R23022,300,stratmap25-landparcels_48021_bastrop_202503
23100,R23100,733,stratmap25-landparcels_48021_bastrop_202503
23100,R23100,733,stratmap25-landparcels_48021_bastrop_202503
23276,R23276,972,stratmap25-landparcels_48021_bastrop_202503
23276,R23276,972,stratmap25-landparcels_48021_bastrop_202503
23295,R23295,636,stratmap25-landparcels_48021_bastrop_202503
23302,,444,stratmap25-landparcels_48021_bastrop_202503
23318,R23318,396,stratmap25-landparcels_48021_bastrop_202503
23380,,732,stratmap25-landparcels_48021_bastrop_202503
23412,R23412,1212,stratmap25-landparcels_48021_bastrop_202503
23412,R23412,1212,stratmap25-landparcels_48021_bastrop_202503
23467,R23467,396,stratmap25-landparcels_48021_bastrop_202503
23477,R23477,300,stratmap25-landparcels_48021_bastrop_202503
23497,R23497,396,stratmap25-landparcels_48021_bastrop_202503
23505,R23505,348,stratmap25-landparcels_48021_bastrop_202503
23534,R23534,300,stratmap25-landparcels_48021_bastrop_202503
23571,,300,stratmap25-landparcels_48021_bastrop_202503
23587,,300,stratmap25-landparcels_48021_bastrop_202503
23595,,300,stratmap25-landparcels_48021_bastrop_202503
23724,R23724,1068,stratmap25-landparcels_48021_bastrop_202503
23724,R23724,1068,stratmap25-landparcels_48021_bastrop_202503
23724,R23724,1068,stratmap25-landparcels_48021_bastrop_202503
23724,R23724,1068,stratmap25-landparcels_48021_bastrop_202503
23748,R23748,924,stratmap25-landparcels_48021_bastrop_202503
23955,R23955,396,stratmap25-landparcels_48021_bastrop_202503
24067,,636,stratmap25-landparcels_48021_bastrop_202503
24086,R24086,396,stratmap25-landparcels_48021_bastrop_202503
24157,R24157,1133,stratmap25-landparcels_48021_bastrop_202503
24157,R24157,1133,stratmap25-landparcels_48021_bastrop_202503
24274,R24274,348,stratmap25-landparcels_48021_bastrop_202503
24344,R24344,396,stratmap25-landparcels_48021_bastrop_202503
24360,R24360,348,stratmap25-landparcels_48021_bastrop_202503
24546,R24546,780,stratmap25-landparcels_48021_bastrop_202503
24655,,732,stratmap25-landparcels_48021_bastrop_202503
24776,R24776,348,stratmap25-landparcels_48021_bastrop_202503
24896,R24896,444,stratmap25-landparcels_48021_bastrop_202503
25009,R25009,396,stratmap25-landparcels_48021_bastrop_202503
25132,R25132,300,stratmap25-landparcels_48021_bastrop_202503
25132,R25132,300,stratmap25-landparcels_48021_bastrop_202503
25239,R25239,737,stratmap25-landparcels_48021_bastrop_202503
25265,R25265,348,stratmap25-landparcels_48021_bastrop_202503
25370,R25370,396,stratmap25-landparcels_48021_bastrop_202503
25370,R25370,396,stratmap25-landparcels_48021_bastrop_202503
25378,R25378,396,stratmap25-landparcels_48021_bastrop_202503
25386,R25386,396,stratmap25-landparcels_48021_bastrop_202503
25387,R25387,300,stratmap25-landparcels_48021_bastrop_202503
25413,R25413,885,stratmap25-landparcels_48021_bastrop_202503
25413,R25413,885,stratmap25-landparcels_48021_bastrop_202503
25413,R25413,885,stratmap25-landparcels_48021_bastrop_202503
25413,R25413,885,stratmap25-landparcels_48021_bastrop_202503
25436,R25436,1308,stratmap25-landparcels_48021_bastrop_202503
25532,R25532,1396,stratmap25-landparcels_48021_bastrop_202503
25532,R25532,1396,stratmap25-landparcels_48021_bastrop_202503
25535,,300,stratmap25-landparcels_48021_bastrop_202503
25574,R25574,540,stratmap25-landparcels_48021_bastrop_202503
25574,R25574,540,stratmap25-landparcels_48021_bastrop_202503
25781,R25781,876,stratmap25-landparcels_48021_bastrop_202503
25786,,396,stratmap25-landparcels_48021_bastrop_202503
25786,,396,stratmap25-landparcels_48021_bastrop_202503
25796,R25796,300,stratmap25-landparcels_48021_bastrop_202503
25926,R25926,732,stratmap25-landparcels_48021_bastrop_202503
25926,R25926,732,stratmap25-landparcels_48021_bastrop_202503
26003,,348,stratmap25-landparcels_48021_bastrop_202503
26005,R26005,300,stratmap25-landparcels_48021_bastrop_202503
26011,,300,stratmap25-landparcels_48021_bastrop_202503
26022,R26022,348,stratmap25-landparcels_48021_bastrop_202503
26038,R26038,444,stratmap25-landparcels_48021_bastrop_202503
26149,R26149,780,stratmap25-landparcels_48021_bastrop_202503
26149,R26149,780,stratmap25-landparcels_48021_bastrop_202503
26174,R26174,1260,stratmap25-landparcels_48021_bastrop_202503
26185,R26185,636,stratmap25-landparcels_48021_bastrop_202503
26190,,732,stratmap25-landparcels_48021_bastrop_202503
26193,R26193,540,stratmap25-landparcels_48021_bastrop_202503
26321,R26321,588,stratmap25-landparcels_48021_bastrop_202503
26493,R26493,348,stratmap25-landparcels_48021_bastrop_202503
26592,R26592,300,stratmap25-landparcels_48021_bastrop_202503
26592,R26592,396,stratmap25-landparcels_48021_bastrop_202503
26597,,348,stratmap25-landparcels_48021_bastrop_202503
26797,R26797,396,stratmap25-landparcels_48021_bastrop_202503
26815,,300,stratmap25-landparcels_48021_bastrop_202503
26857,R26857,1033,stratmap25-landparcels_48021_bastrop_202503
26857,R26857,1033,stratmap25-landparcels_48021_bastrop_202503
26922,R26922,684,stratmap25-landparcels_48021_bastrop_202503
27142,R27142,396,stratmap25-landparcels_48021_bastrop_202503
27203,R27203,396,stratmap25-landparcels_48021_bastrop_202503
27220,R27220,1020,stratmap25-landparcels_48021_bastrop_202503
27220,R27220,1020,stratmap25-landparcels_48021_bastrop_202503
27231,,780,stratmap25-landparcels_48021_bastrop_202503
27354,,348,stratmap25-landparcels_48021_bastrop_202503
27365,R27365,588,stratmap25-landparcels_48021_bastrop_202503
27429,,348,stratmap25-landparcels_48021_bastrop_202503
27456,R27456,444,stratmap25-landparcels_48021_bastrop_202503
27464,R27464,540,stratmap25-landparcels_48021_bastrop_202503
27475,R27475,300,stratmap25-landparcels_48021_bastrop_202503
27569,R27569,492,stratmap25-landparcels_48021_bastrop_202503
27616,,348,stratmap25-landparcels_48021_bastrop_202503
27651,,396,stratmap25-landparcels_48021_bastrop_202503
27651,,396,stratmap25-landparcels_48021_bastrop_202503
27671,,396,stratmap25-landparcels_48021_bastrop_202503
27688,,1260,stratmap25-landparcels_48021_bastrop_202503
27688,,1260,stratmap25-landparcels_48021_bastrop_202503
27763,R27763,492,stratmap25-landparcels_48021_bastrop_202503
27790,R27790,898,stratmap25-landparcels_48021_bastrop_202503
27790,R27790,898,stratmap25-landparcels_48021_bastrop_202503
27840,,300,stratmap25-landparcels_48021_bastrop_202503
27893,R27893,300,stratmap25-landparcels_48021_bastrop_202503
27901,R27901,300,stratmap25-landparcels_48021_bastrop_202503
27928,,828,stratmap25-landparcels_48021_bastrop_202503
28024,R28024,732,stratmap25-landparcels_48021_bastrop_202503
28024,R28024,732,stratmap25-landparcels_48021_bastrop_202503
28032,R28032,828,stratmap25-landparcels_48021_bastrop_202503
28147,,348,stratmap25-landparcels_48021_bastrop_202503
28216,R28216,396,stratmap25-landparcels_48021_bastrop_202503
28240,R28240,396,stratmap25-landparcels_48021_bastrop_202503
28256,R28256,300,stratmap25-landparcels_48021_bastrop_202503
28260,,444,stratmap25-landparcels_48021_bastrop_202503
28267,,348,stratmap25-landparcels_48021_bastrop_202503
28268,,396,stratmap25-landparcels_48021_bastrop_202503
28275,,300,stratmap25-landparcels_48021_bastrop_202503
28299,,492,stratmap25-landparcels_48021_bastrop_202503
28432,,348,stratmap25-landparcels_48021_bastrop_202503
28432,,348,stratmap25-landparcels_48021_bastrop_202503
28440,,684,stratmap25-landparcels_48021_bastrop_202503
28448,,1260,stratmap25-landparcels_48021_bastrop_202503
28464,,300,stratmap25-landparcels_48021_bastrop_202503
28541,,300,stratmap25-landparcels_48021_bastrop_202503
28622,R28622,348,stratmap25-landparcels_48021_bastrop_202503
28627,,396,stratmap25-landparcels_48021_bastrop_202503
28648,R28648,3181,stratmap25-landparcels_48021_bastrop_202503
28648,R28648,3181,stratmap25-landparcels_48021_bastrop_202503
28650,,540,stratmap25-landparcels_48021_bastrop_202503
28658,,588,stratmap25-landparcels_48021_bastrop_202503
29041,R29041,300,stratmap25-landparcels_48021_bastrop_202503
29206,R29206,899,stratmap25-landparcels_48021_bastrop_202503
29206,R29206,899,stratmap25-landparcels_48021_bastrop_202503
29229,R29229,348,stratmap25-landparcels_48021_bastrop_202503
29269,R29269,300,stratmap25-landparcels_48021_bastrop_202503
29528,,300,stratmap25-landparcels_48021_bastrop_202503
29573,R29573,348,stratmap25-landparcels_48021_bastrop_202503
29581,R29581,348,stratmap25-landparcels_48021_bastrop_202503
29589,R29589,348,stratmap25-landparcels_48021_bastrop_202503
29653,R29653,492,stratmap25-landparcels_48021_bastrop_202503
29653,R29653,492,stratmap25-landparcels_48021_bastrop_202503
29704,R29704,300,stratmap25-landparcels_48021_bastrop_202503
29774,R29774,540,stratmap25-landparcels_48021_bastrop_202503
29832,R29832,300,stratmap25-landparcels_48021_bastrop_202503
29840,R29840,300,stratmap25-landparcels_48021_bastrop_202503
29861,R29861,636,stratmap25-landparcels_48021_bastrop_202503
29869,R29869,636,stratmap25-landparcels_48021_bastrop_202503
29872,R29872,300,stratmap25-landparcels_48021_bastrop_202503
29904,R29904,1308,stratmap25-landparcels_48021_bastrop_202503
30030,R30030,348,stratmap25-landparcels_48021_bastrop_202503
30038,R30038,540,stratmap25-landparcels_48021_bastrop_202503
30089,R30089,300,stratmap25-landparcels_48021_bastrop_202503
30089,R30089,396,stratmap25-landparcels_48021_bastrop_202503
30192,,348,stratmap25-landparcels_48021_bastrop_202503
30306,R30306,348,stratmap25-landparcels_48021_bastrop_202503
30403,R30403,444,stratmap25-landparcels_48021_bastrop_202503
30411,R30411,396,stratmap25-landparcels_48021_bastrop_202503
30515,R30515,588,stratmap25-landparcels_48021_bastrop_202503
30667,R30667,300,stratmap25-landparcels_48021_bastrop_202503
30675,R30675,684,stratmap25-landparcels_48021_bastrop_202503
30683,R30683,540,stratmap25-landparcels_48021_bastrop_202503
30691,R30691,588,stratmap25-landparcels_48021_bastrop_202503
30955,R30955,952,stratmap25-landparcels_48021_bastrop_202503
30955,R30955,952,stratmap25-landparcels_48021_bastrop_202503
30956,R30956,348,stratmap25-landparcels_48021_bastrop_202503
31082,R31082,300,stratmap25-landparcels_48021_bastrop_202503
31100,R31100,300,stratmap25-landparcels_48021_bastrop_202503
31238,,348,stratmap25-landparcels_48021_bastrop_202503
31469,,444,stratmap25-landparcels_48021_bastrop_202503
31493,R31493,348,stratmap25-landparcels_48021_bastrop_202503
31515,R31515,588,stratmap25-landparcels_48021_bastrop_202503
31684,R31684,1110,stratmap25-landparcels_48021_bastrop_202503
31684,R31684,1110,stratmap25-landparcels_48021_bastrop_202503
31684,R31684,1110,stratmap25-landparcels_48021_bastrop_202503
31684,R31684,1110,stratmap25-landparcels_48021_bastrop_202503
31724,R31724,348,stratmap25-landparcels_48021_bastrop_202503
31958,R31958,348,stratmap25-landparcels_48021_bastrop_202503
31980,R31980,646,stratmap25-landparcels_48021_bastrop_202503
31981,,1308,stratmap25-landparcels_48021_bastrop_202503
31981,,1308,stratmap25-landparcels_48021_bastrop_202503
31981,,1308,stratmap25-landparcels_48021_bastrop_202503
31981,,1308,stratmap25-landparcels_48021_bastrop_202503
32235,R32235,300,stratmap25-landparcels_48021_bastrop_202503
32289,,348,stratmap25-landparcels_48021_bastrop_202503
32381,R32381,444,stratmap25-landparcels_48021_bastrop_202503
32383,R32383,396,stratmap25-landparcels_48021_bastrop_202503
32390,R32390,444,stratmap25-landparcels_48021_bastrop_202503
32399,R32399,396,stratmap25-landparcels_48021_bastrop_202503
32418,,348,stratmap25-landparcels_48021_bastrop_202503
32427,,444,stratmap25-landparcels_48021_bastrop_202503
32448,,396,stratmap25-landparcels_48021_bastrop_202503
32448,,396,stratmap25-landparcels_48021_bastrop_202503
32901,R32901,396,stratmap25-landparcels_48021_bastrop_202503
33087,R33087,300,stratmap25-landparcels_48021_bastrop_202503
33241,,348,stratmap25-landparcels_48021_bastrop_202503
33356,R33356,889,stratmap25-landparcels_48021_bastrop_202503
33356,R33356,889,stratmap25-landparcels_48021_bastrop_202503
33419,,348,stratmap25-landparcels_48021_bastrop_202503
33704,,492,stratmap25-landparcels_48021_bastrop_202503
33711,,540,stratmap25-landparcels_48021_bastrop_202503
33920,R33920,348,stratmap25-landparcels_48021_bastrop_202503
34065,R34065,492,stratmap25-landparcels_48021_bastrop_202503
34144,,252,stratmap25-landparcels_48021_bastrop_202503
34275,R34275,300,stratmap25-landparcels_48021_bastrop_202503
34280,,780,stratmap25-landparcels_48021_bastrop_202503
34280,,780,stratmap25-landparcels_48021_bastrop_202503
34350,,588,stratmap25-landparcels_48021_bastrop_202503
34545,R34545,300,stratmap25-landparcels_48021_bastrop_202503
34671,R34671,684,stratmap25-landparcels_48021_bastrop_202503
34671,R34671,684,stratmap25-landparcels_48021_bastrop_202503
34866,,444,stratmap25-landparcels_48021_bastrop_202503
34925,R34925,300,stratmap25-landparcels_48021_bastrop_202503
34973,R34973,396,stratmap25-landparcels_48021_bastrop_202503
34977,,396,stratmap25-landparcels_48021_bastrop_202503
34979,R34979,300,stratmap25-landparcels_48021_bastrop_202503
35146,,348,stratmap25-landparcels_48021_bastrop_202503
35146,,348,stratmap25-landparcels_48021_bastrop_202503
35211,R35211,1164,stratmap25-landparcels_48021_bastrop_202503
35237,,348,stratmap25-landparcels_48021_bastrop_202503
35251,,492,stratmap25-landparcels_48021_bastrop_202503
35276,R35276,300,stratmap25-landparcels_48021_bastrop_202503
35329,,348,stratmap25-landparcels_48021_bastrop_202503
35472,R35472,300,stratmap25-landparcels_48021_bastrop_202503
35629,,492,stratmap25-landparcels_48021_bastrop_202503
35658,,684,stratmap25-landparcels_48021_bastrop_202503
35658,,684,stratmap25-landparcels_48021_bastrop_202503
35876,,300,stratmap25-landparcels_48021_bastrop_202503
35936,R35936,780,stratmap25-landparcels_48021_bastrop_202503
35975,R35975,492,stratmap25-landparcels_48021_bastrop_202503
35975,R35975,492,stratmap25-landparcels_48021_bastrop_202503
35990,R35990,300,stratmap25-landparcels_48021_bastrop_202503
36031,,492,stratmap25-landparcels_48021_bastrop_202503
36031,,492,stratmap25-landparcels_48021_bastrop_202503
36128,,1308,stratmap25-landparcels_48021_bastrop_202503
36128,,1308,stratmap25-landparcels_48021_bastrop_202503
36152,,300,stratmap25-landparcels_48021_bastrop_202503
36267,,684,stratmap25-landparcels_48021_bastrop_202503
36415,R36415,444,stratmap25-landparcels_48021_bastrop_202503
36415,R36415,588,stratmap25-landparcels_48021_bastrop_202503
36640,,396,stratmap25-landparcels_48021_bastrop_202503
36679,R36679,444,stratmap25-landparcels_48021_bastrop_202503
36735,R36735,654,stratmap25-landparcels_48021_bastrop_202503
36735,R36735,654,stratmap25-landparcels_48021_bastrop_202503
36735,R36735,654,stratmap25-landparcels_48021_bastrop_202503
36735,R36735,654,stratmap25-landparcels_48021_bastrop_202503
36778,R36778,300,stratmap25-landparcels_48021_bastrop_202503
36968,R36968,540,stratmap25-landparcels_48021_bastrop_202503
36968,R36968,540,stratmap25-landparcels_48021_bastrop_202503
36968,R36968,540,stratmap25-landparcels_48021_bastrop_202503
36968,R36968,540,stratmap25-landparcels_48021_bastrop_202503
36970,R36970,396,stratmap25-landparcels_48021_bastrop_202503
37172,R37172,300,stratmap25-landparcels_48021_bastrop_202503
37172,R37172,300,stratmap25-landparcels_48021_bastrop_202503
37466,R37466,252,stratmap25-landparcels_48021_bastrop_202503
37580,R37580,612,stratmap25-landparcels_48021_bastrop_202503
37639,R37639,828,stratmap25-landparcels_48021_bastrop_202503
37639,R37639,828,stratmap25-landparcels_48021_bastrop_202503
37978,R37978,300,stratmap25-landparcels_48021_bastrop_202503
38073,R38073,540,stratmap25-landparcels_48021_bastrop_202503
38073,R38073,540,stratmap25-landparcels_48021_bastrop_202503
38591,,636,stratmap25-landparcels_48021_bastrop_202503
38594,,444,stratmap25-landparcels_48021_bastrop_202503
38691,R38691,588,stratmap25-landparcels_48021_bastrop_202503
38691,R38691,588,stratmap25-landparcels_48021_bastrop_202503
39265,R39265,444,stratmap25-landparcels_48021_bastrop_202503
39324,R39324,492,stratmap25-landparcels_48021_bastrop_202503
39434,R39434,540,stratmap25-landparcels_48021_bastrop_202503
39506,R39506,1164,stratmap25-landparcels_48021_bastrop_202503
39507,R39507,492,stratmap25-landparcels_48021_bastrop_202503
39508,R39508,444,stratmap25-landparcels_48021_bastrop_202503
39613,R39613,396,stratmap25-landparcels_48021_bastrop_202503
39614,R39614,348,stratmap25-landparcels_48021_bastrop_202503
39615,R39615,348,stratmap25-landparcels_48021_bastrop_202503
39669,R39669,300,stratmap25-landparcels_48021_bastrop_202503
39670,R39670,300,stratmap25-landparcels_48021_bastrop_202503
39689,R39689,636,stratmap25-landparcels_48021_bastrop_202503
39772,R39772,1164,stratmap25-landparcels_48021_bastrop_202503
39777,R39777,578,stratmap25-landparcels_48021_bastrop_202503
39778,R39778,1020,stratmap25-landparcels_48021_bastrop_202503
39778,R39778,1020,stratmap25-landparcels_48021_bastrop_202503
39828,R39828,684,stratmap25-landparcels_48021_bastrop_202503
39828,R39828,684,stratmap25-landparcels_48021_bastrop_202503
39911,,300,stratmap25-landparcels_48021_bastrop_202503
39911,,300,stratmap25-landparcels_48021_bastrop_202503
40188,R40188,348,stratmap25-landparcels_48021_bastrop_202503
40195,R40195,396,stratmap25-landparcels_48021_bastrop_202503
40363,R40363,348,stratmap25-landparcels_48021_bastrop_202503
40640,R40640,300,stratmap25-landparcels_48021_bastrop_202503
40936,R40936,540,stratmap25-landparcels_48021_bastrop_202503
40982,R40982,396,stratmap25-landparcels_48021_bastrop_202503
41283,,300,stratmap25-landparcels_48021_bastrop_202503
41453,,348,stratmap25-landparcels_48021_bastrop_202503
41459,R41459,300,stratmap25-landparcels_48021_bastrop_202503
41600,R41600,300,stratmap25-landparcels_48021_bastrop_202503
41601,R41601,348,stratmap25-landparcels_48021_bastrop_202503
41674,R41674,300,stratmap25-landparcels_48021_bastrop_202503
41691,R41691,300,stratmap25-landparcels_48021_bastrop_202503
41768,R41768,731,stratmap25-landparcels_48021_bastrop_202503
41768,R41768,731,stratmap25-landparcels_48021_bastrop_202503
41793,R41793,876,stratmap25-landparcels_48021_bastrop_202503
41793,R41793,876,stratmap25-landparcels_48021_bastrop_202503
41793,R41793,876,stratmap25-landparcels_48021_bastrop_202503
41793,R41793,876,stratmap25-landparcels_48021_bastrop_202503
41808,R41808,1444,stratmap25-landparcels_48021_bastrop_202503
41808,R41808,1444,stratmap25-landparcels_48021_bastrop_202503
41808,R41808,1444,stratmap25-landparcels_48021_bastrop_202503
41808,R41808,1444,stratmap25-landparcels_48021_bastrop_202503
41873,R41873,884,stratmap25-landparcels_48021_bastrop_202503
41873,R41873,884,stratmap25-landparcels_48021_bastrop_202503
41934,R41934,444,stratmap25-landparcels_48021_bastrop_202503
41967,R41967,252,stratmap25-landparcels_48021_bastrop_202503
41967,R41967,252,stratmap25-landparcels_48021_bastrop_202503
42088,R42088,588,stratmap25-landparcels_48021_bastrop_202503
42088,R42088,588,stratmap25-landparcels_48021_bastrop_202503
42278,R42278,684,stratmap25-landparcels_48021_bastrop_202503
42278,R42278,684,stratmap25-landparcels_48021_bastrop_202503
42292,R42292,972,stratmap25-landparcels_48021_bastrop_202503
42326,,396,stratmap25-landparcels_48021_bastrop_202503
42331,R42331,540,stratmap25-landparcels_48021_bastrop_202503
42445,,348,stratmap25-landparcels_48021_bastrop_202503
42446,,348,stratmap25-landparcels_48021_bastrop_202503
42449,R42449,588,stratmap25-landparcels_48021_bastrop_202503
42628,R42628,836,stratmap25-landparcels_48021_bastrop_202503
42682,,300,stratmap25-landparcels_48021_bastrop_202503
42726,R42726,348,stratmap25-landparcels_48021_bastrop_202503
42771,R42771,1021,stratmap25-landparcels_48021_bastrop_202503
42771,R42771,1021,stratmap25-landparcels_48021_bastrop_202503
42811,R42811,692,stratmap25-landparcels_48021_bastrop_202503
42814,R42814,732,stratmap25-landparcels_48021_bastrop_202503
42814,R42814,732,stratmap25-landparcels_48021_bastrop_202503
42827,R42827,492,stratmap25-landparcels_48021_bastrop_202503
42827,R42827,492,stratmap25-landparcels_48021_bastrop_202503
42868,R42868,588,stratmap25-landparcels_48021_bastrop_202503
42868,R42868,588,stratmap25-landparcels_48021_bastrop_202503
42869,,780,stratmap25-landparcels_48021_bastrop_202503
42869,,780,stratmap25-landparcels_48021_bastrop_202503
42874,R42874,1028,stratmap25-landparcels_48021_bastrop_202503
42874,R42874,1028,stratmap25-landparcels_48021_bastrop_202503
42879,R42879,836,stratmap25-landparcels_48021_bastrop_202503
42879,R42879,836,stratmap25-landparcels_48021_bastrop_202503
44116,R44116,843,stratmap25-landparcels_48021_bastrop_202503
44116,R44116,843,stratmap25-landparcels_48021_bastrop_202503
44116,R44116,843,stratmap25-landparcels_48021_bastrop_202503
44116,R44116,843,stratmap25-landparcels_48021_bastrop_202503
44388,R44388,636,stratmap25-landparcels_48021_bastrop_202503
44395,R44395,636,stratmap25-landparcels_48021_bastrop_202503
44535,R44535,444,stratmap25-landparcels_48021_bastrop_202503
44773,,348,stratmap25-landparcels_48021_bastrop_202503
44924,,492,stratmap25-landparcels_48021_bastrop_202503
44969,R44969,492,stratmap25-landparcels_48021_bastrop_202503
44969,R44969,492,stratmap25-landparcels_48021_bastrop_202503
45542,R45542,492,stratmap25-landparcels_48021_bastrop_202503
45543,R45543,348,stratmap25-landparcels_48021_bastrop_202503
45799,R45799,492,stratmap25-landparcels_48021_bastrop_202503
45806,R45806,588,stratmap25-landparcels_48021_bastrop_202503
46345,,396,stratmap25-landparcels_48021_bastrop_202503
46404,R46404,396,stratmap25-landparcels_48021_bastrop_202503
46471,R46471,348,stratmap25-landparcels_48021_bastrop_202503
46471,R46471,348,stratmap25-landparcels_48021_bastrop_202503
46563,R46563,540,stratmap25-landparcels_48021_bastrop_202503
46568,R46568,2045,stratmap25-landparcels_48021_bastrop_202503
46568,R46568,2045,stratmap25-landparcels_48021_bastrop_202503
46619,R46619,492,stratmap25-landparcels_48021_bastrop_202503
46619,R46619,492,stratmap25-landparcels_48021_bastrop_202503
46642,R46642,348,stratmap25-landparcels_48021_bastrop_202503
47136,,444,stratmap25-landparcels_48021_bastrop_202503
47136,,444,stratmap25-landparcels_48021_bastrop_202503
47156,,1068,stratmap25-landparcels_48021_bastrop_202503
47168,R47168,444,stratmap25-landparcels_48021_bastrop_202503
47174,R47174,348,stratmap25-landparcels_48021_bastrop_202503
47174,R47174,348,stratmap25-landparcels_48021_bastrop_202503
47175,R47175,780,stratmap25-landparcels_48021_bastrop_202503
47175,R47175,780,stratmap25-landparcels_48021_bastrop_202503
47177,R47177,348,stratmap25-landparcels_48021_bastrop_202503
47231,,588,stratmap25-landparcels_48021_bastrop_202503
47231,,588,stratmap25-landparcels_48021_bastrop_202503
47431,R47431,876,stratmap25-landparcels_48021_bastrop_202503
47575,,396,stratmap25-landparcels_48021_bastrop_202503
47575,,396,stratmap25-landparcels_48021_bastrop_202503
47629,R47629,300,stratmap25-landparcels_48021_bastrop_202503
47632,R47632,444,stratmap25-landparcels_48021_bastrop_202503
47646,R47646,1212,stratmap25-landparcels_48021_bastrop_202503
47646,R47646,1212,stratmap25-landparcels_48021_bastrop_202503
47942,R47942,348,stratmap25-landparcels_48021_bastrop_202503
48340,R48340,732,stratmap25-landparcels_48021_bastrop_202503
48493,R48493,1082,stratmap25-landparcels_48021_bastrop_202503
48736,R48736,300,stratmap25-landparcels_48021_bastrop_202503
48752,R48752,300,stratmap25-landparcels_48021_bastrop_202503
49552,R49552,300,stratmap25-landparcels_48021_bastrop_202503
49597,R49597,300,stratmap25-landparcels_48021_bastrop_202503
49597,R49597,300,stratmap25-landparcels_48021_bastrop_202503
49737,,828,stratmap25-landparcels_48021_bastrop_202503
49938,,396,stratmap25-landparcels_48021_bastrop_202503
49938,,396,stratmap25-landparcels_48021_bastrop_202503
50828,R50828,1020,stratmap25-landparcels_48021_bastrop_202503
51569,R51569,348,stratmap25-landparcels_48021_bastrop_202503
51650,R51650,540,stratmap25-landparcels_48021_bastrop_202503
52819,R52819,630,stratmap25-landparcels_48021_bastrop_202503
53161,R53161,722,stratmap25-landparcels_48021_bastrop_202503
53161,R53161,722,stratmap25-landparcels_48021_bastrop_202503
53161,R53161,1983,stratmap25-landparcels_48021_bastrop_202503
53161,R53161,1983,stratmap25-landparcels_48021_bastrop_202503
53161,R53161,1983,stratmap25-landparcels_48021_bastrop_202503
53161,R53161,1983,stratmap25-landparcels_48021_bastrop_202503
53161,R53161,1983,stratmap25-landparcels_48021_bastrop_202503
53161,R53161,1983,stratmap25-landparcels_48021_bastrop_202503
53957,R53957,444,stratmap25-landparcels_48021_bastrop_202503
55674,R55674,1677,stratmap25-landparcels_48021_bastrop_202503
55674,R55674,1677,stratmap25-landparcels_48021_bastrop_202503
55674,R55674,1677,stratmap25-landparcels_48021_bastrop_202503
55674,R55674,1677,stratmap25-landparcels_48021_bastrop_202503
56302,R56302,252,stratmap25-landparcels_48021_bastrop_202503
56649,R56649,348,stratmap25-landparcels_48021_bastrop_202503
56752,,252,stratmap25-landparcels_48021_bastrop_202503
57238,,1164,stratmap25-landparcels_48021_bastrop_202503
57267,R57267,972,stratmap25-landparcels_48021_bastrop_202503
57267,R57267,972,stratmap25-landparcels_48021_bastrop_202503
57267,R57267,972,stratmap25-landparcels_48021_bastrop_202503
57267,R57267,972,stratmap25-landparcels_48021_bastrop_202503
57374,,396,stratmap25-landparcels_48021_bastrop_202503
57434,R57434,348,stratmap25-landparcels_48021_bastrop_202503
57763,,444,stratmap25-landparcels_48021_bastrop_202503
58274,R58274,348,stratmap25-landparcels_48021_bastrop_202503
58275,R58275,444,stratmap25-landparcels_48021_bastrop_202503
58275,R58275,444,stratmap25-landparcels_48021_bastrop_202503
58441,R58441,396,stratmap25-landparcels_48021_bastrop_202503
58441,R58441,684,stratmap25-landparcels_48021_bastrop_202503
58729,,300,stratmap25-landparcels_48021_bastrop_202503
58820,R58820,396,stratmap25-landparcels_48021_bastrop_202503
58932,R58932,876,stratmap25-landparcels_48021_bastrop_202503
58932,R58932,876,stratmap25-landparcels_48021_bastrop_202503
59138,,396,stratmap25-landparcels_48021_bastrop_202503
59521,R59521,396,stratmap25-landparcels_48021_bastrop_202503
59521,R59521,396,stratmap25-landparcels_48021_bastrop_202503
59522,R59522,348,stratmap25-landparcels_48021_bastrop_202503
59538,R59538,588,stratmap25-landparcels_48021_bastrop_202503
59559,R59559,300,stratmap25-landparcels_48021_bastrop_202503
60724,R60724,300,stratmap25-landparcels_48021_bastrop_202503
61140,R61140,300,stratmap25-landparcels_48021_bastrop_202503
61275,R61275,396,stratmap25-landparcels_48021_bastrop_202503
61596,,300,stratmap25-landparcels_48021_bastrop_202503
61605,R61605,300,stratmap25-landparcels_48021_bastrop_202503
61687,R61687,300,stratmap25-landparcels_48021_bastrop_202503
62318,R62318,1068,stratmap25-landparcels_48021_bastrop_202503
62462,R62462,636,stratmap25-landparcels_48021_bastrop_202503
62717,,396,stratmap25-landparcels_48021_bastrop_202503
62718,,396,stratmap25-landparcels_48021_bastrop_202503
63610,R63610,1164,stratmap25-landparcels_48021_bastrop_202503
63610,R63610,1164,stratmap25-landparcels_48021_bastrop_202503
63610,R63610,1164,stratmap25-landparcels_48021_bastrop_202503
63610,R63610,1164,stratmap25-landparcels_48021_bastrop_202503
63904,R63904,828,stratmap25-landparcels_48021_bastrop_202503
63916,,348,stratmap25-landparcels_48021_bastrop_202503
64036,R64036,300,stratmap25-landparcels_48021_bastrop_202503
64087,,492,stratmap25-landparcels_48021_bastrop_202503
64339,R64339,444,stratmap25-landparcels_48021_bastrop_202503
64343,R64343,348,stratmap25-landparcels_48021_bastrop_202503
65868,R65868,780,stratmap25-landparcels_48021_bastrop_202503
65868,R65868,780,stratmap25-landparcels_48021_bastrop_202503
66289,R66289,300,stratmap25-landparcels_48021_bastrop_202503
66337,R66337,348,stratmap25-landparcels_48021_bastrop_202503
66579,R66579,690,stratmap25-landparcels_48021_bastrop_202503
67085,R67085,588,stratmap25-landparcels_48021_bastrop_202503
67174,R67174,540,stratmap25-landparcels_48021_bastrop_202503
67174,R67174,540,stratmap25-landparcels_48021_bastrop_202503
67175,R67175,588,stratmap25-landparcels_48021_bastrop_202503
67182,R67182,300,stratmap25-landparcels_48021_bastrop_202503
68192,R68192,492,stratmap25-landparcels_48021_bastrop_202503
68718,R68718,252,stratmap25-landparcels_48021_bastrop_202503
69953,R69953,972,stratmap25-landparcels_48021_bastrop_202503
70060,,492,stratmap25-landparcels_48021_bastrop_202503
70108,R70108,396,stratmap25-landparcels_48021_bastrop_202503
70456,,444,stratmap25-landparcels_48021_bastrop_202503
70456,,444,stratmap25-landparcels_48021_bastrop_202503
71207,R71207,1068,stratmap25-landparcels_48021_bastrop_202503
71207,R71207,1068,stratmap25-landparcels_48021_bastrop_202503
71469,R71469,300,stratmap25-landparcels_48021_bastrop_202503
71483,R71483,492,stratmap25-landparcels_48021_bastrop_202503
71484,R71484,396,stratmap25-landparcels_48021_bastrop_202503
72172,,396,stratmap25-landparcels_48021_bastrop_202503
72222,R72222,492,stratmap25-landparcels_48021_bastrop_202503
72223,R72223,348,stratmap25-landparcels_48021_bastrop_202503
72223,R72223,348,stratmap25-landparcels_48021_bastrop_202503
72223,R72223,348,stratmap25-landparcels_48021_bastrop_202503
72234,R72234,444,stratmap25-landparcels_48021_bastrop_202503
72234,R72234,444,stratmap25-landparcels_48021_bastrop_202503
72315,R72315,396,stratmap25-landparcels_48021_bastrop_202503
72315,R72315,396,stratmap25-landparcels_48021_bastrop_202503
72315,R72315,396,stratmap25-landparcels_48021_bastrop_202503
72810,R72810,1068,stratmap25-landparcels_48021_bastrop_202503
72813,,348,stratmap25-landparcels_48021_bastrop_202503
72813,,348,stratmap25-landparcels_48021_bastrop_202503
72834,R72834,444,stratmap25-landparcels_48021_bastrop_202503
72908,R72908,396,stratmap25-landparcels_48021_bastrop_202503
72934,R72934,444,stratmap25-landparcels_48021_bastrop_202503
72934,R72934,444,stratmap25-landparcels_48021_bastrop_202503
72934,R72934,444,stratmap25-landparcels_48021_bastrop_202503
72934,R72934,444,stratmap25-landparcels_48021_bastrop_202503
73515,,492,stratmap25-landparcels_48021_bastrop_202503
73577,R73577,540,stratmap25-landparcels_48021_bastrop_202503
73577,R73577,540,stratmap25-landparcels_48021_bastrop_202503
73666,R73666,732,stratmap25-landparcels_48021_bastrop_202503
73807,R73807,348,stratmap25-landparcels_48021_bastrop_202503
75158,R75158,396,stratmap25-landparcels_48021_bastrop_202503
75158,R75158,396,stratmap25-landparcels_48021_bastrop_202503
75159,R75159,588,stratmap25-landparcels_48021_bastrop_202503
75159,R75159,588,stratmap25-landparcels_48021_bastrop_202503
75176,R75176,300,stratmap25-landparcels_48021_bastrop_202503
75239,R75239,300,stratmap25-landparcels_48021_bastrop_202503
75418,R75418,714,stratmap25-landparcels_48021_bastrop_202503
75594,,300,stratmap25-landparcels_48021_bastrop_202503
76358,R76358,348,stratmap25-landparcels_48021_bastrop_202503
76361,R76361,444,stratmap25-landparcels_48021_bastrop_202503
76361,R76361,300,stratmap25-landparcels_48021_bastrop_202503
76423,R76423,683,stratmap25-landparcels_48021_bastrop_202503
76475,R76475,1260,stratmap25-landparcels_48021_bastrop_202503
76505,R76505,300,stratmap25-landparcels_48021_bastrop_202503
76505,R76505,300,stratmap25-landparcels_48021_bastrop_202503
76506,R76506,348,stratmap25-landparcels_48021_bastrop_202503
76506,R76506,348,stratmap25-landparcels_48021_bastrop_202503
76508,R76508,396,stratmap25-landparcels_48021_bastrop_202503
76508,R76508,396,stratmap25-landparcels_48021_bastrop_202503
76974,R76974,1068,stratmap25-landparcels_48021_bastrop_202503
77241,R77241,588,stratmap25-landparcels_48021_bastrop_202503
77252,,540,stratmap25-landparcels_48021_bastrop_202503
77252,,540,stratmap25-landparcels_48021_bastrop_202503
77253,R77253,780,stratmap25-landparcels_48021_bastrop_202503
77253,R77253,780,stratmap25-landparcels_48021_bastrop_202503
77258,R77258,636,stratmap25-landparcels_48021_bastrop_202503
77258,R77258,636,stratmap25-landparcels_48021_bastrop_202503
77293,,348,stratmap25-landparcels_48021_bastrop_202503
77757,R77757,828,stratmap25-landparcels_48021_bastrop_202503
77757,R77757,828,stratmap25-landparcels_48021_bastrop_202503
77806,R77806,300,stratmap25-landparcels_48021_bastrop_202503
77850,R77850,300,stratmap25-landparcels_48021_bastrop_202503
77887,R77887,444,stratmap25-landparcels_48021_bastrop_202503
78211,R78211,348,stratmap25-landparcels_48021_bastrop_202503
78344,R78344,492,stratmap25-landparcels_48021_bastrop_202503
78480,R78480,396,stratmap25-landparcels_48021_bastrop_202503
78480,R78480,396,stratmap25-landparcels_48021_bastrop_202503
78716,,300,stratmap25-landparcels_48021_bastrop_202503
78716,,300,stratmap25-landparcels_48021_bastrop_202503
78717,,396,stratmap25-landparcels_48021_bastrop_202503
78717,,396,stratmap25-landparcels_48021_bastrop_202503
79643,,588,stratmap25-landparcels_48021_bastrop_202503
80053,,444,stratmap25-landparcels_48021_bastrop_202503
80734,,396,stratmap25-landparcels_48021_bastrop_202503
81406,,348,stratmap25-landparcels_48021_bastrop_202503
81406,,348,stratmap25-landparcels_48021_bastrop_202503
81686,R81686,636,stratmap25-landparcels_48021_bastrop_202503
81770,,684,stratmap25-landparcels_48021_bastrop_202503
81987,,300,stratmap25-landparcels_48021_bastrop_202503
82460,,300,stratmap25-landparcels_48021_bastrop_202503
82512,,300,stratmap25-landparcels_48021_bastrop_202503
83000,R83000,348,stratmap25-landparcels_48021_bastrop_202503
83000,R83000,348,stratmap25-landparcels_48021_bastrop_202503
83330,,300,stratmap25-landparcels_48021_bastrop_202503
83541,,492,stratmap25-landparcels_48021_bastrop_202503
83580,R83580,876,stratmap25-landparcels_48021_bastrop_202503
83672,R83672,492,stratmap25-landparcels_48021_bastrop_202503
83691,,348,stratmap25-landparcels_48021_bastrop_202503
83719,,348,stratmap25-landparcels_48021_bastrop_202503
83780,,780,stratmap25-landparcels_48021_bastrop_202503
84173,R84173,348,stratmap25-landparcels_48021_bastrop_202503
84174,R84174,444,stratmap25-landparcels_48021_bastrop_202503
84174,R84174,444,stratmap25-landparcels_48021_bastrop_202503
84235,,396,stratmap25-landparcels_48021_bastrop_202503
84537,,300,stratmap25-landparcels_48021_bastrop_202503
84582,,348,stratmap25-landparcels_48021_bastrop_202503
84682,,300,stratmap25-landparcels_48021_bastrop_202503
84838,R84838,1068,stratmap25-landparcels_48021_bastrop_202503
84887,R84887,348,stratmap25-landparcels_48021_bastrop_202503
84889,R84889,300,stratmap25-landparcels_48021_bastrop_202503
84893,R84893,492,stratmap25-landparcels_48021_bastrop_202503
84964,R84964,780,stratmap25-landparcels_48021_bastrop_202503
84964,R84964,780,stratmap25-landparcels_48021_bastrop_202503
84980,,300,stratmap25-landparcels_48021_bastrop_202503
85303,,540,stratmap25-landparcels_48021_bastrop_202503
85439,,636,stratmap25-landparcels_48021_bastrop_202503
85440,,300,stratmap25-landparcels_48021_bastrop_202503
85466,R85466,540,stratmap25-landparcels_48021_bastrop_202503
85466,R85466,540,stratmap25-landparcels_48021_bastrop_202503
85475,R85475,300,stratmap25-landparcels_48021_bastrop_202503
85542,,396,stratmap25-landparcels_48021_bastrop_202503
8701796,R108536,780,stratmap25-landparcels_48021_bastrop_202503
8701848,R13501,300,stratmap25-landparcels_48021_bastrop_202503
8701848,R13501,300,stratmap25-landparcels_48021_bastrop_202503
8701884,R26922,636,stratmap25-landparcels_48021_bastrop_202503
8701884,R26922,636,stratmap25-landparcels_48021_bastrop_202503
8701957,R37225,300,stratmap25-landparcels_48021_bastrop_202503
8702399,R34424,396,stratmap25-landparcels_48021_bastrop_202503
8702399,R34424,396,stratmap25-landparcels_48021_bastrop_202503
8702402,R33955,348,stratmap25-landparcels_48021_bastrop_202503
8702402,R33955,348,stratmap25-landparcels_48021_bastrop_202503
8702456,,788,stratmap25-landparcels_48021_bastrop_202503
8702564,R13118,492,stratmap25-landparcels_48021_bastrop_202503
8702564,R13118,492,stratmap25-landparcels_48021_bastrop_202503
8702629,R58477,492,stratmap25-landparcels_48021_bastrop_202503
8702629,R58477,492,stratmap25-landparcels_48021_bastrop_202503
8702629,R58477,492,stratmap25-landparcels_48021_bastrop_202503
8702629,R58477,492,stratmap25-landparcels_48021_bastrop_202503
8702719,,348,stratmap25-landparcels_48021_bastrop_202503
8702747,,780,stratmap25-landparcels_48021_bastrop_202503
8702760,,300,stratmap25-landparcels_48021_bastrop_202503
8702916,,924,stratmap25-landparcels_48021_bastrop_202503
8702916,,924,stratmap25-landparcels_48021_bastrop_202503
8702920,R17137,396,stratmap25-landparcels_48021_bastrop_202503
8702920,R17137,396,stratmap25-landparcels_48021_bastrop_202503
8702922,R44248,348,stratmap25-landparcels_48021_bastrop_202503
8702922,R44248,348,stratmap25-landparcels_48021_bastrop_202503
8702931,R28631,348,stratmap25-landparcels_48021_bastrop_202503
8702931,R28631,348,stratmap25-landparcels_48021_bastrop_202503
8702968,R44814,348,stratmap25-landparcels_48021_bastrop_202503
8702968,R44814,348,stratmap25-landparcels_48021_bastrop_202503
8702976,R25261,780,stratmap25-landparcels_48021_bastrop_202503
8702976,R25261,780,stratmap25-landparcels_48021_bastrop_202503
8702976,R25261,780,stratmap25-landparcels_48021_bastrop_202503
8702976,R25261,780,stratmap25-landparcels_48021_bastrop_202503
8702976,R25261,780,stratmap25-landparcels_48021_bastrop_202503
8702976,R25261,780,stratmap25-landparcels_48021_bastrop_202503
8702976,R25261,780,stratmap25-landparcels_48021_bastrop_202503
8702976,R25261,780,stratmap25-landparcels_48021_bastrop_202503
8702976,R25261,780,stratmap25-landparcels_48021_bastrop_202503
8702976,R25261,780,stratmap25-landparcels_48021_bastrop_202503
8702976,R25261,780,stratmap25-landparcels_48021_bastrop_202503
8702976,R25261,780,stratmap25-landparcels_48021_bastrop_202503
8703353,R85262,540,stratmap25-landparcels_48021_bastrop_202503
8704374,R26922,540,stratmap25-landparcels_48021_bastrop_202503
8704409,,444,stratmap25-landparcels_48021_bastrop_202503
8704415,R61509,444,stratmap25-landparcels_48021_bastrop_202503
8704415,R61509,444,stratmap25-landparcels_48021_bastrop_202503
8704430,R24148,348,stratmap25-landparcels_48021_bastrop_202503
8704430,R24148,348,stratmap25-landparcels_48021_bastrop_202503
8704433,R75461,300,stratmap25-landparcels_48021_bastrop_202503
8704433,R75461,300,stratmap25-landparcels_48021_bastrop_202503
8704455,R52354,300,stratmap25-landparcels_48021_bastrop_202503
8704455,R52354,300,stratmap25-landparcels_48021_bastrop_202503
8704504,R10679,300,stratmap25-landparcels_48021_bastrop_202503
8704616,R31082,396,stratmap25-landparcels_48021_bastrop_202503
8704639,,540,stratmap25-landparcels_48021_bastrop_202503
8704646,,300,stratmap25-landparcels_48021_bastrop_202503
8704647,R37600,300,stratmap25-landparcels_48021_bastrop_202503
8704891,R26760,444,stratmap25-landparcels_48021_bastrop_202503
8704892,R61603,300,stratmap25-landparcels_48021_bastrop_202503
8704892,R61603,300,stratmap25-landparcels_48021_bastrop_202503
8704935,R37041,300,stratmap25-landparcels_48021_bastrop_202503
8705029,R28990,444,stratmap25-landparcels_48021_bastrop_202503
8705029,R28990,444,stratmap25-landparcels_48021_bastrop_202503
8705029,R28990,444,stratmap25-landparcels_48021_bastrop_202503
8705029,R28990,444,stratmap25-landparcels_48021_bastrop_202503
8705029,R28990,444,stratmap25-landparcels_48021_bastrop_202503
8705029,R28990,444,stratmap25-landparcels_48021_bastrop_202503
8705029,R28990,444,stratmap25-landparcels_48021_bastrop_202503
8705029,R28990,444,stratmap25-landparcels_48021_bastrop_202503
8705029,R28990,444,stratmap25-landparcels_48021_bastrop_202503
8705042,R22142,924,stratmap25-landparcels_48021_bastrop_202503
8705042,R22142,924,stratmap25-landparcels_48021_bastrop_202503
8705042,R22142,924,stratmap25-landparcels_48021_bastrop_202503
8705042,R22142,924,stratmap25-landparcels_48021_bastrop_202503
8705045,R18078,348,stratmap25-landparcels_48021_bastrop_202503
8705045,R18078,348,stratmap25-landparcels_48021_bastrop_202503
8705153,,540,stratmap25-landparcels_48021_bastrop_202503
8705153,,540,stratmap25-landparcels_48021_bastrop_202503
8705250,R27486,658,stratmap25-landparcels_48021_bastrop_202503
8705520,R83962,348,stratmap25-landparcels_48021_bastrop_202503
8705520,R83962,348,stratmap25-landparcels_48021_bastrop_202503
8705523,R16015,300,stratmap25-landparcels_48021_bastrop_202503
8705523,R16015,300,stratmap25-landparcels_48021_bastrop_202503
8705544,R42368,348,stratmap25-landparcels_48021_bastrop_202503
8705544,R42368,348,stratmap25-landparcels_48021_bastrop_202503
8705641,R82093,444,stratmap25-landparcels_48021_bastrop_202503
8705641,R82093,444,stratmap25-landparcels_48021_bastrop_202503
8705643,,300,stratmap25-landparcels_48021_bastrop_202503
8705643,,300,stratmap25-landparcels_48021_bastrop_202503
8705830,R35152,300,stratmap25-landparcels_48021_bastrop_202503
8705830,R35152,300,stratmap25-landparcels_48021_bastrop_202503
8705830,R35152,300,stratmap25-landparcels_48021_bastrop_202503
8705833,R48414,924,stratmap25-landparcels_48021_bastrop_202503
8705833,R48414,924,stratmap25-landparcels_48021_bastrop_202503
8705833,R48414,924,stratmap25-landparcels_48021_bastrop_202503
8705833,R48414,924,stratmap25-landparcels_48021_bastrop_202503
8705833,R48414,924,stratmap25-landparcels_48021_bastrop_202503
8705833,R48414,924,stratmap25-landparcels_48021_bastrop_202503
8705833,R48414,924,stratmap25-landparcels_48021_bastrop_202503
8705833,R48414,924,stratmap25-landparcels_48021_bastrop_202503
8705833,R48414,924,stratmap25-landparcels_48021_bastrop_202503
8705833,R48414,924,stratmap25-landparcels_48021_bastrop_202503
8705833,R48414,924,stratmap25-landparcels_48021_bastrop_202503
8705833,R48414,924,stratmap25-landparcels_48021_bastrop_202503
8705885,R33770,300,stratmap25-landparcels_48021_bastrop_202503
8705888,,396,stratmap25-landparcels_48021_bastrop_202503
8705888,,396,stratmap25-landparcels_48021_bastrop_202503
8705981,,300,stratmap25-landparcels_48021_bastrop_202503
8706378,R71310,444,stratmap25-landparcels_48021_bastrop_202503
8706378,R71310,444,stratmap25-landparcels_48021_bastrop_202503
8706400,R94491,348,stratmap25-landparcels_48021_bastrop_202503
8706400,R94491,348,stratmap25-landparcels_48021_bastrop_202503
8706404,R23932,348,stratmap25-landparcels_48021_bastrop_202503
8706404,R23932,348,stratmap25-landparcels_48021_bastrop_202503
8706512,,876,stratmap25-landparcels_48021_bastrop_202503
8706512,,876,stratmap25-landparcels_48021_bastrop_202503
8706512,,876,stratmap25-landparcels_48021_bastrop_202503
8706759,R18573,300,stratmap25-landparcels_48021_bastrop_202503
8706759,R18573,300,stratmap25-landparcels_48021_bastrop_202503
8710367,,300,stratmap25-landparcels_48021_bastrop_202503
8710841,R60011,444,stratmap25-landparcels_48021_bastrop_202503
8710841,R60011,444,stratmap25-landparcels_48021_bastrop_202503
8711126,R32911,300,stratmap25-landparcels_48021_bastrop_202503
8711126,R32911,300,stratmap25-landparcels_48021_bastrop_202503
8711126,R32911,300,stratmap25-landparcels_48021_bastrop_202503
8711126,R32911,300,stratmap25-landparcels_48021_bastrop_202503
8711750,,300,stratmap25-landparcels_48021_bastrop_202503
8711752,,732,stratmap25-landparcels_48021_bastrop_202503
8711984,R60003,684,stratmap25-landparcels_48021_bastrop_202503
8711984,R60003,684,stratmap25-landparcels_48021_bastrop_202503
8712009,R31057,396,stratmap25-landparcels_48021_bastrop_202503
8712010,R31075,396,stratmap25-landparcels_48021_bastrop_202503
8712024,,300,stratmap25-landparcels_48021_bastrop_202503
8712033,R87133,972,stratmap25-landparcels_48021_bastrop_202503
8712033,R87133,972,stratmap25-landparcels_48021_bastrop_202503
8712033,R87133,972,stratmap25-landparcels_48021_bastrop_202503
8712033,R87133,972,stratmap25-landparcels_48021_bastrop_202503
8712122,R47340,1068,stratmap25-landparcels_48021_bastrop_202503
8712227,R35432,492,stratmap25-landparcels_48021_bastrop_202503
8712227,R35432,492,stratmap25-landparcels_48021_bastrop_202503
8712240,,636,stratmap25-landparcels_48021_bastrop_202503
8712387,R97831,300,stratmap25-landparcels_48021_bastrop_202503
8712410,,300,stratmap25-landparcels_48021_bastrop_202503
8712640,,300,stratmap25-landparcels_48021_bastrop_202503
8712855,R82019,396,stratmap25-landparcels_48021_bastrop_202503
8712855,R82019,396,stratmap25-landparcels_48021_bastrop_202503
8712900,R37600,828,stratmap25-landparcels_48021_bastrop_202503
8712901,,588,stratmap25-landparcels_48021_bastrop_202503
8713015,R94481,348,stratmap25-landparcels_48021_bastrop_202503
8713015,R94481,348,stratmap25-landparcels_48021_bastrop_202503
8713119,R110710,780,stratmap25-landparcels_48021_bastrop_202503
8713170,,396,stratmap25-landparcels_48021_bastrop_202503
8713186,,636,stratmap25-landparcels_48021_bastrop_202503
87134,,300,stratmap25-landparcels_48021_bastrop_202503
87134,,300,stratmap25-landparcels_48021_bastrop_202503
8713998,R27446,780,stratmap25-landparcels_48021_bastrop_202503
8713998,R27446,780,stratmap25-landparcels_48021_bastrop_202503
8714135,R33335,300,stratmap25-landparcels_48021_bastrop_202503
8714135,R33335,300,stratmap25-landparcels_48021_bastrop_202503
8714142,R46359,300,stratmap25-landparcels_48021_bastrop_202503
8714142,R46359,300,stratmap25-landparcels_48021_bastrop_202503
8714145,R37553,348,stratmap25-landparcels_48021_bastrop_202503
8714145,R37553,348,stratmap25-landparcels_48021_bastrop_202503
8714145,R37553,348,stratmap25-landparcels_48021_bastrop_202503
8714145,R37553,348,stratmap25-landparcels_48021_bastrop_202503
8714147,R37553,300,stratmap25-landparcels_48021_bastrop_202503
8714147,R37553,300,stratmap25-landparcels_48021_bastrop_202503
8714147,R37553,444,stratmap25-landparcels_48021_bastrop_202503
8714147,R37553,444,stratmap25-landparcels_48021_bastrop_202503
8714168,,300,stratmap25-landparcels_48021_bastrop_202503
8714720,R37585,300,stratmap25-landparcels_48021_bastrop_202503
8714720,R37585,300,stratmap25-landparcels_48021_bastrop_202503
8714720,R37585,300,stratmap25-landparcels_48021_bastrop_202503
8714720,R37585,300,stratmap25-landparcels_48021_bastrop_202503
8714720,R37585,300,stratmap25-landparcels_48021_bastrop_202503
8714720,R37585,300,stratmap25-landparcels_48021_bastrop_202503
8714720,R37585,300,stratmap25-landparcels_48021_bastrop_202503
8714720,R37585,300,stratmap25-landparcels_48021_bastrop_202503
8714969,R34815,540,stratmap25-landparcels_48021_bastrop_202503
8714969,R34815,540,stratmap25-landparcels_48021_bastrop_202503
8714969,R34815,540,stratmap25-landparcels_48021_bastrop_202503
8714969,R34815,540,stratmap25-landparcels_48021_bastrop_202503
8715090,,300,stratmap25-landparcels_48021_bastrop_202503
8715093,,300,stratmap25-landparcels_48021_bastrop_202503
8715153,,636,stratmap25-landparcels_48021_bastrop_202503
8715163,,300,stratmap25-landparcels_48021_bastrop_202503
8715206,,300,stratmap25-landparcels_48021_bastrop_202503
8715219,,444,stratmap25-landparcels_48021_bastrop_202503
8715267,R53333,684,stratmap25-landparcels_48021_bastrop_202503
8715267,R53333,684,stratmap25-landparcels_48021_bastrop_202503
8715267,R53333,684,stratmap25-landparcels_48021_bastrop_202503
8715267,R53333,684,stratmap25-landparcels_48021_bastrop_202503
8715805,R84860,396,stratmap25-landparcels_48021_bastrop_202503
8715805,R84860,396,stratmap25-landparcels_48021_bastrop_202503
8715810,R44611,828,stratmap25-landparcels_48021_bastrop_202503
8715810,R44611,828,stratmap25-landparcels_48021_bastrop_202503
8715810,R44611,828,stratmap25-landparcels_48021_bastrop_202503
8715810,R44611,828,stratmap25-landparcels_48021_bastrop_202503
8715810,R44611,828,stratmap25-landparcels_48021_bastrop_202503
8715810,R44611,828,stratmap25-landparcels_48021_bastrop_202503
8715810,R44611,828,stratmap25-landparcels_48021_bastrop_202503
8715810,R44611,828,stratmap25-landparcels_48021_bastrop_202503
8715860,R69090,1133,stratmap25-landparcels_48021_bastrop_202503
8716172,,828,stratmap25-landparcels_48021_bastrop_202503
8716401,R97831,300,stratmap25-landparcels_48021_bastrop_202503
8716487,R73678,636,stratmap25-landparcels_48021_bastrop_202503
8716487,R73678,636,stratmap25-landparcels_48021_bastrop_202503
8716629,,348,stratmap25-landparcels_48021_bastrop_202503
8716763,,348,stratmap25-landparcels_48021_bastrop_202503
8716763,,348,stratmap25-landparcels_48021_bastrop_202503
8716766,R53014,348,stratmap25-landparcels_48021_bastrop_202503
8716766,R53014,348,stratmap25-landparcels_48021_bastrop_202503
8716880,R103417,1500,stratmap25-landparcels_48021_bastrop_202503
8716882,R87367,780,stratmap25-landparcels_48021_bastrop_202503
8717858,R16566,252,stratmap25-landparcels_48021_bastrop_202503
8717859,R16566,348,stratmap25-landparcels_48021_bastrop_202503
8717860,R16566,300,stratmap25-landparcels_48021_bastrop_202503
8717861,R16566,300,stratmap25-landparcels_48021_bastrop_202503
8717862,R16566,300,stratmap25-landparcels_48021_bastrop_202503
8718394,R24286,492,stratmap25-landparcels_48021_bastrop_202503
8718394,R24286,492,stratmap25-landparcels_48021_bastrop_202503
8718471,R13266,540,stratmap25-landparcels_48021_bastrop_202503
8718471,R13266,540,stratmap25-landparcels_48021_bastrop_202503
8718563,,300,stratmap25-landparcels_48021_bastrop_202503
8719266,R30344,348,stratmap25-landparcels_48021_bastrop_202503
8719266,R30344,348,stratmap25-landparcels_48021_bastrop_202503
8719269,R30352,396,stratmap25-landparcels_48021_bastrop_202503
8719269,R30352,396,stratmap25-landparcels_48021_bastrop_202503
8719271,R30360,300,stratmap25-landparcels_48021_bastrop_202503
8719271,R30360,300,stratmap25-landparcels_48021_bastrop_202503
8719273,R29952,1020,stratmap25-landparcels_48021_bastrop_202503
8719273,R29952,1020,stratmap25-landparcels_48021_bastrop_202503
8719275,R29976,300,stratmap25-landparcels_48021_bastrop_202503
8719275,R29976,300,stratmap25-landparcels_48021_bastrop_202503
8719286,R72836,396,stratmap25-landparcels_48021_bastrop_202503
8719286,R72836,396,stratmap25-landparcels_48021_bastrop_202503
8719446,R85467,300,stratmap25-landparcels_48021_bastrop_202503
8719446,R85467,300,stratmap25-landparcels_48021_bastrop_202503
8719451,R47340,348,stratmap25-landparcels_48021_bastrop_202503
8719451,R47340,348,stratmap25-landparcels_48021_bastrop_202503
8719451,R47340,348,stratmap25-landparcels_48021_bastrop_202503
8719481,R14470,396,stratmap25-landparcels_48021_bastrop_202503
8719481,R14470,396,stratmap25-landparcels_48021_bastrop_202503
8719790,R52781,540,stratmap25-landparcels_48021_bastrop_202503
8719790,R52781,540,stratmap25-landparcels_48021_bastrop_202503
8719819,R61430,568,stratmap25-landparcels_48021_bastrop_202503
8720135,,444,stratmap25-landparcels_48021_bastrop_202503
8720191,,300,stratmap25-landparcels_48021_bastrop_202503
8720373,R13377,300,stratmap25-landparcels_48021_bastrop_202503
8720456,R15456,596,stratmap25-landparcels_48021_bastrop_202503
8720456,R15456,596,stratmap25-landparcels_48021_bastrop_202503
8720476,,300,stratmap25-landparcels_48021_bastrop_202503
8720712,,300,stratmap25-landparcels_48021_bastrop_202503
8721126,,300,stratmap25-landparcels_48021_bastrop_202503
8721186,R30464,300,stratmap25-landparcels_48021_bastrop_202503
8721186,R30464,300,stratmap25-landparcels_48021_bastrop_202503
8721188,R82940,396,stratmap25-landparcels_48021_bastrop_202503
8721188,R82940,396,stratmap25-landparcels_48021_bastrop_202503
8721190,R47151,348,stratmap25-landparcels_48021_bastrop_202503
8721190,R47151,348,stratmap25-landparcels_48021_bastrop_202503
8721193,R81944,300,stratmap25-landparcels_48021_bastrop_202503
8721193,R81944,300,stratmap25-landparcels_48021_bastrop_202503
8721349,R27055,876,stratmap25-landparcels_48021_bastrop_202503
8722003,R79819,348,stratmap25-landparcels_48021_bastrop_202503
8722003,R79819,348,stratmap25-landparcels_48021_bastrop_202503
8722003,R79819,348,stratmap25-landparcels_48021_bastrop_202503
8722003,R79819,348,stratmap25-landparcels_48021_bastrop_202503
8722003,R79819,348,stratmap25-landparcels_48021_bastrop_202503
8722003,R79819,348,stratmap25-landparcels_48021_bastrop_202503
8722003,R79819,348,stratmap25-landparcels_48021_bastrop_202503
8722003,R79819,348,stratmap25-landparcels_48021_bastrop_202503
8722003,R79819,348,stratmap25-landparcels_48021_bastrop_202503
8722003,R79819,348,stratmap25-landparcels_48021_bastrop_202503
8722003,R79819,348,stratmap25-landparcels_48021_bastrop_202503
8722003,R79819,348,stratmap25-landparcels_48021_bastrop_202503
8722362,R78222,300,stratmap25-landparcels_48021_bastrop_202503
8722362,R78222,300,stratmap25-landparcels_48021_bastrop_202503
8722424,R105363,732,stratmap25-landparcels_48021_bastrop_202503
8722424,R105363,732,stratmap25-landparcels_48021_bastrop_202503
8722424,R105363,732,stratmap25-landparcels_48021_bastrop_202503
8722424,R105363,732,stratmap25-landparcels_48021_bastrop_202503
8722427,R53826,396,stratmap25-landparcels_48021_bastrop_202503
8722427,R53826,396,stratmap25-landparcels_48021_bastrop_202503
8723123,R34016,348,stratmap25-landparcels_48021_bastrop_202503
8723150,R73794,1260,stratmap25-landparcels_48021_bastrop_202503
8723150,R73794,1260,stratmap25-landparcels_48021_bastrop_202503
8723154,R69953,797,stratmap25-landparcels_48021_bastrop_202503
8723154,R69953,797,stratmap25-landparcels_48021_bastrop_202503
8723156,R57267,300,stratmap25-landparcels_48021_bastrop_202503
8723156,R57267,300,stratmap25-landparcels_48021_bastrop_202503
8723364,R37600,300,stratmap25-landparcels_48021_bastrop_202503
8723427,R110710,1227,stratmap25-landparcels_48021_bastrop_202503
8723427,R110710,1227,stratmap25-landparcels_48021_bastrop_202503
8723597,R30910,492,stratmap25-landparcels_48021_bastrop_202503
8723597,R30910,492,stratmap25-landparcels_48021_bastrop_202503
8723600,,348,stratmap25-landparcels_48021_bastrop_202503
8723696,,636,stratmap25-landparcels_48021_bastrop_202503
8723696,,636,stratmap25-landparcels_48021_bastrop_202503
8723798,R24776,396,stratmap25-landparcels_48021_bastrop_202503
8723798,R24776,396,stratmap25-landparcels_48021_bastrop_202503
8723828,R10086,444,stratmap25-landparcels_48021_bastrop_202503
8723843,R59316,732,stratmap25-landparcels_48021_bastrop_202503
8723843,R59316,732,stratmap25-landparcels_48021_bastrop_202503
8723843,R59316,732,stratmap25-landparcels_48021_bastrop_202503
8723843,R59316,732,stratmap25-landparcels_48021_bastrop_202503
8723843,R59316,732,stratmap25-landparcels_48021_bastrop_202503
8723843,R59316,732,stratmap25-landparcels_48021_bastrop_202503
8723843,R59316,732,stratmap25-landparcels_48021_bastrop_202503
8723843,R59316,732,stratmap25-landparcels_48021_bastrop_202503
8723845,R49665,396,stratmap25-landparcels_48021_bastrop_202503
8723845,R49665,396,stratmap25-landparcels_48021_bastrop_202503
8723845,R49665,396,stratmap25-landparcels_48021_bastrop_202503
8723848,R32584,300,stratmap25-landparcels_48021_bastrop_202503
8723848,R32584,300,stratmap25-landparcels_48021_bastrop_202503
8723851,R21404,540,stratmap25-landparcels_48021_bastrop_202503
8723851,R21404,540,stratmap25-landparcels_48021_bastrop_202503
8723978,,780,stratmap25-landparcels_48021_bastrop_202503
8723978,,780,stratmap25-landparcels_48021_bastrop_202503
8723989,R17899,396,stratmap25-landparcels_48021_bastrop_202503
8723989,R17899,396,stratmap25-landparcels_48021_bastrop_202503
8724307,R15615,348,stratmap25-landparcels_48021_bastrop_202503
8724871,R84859,300,stratmap25-landparcels_48021_bastrop_202503
8724871,R84859,300,stratmap25-landparcels_48021_bastrop_202503
8724873,R85347,540,stratmap25-landparcels_48021_bastrop_202503
8724873,R85347,540,stratmap25-landparcels_48021_bastrop_202503
8724876,R31458,300,stratmap25-landparcels_48021_bastrop_202503
8724876,R31458,300,stratmap25-landparcels_48021_bastrop_202503
8724876,R31458,300,stratmap25-landparcels_48021_bastrop_202503
8724876,R31458,300,stratmap25-landparcels_48021_bastrop_202503
8724925,,492,stratmap25-landparcels_48021_bastrop_202503
8724977,,540,stratmap25-landparcels_48021_bastrop_202503
8725007,,780,stratmap25-landparcels_48021_bastrop_202503
8725268,,780,stratmap25-landparcels_48021_bastrop_202503
87253,R87253,300,stratmap25-landparcels_48021_bastrop_202503
8725409,R41405,348,stratmap25-landparcels_48021_bastrop_202503
8725409,R41405,348,stratmap25-landparcels_48021_bastrop_202503
8725411,R105368,348,stratmap25-landparcels_48021_bastrop_202503
8725411,R105368,348,stratmap25-landparcels_48021_bastrop_202503
8725420,R33841,300,stratmap25-landparcels_48021_bastrop_202503
8725506,R108647,492,stratmap25-landparcels_48021_bastrop_202503
8725573,R18653,300,stratmap25-landparcels_48021_bastrop_202503
8725573,R18653,300,stratmap25-landparcels_48021_bastrop_202503
8725710,R62289,348,stratmap25-landparcels_48021_bastrop_202503
8725710,R62289,348,stratmap25-landparcels_48021_bastrop_202503
8725712,R61303,300,stratmap25-landparcels_48021_bastrop_202503
8725712,R61303,300,stratmap25-landparcels_48021_bastrop_202503
8725798,,300,stratmap25-landparcels_48021_bastrop_202503
8725837,,540,stratmap25-landparcels_48021_bastrop_202503
8725844,,348,stratmap25-landparcels_48021_bastrop_202503
8725954,,396,stratmap25-landparcels_48021_bastrop_202503
8725984,,540,stratmap25-landparcels_48021_bastrop_202503
8725984,,540,stratmap25-landparcels_48021_bastrop_202503
8726045,R97831,444,stratmap25-landparcels_48021_bastrop_202503
8726045,R97831,444,stratmap25-landparcels_48021_bastrop_202503
8726047,R25117,348,stratmap25-landparcels_48021_bastrop_202503
8726047,R25117,348,stratmap25-landparcels_48021_bastrop_202503
8726244,R34832,396,stratmap25-landparcels_48021_bastrop_202503
8726244,R34832,396,stratmap25-landparcels_48021_bastrop_202503
8726244,R34832,396,stratmap25-landparcels_48021_bastrop_202503
8726244,R34832,396,stratmap25-landparcels_48021_bastrop_202503
8726621,R110087,636,stratmap25-landparcels_48021_bastrop_202503
8726621,R110087,636,stratmap25-landparcels_48021_bastrop_202503
8726621,R110087,636,stratmap25-landparcels_48021_bastrop_202503
8726621,R110087,636,stratmap25-landparcels_48021_bastrop_202503
8726735,R66478,396,stratmap25-landparcels_48021_bastrop_202503
8726735,R66478,396,stratmap25-landparcels_48021_bastrop_202503
8726750,R34379,492,stratmap25-landparcels_48021_bastrop_202503
8726750,R34379,492,stratmap25-landparcels_48021_bastrop_202503
8726752,R16126,300,stratmap25-landparcels_48021_bastrop_202503
8726752,R16126,300,stratmap25-landparcels_48021_bastrop_202503
8726754,R33962,348,stratmap25-landparcels_48021_bastrop_202503
8726754,R33962,348,stratmap25-landparcels_48021_bastrop_202503
8726757,R22621,444,stratmap25-landparcels_48021_bastrop_202503
8726757,R22621,444,stratmap25-landparcels_48021_bastrop_202503
8726757,R22621,444,stratmap25-landparcels_48021_bastrop_202503
8726757,R22621,444,stratmap25-landparcels_48021_bastrop_202503
8726757,R22621,444,stratmap25-landparcels_48021_bastrop_202503
8726757,R22621,444,stratmap25-landparcels_48021_bastrop_202503
8726757,R22621,444,stratmap25-landparcels_48021_bastrop_202503
8726757,R22621,444,stratmap25-landparcels_48021_bastrop_202503
8726757,R22621,444,stratmap25-landparcels_48021_bastrop_202503
8726757,R22621,444,stratmap25-landparcels_48021_bastrop_202503
8726776,R52811,300,stratmap25-landparcels_48021_bastrop_202503
8726776,R52811,300,stratmap25-landparcels_48021_bastrop_202503
8727630,,300,stratmap25-landparcels_48021_bastrop_202503
8727862,,396,stratmap25-landparcels_48021_bastrop_202503
8728306,,300,stratmap25-landparcels_48021_bastrop_202503
8728306,,300,stratmap25-landparcels_48021_bastrop_202503
8728395,R14461,396,stratmap25-landparcels_48021_bastrop_202503
8728740,R26922,684,stratmap25-landparcels_48021_bastrop_202503
8728748,R87367,300,stratmap25-landparcels_48021_bastrop_202503
8728807,,492,stratmap25-landparcels_48021_bastrop_202503
8728839,R37608,634,stratmap25-landparcels_48021_bastrop_202503
8728839,R37608,634,stratmap25-landparcels_48021_bastrop_202503
8729059,R41808,1212,stratmap25-landparcels_48021_bastrop_202503
8729059,R41808,1212,stratmap25-landparcels_48021_bastrop_202503
8729059,R41808,1212,stratmap25-landparcels_48021_bastrop_202503
8729059,R41808,1212,stratmap25-landparcels_48021_bastrop_202503
8729076,,876,stratmap25-landparcels_48021_bastrop_202503
8729077,,492,stratmap25-landparcels_48021_bastrop_202503
8729105,R18033,348,stratmap25-landparcels_48021_bastrop_202503
8729251,,396,stratmap25-landparcels_48021_bastrop_202503
8729491,,300,stratmap25-landparcels_48021_bastrop_202503
8729532,,300,stratmap25-landparcels_48021_bastrop_202503
8729703,,396,stratmap25-landparcels_48021_bastrop_202503
8729703,,396,stratmap25-landparcels_48021_bastrop_202503
8729970,R13690,348,stratmap25-landparcels_48021_bastrop_202503
8729970,R13690,348,stratmap25-landparcels_48021_bastrop_202503
8730025,R36735,396,stratmap25-landparcels_48021_bastrop_202503
8730026,R36735,588,stratmap25-landparcels_48021_bastrop_202503
8730059,R111242,780,stratmap25-landparcels_48021_bastrop_202503
8730059,R111242,780,stratmap25-landparcels_48021_bastrop_202503
8730131,,2202,stratmap25-landparcels_48021_bastrop_202503
8730131,,2202,stratmap25-landparcels_48021_bastrop_202503
8730476,R24749,540,stratmap25-landparcels_48021_bastrop_202503
8730476,R24749,540,stratmap25-landparcels_48021_bastrop_202503
8730644,R31818,540,stratmap25-landparcels_48021_bastrop_202503
8730644,R31818,540,stratmap25-landparcels_48021_bastrop_202503
8730644,R31818,540,stratmap25-landparcels_48021_bastrop_202503
8730644,R31818,540,stratmap25-landparcels_48021_bastrop_202503
8730767,R20700,252,stratmap25-landparcels_48021_bastrop_202503
8730788,,348,stratmap25-landparcels_48021_bastrop_202503
8730788,,348,stratmap25-landparcels_48021_bastrop_202503
8730791,,396,stratmap25-landparcels_48021_bastrop_202503
8730996,R57267,924,stratmap25-landparcels_48021_bastrop_202503
8730997,R69953,300,stratmap25-landparcels_48021_bastrop_202503
8731157,R111676,444,stratmap25-landparcels_48021_bastrop_202503
8731157,R111676,444,stratmap25-landparcels_48021_bastrop_202503
8731160,R104917,396,stratmap25-landparcels_48021_bastrop_202503
8731160,R104917,396,stratmap25-landparcels_48021_bastrop_202503
8731169,R40162,300,stratmap25-landparcels_48021_bastrop_202503
8731169,R40162,300,stratmap25-landparcels_48021_bastrop_202503
8731186,R44775,1164,stratmap25-landparcels_48021_bastrop_202503
8731197,,300,stratmap25-landparcels_48021_bastrop_202503
8731197,,300,stratmap25-landparcels_48021_bastrop_202503
8731199,R12517,396,stratmap25-landparcels_48021_bastrop_202503
8731199,R12517,396,stratmap25-landparcels_48021_bastrop_202503
8731199,R12517,396,stratmap25-landparcels_48021_bastrop_202503
8731202,R49555,732,stratmap25-landparcels_48021_bastrop_202503
8731202,R49555,732,stratmap25-landparcels_48021_bastrop_202503
8731276,R38537,300,stratmap25-landparcels_48021_bastrop_202503
8731421,,396,stratmap25-landparcels_48021_bastrop_202503
8732051,,300,stratmap25-landparcels_48021_bastrop_202503
8732128,R61179,348,stratmap25-landparcels_48021_bastrop_202503
8732128,R61179,348,stratmap25-landparcels_48021_bastrop_202503
8732410,R81726,636,stratmap25-landparcels_48021_bastrop_202503
8732410,R81726,636,stratmap25-landparcels_48021_bastrop_202503
8732410,R81726,636,stratmap25-landparcels_48021_bastrop_202503
8732438,R44324,780,stratmap25-landparcels_48021_bastrop_202503
8732438,R44324,780,stratmap25-landparcels_48021_bastrop_202503
8732438,R44324,780,stratmap25-landparcels_48021_bastrop_202503
8732609,R78827,348,stratmap25-landparcels_48021_bastrop_202503
8732609,R78827,348,stratmap25-landparcels_48021_bastrop_202503
8732822,R16627,300,stratmap25-landparcels_48021_bastrop_202503
8732822,R16627,300,stratmap25-landparcels_48021_bastrop_202503
8732933,R23815,300,stratmap25-landparcels_48021_bastrop_202503
8732933,R23815,300,stratmap25-landparcels_48021_bastrop_202503
8732939,R33230,684,stratmap25-landparcels_48021_bastrop_202503
8732939,R33230,684,stratmap25-landparcels_48021_bastrop_202503
8732939,R33230,684,stratmap25-landparcels_48021_bastrop_202503
8732942,R11090,540,stratmap25-landparcels_48021_bastrop_202503
8732942,R11090,540,stratmap25-landparcels_48021_bastrop_202503
8732944,R97831,492,stratmap25-landparcels_48021_bastrop_202503
8732944,R97831,492,stratmap25-landparcels_48021_bastrop_202503
8732948,R90117,348,stratmap25-landparcels_48021_bastrop_202503
8732948,R90117,348,stratmap25-landparcels_48021_bastrop_202503
8732950,R33805,732,stratmap25-landparcels_48021_bastrop_202503
8732950,R33805,732,stratmap25-landparcels_48021_bastrop_202503
8732952,R23445,540,stratmap25-landparcels_48021_bastrop_202503
8732952,R23445,540,stratmap25-landparcels_48021_bastrop_202503
8732956,R63914,588,stratmap25-landparcels_48021_bastrop_202503
8732956,R63914,588,stratmap25-landparcels_48021_bastrop_202503
8732958,R32959,396,stratmap25-landparcels_48021_bastrop_202503
8732958,R32959,396,stratmap25-landparcels_48021_bastrop_202503
8732962,R23632,492,stratmap25-landparcels_48021_bastrop_202503
8732962,R23632,492,stratmap25-landparcels_48021_bastrop_202503
8732965,R15879,396,stratmap25-landparcels_48021_bastrop_202503
8732965,R15879,396,stratmap25-landparcels_48021_bastrop_202503
8732965,R15879,396,stratmap25-landparcels_48021_bastrop_202503
8732965,R15879,396,stratmap25-landparcels_48021_bastrop_202503
8732971,R34178,492,stratmap25-landparcels_48021_bastrop_202503
8732971,R34178,492,stratmap25-landparcels_48021_bastrop_202503
8732982,R31952,396,stratmap25-landparcels_48021_bastrop_202503
8732982,R31952,396,stratmap25-landparcels_48021_bastrop_202503
8732987,R37315,588,stratmap25-landparcels_48021_bastrop_202503
8732987,R37315,588,stratmap25-landparcels_48021_bastrop_202503
8732987,R37315,588,stratmap25-landparcels_48021_bastrop_202503
8732987,R37315,588,stratmap25-landparcels_48021_bastrop_202503
8733006,R53299,396,stratmap25-landparcels_48021_bastrop_202503
8733006,R53299,396,stratmap25-landparcels_48021_bastrop_202503
8733020,R47108,348,stratmap25-landparcels_48021_bastrop_202503
8733020,R47108,348,stratmap25-landparcels_48021_bastrop_202503
8733030,R84773,780,stratmap25-landparcels_48021_bastrop_202503
8733030,R84773,780,stratmap25-landparcels_48021_bastrop_202503
8733032,R103415,300,stratmap25-landparcels_48021_bastrop_202503
8733032,R103415,300,stratmap25-landparcels_48021_bastrop_202503
8733034,R19676,300,stratmap25-landparcels_48021_bastrop_202503
8733034,R19676,300,stratmap25-landparcels_48021_bastrop_202503
8733052,R26919,540,stratmap25-landparcels_48021_bastrop_202503
8733052,R26919,540,stratmap25-landparcels_48021_bastrop_202503
8733231,R30094,1776,stratmap25-landparcels_48021_bastrop_202503
87333185,,396,stratmap25-landparcels_48021_bastrop_202503
8733502,R37571,588,stratmap25-landparcels_48021_bastrop_202503
8733502,R37571,588,stratmap25-landparcels_48021_bastrop_202503
8733504,R37547,588,stratmap25-landparcels_48021_bastrop_202503
8733504,R37547,588,stratmap25-landparcels_48021_bastrop_202503
8733732,,300,stratmap25-landparcels_48021_bastrop_202503
8733876,R55024,300,stratmap25-landparcels_48021_bastrop_202503
8733876,R55024,300,stratmap25-landparcels_48021_bastrop_202503
8733880,,636,stratmap25-landparcels_48021_bastrop_202503
8733880,,636,stratmap25-landparcels_48021_bastrop_202503
8733880,,636,stratmap25-landparcels_48021_bastrop_202503
8733880,,636,stratmap25-landparcels_48021_bastrop_202503
8733880,,636,stratmap25-landparcels_48021_bastrop_202503
8733880,,636,stratmap25-landparcels_48021_bastrop_202503
8733887,R23112,396,stratmap25-landparcels_48021_bastrop_202503
8733887,R23112,396,stratmap25-landparcels_48021_bastrop_202503
8733889,R15615,300,stratmap25-landparcels_48021_bastrop_202503
8733889,R15615,300,stratmap25-landparcels_48021_bastrop_202503
8733891,R111682,444,stratmap25-landparcels_48021_bastrop_202503
8733891,R111682,444,stratmap25-landparcels_48021_bastrop_202503
8733907,,300,stratmap25-landparcels_48021_bastrop_202503
8733907,,300,stratmap25-landparcels_48021_bastrop_202503
8733911,R57267,444,stratmap25-landparcels_48021_bastrop_202503
8733939,R81673,492,stratmap25-landparcels_48021_bastrop_202503
8733939,R81673,492,stratmap25-landparcels_48021_bastrop_202503
8733941,R103415,300,stratmap25-landparcels_48021_bastrop_202503
8733941,R103415,300,stratmap25-landparcels_48021_bastrop_202503
8733944,R78736,300,stratmap25-landparcels_48021_bastrop_202503
8733944,R78736,300,stratmap25-landparcels_48021_bastrop_202503
8733952,R26895,300,stratmap25-landparcels_48021_bastrop_202503
8733952,R26895,300,stratmap25-landparcels_48021_bastrop_202503
8733954,R37176,732,stratmap25-landparcels_48021_bastrop_202503
8733955,R14623,444,stratmap25-landparcels_48021_bastrop_202503
8733955,R14623,444,stratmap25-landparcels_48021_bastrop_202503
8733955,R14623,444,stratmap25-landparcels_48021_bastrop_202503
8733955,R14623,444,stratmap25-landparcels_48021_bastrop_202503
8733992,R22772,492,stratmap25-landparcels_48021_bastrop_202503
8733992,R22772,492,stratmap25-landparcels_48021_bastrop_202503
8733994,,444,stratmap25-landparcels_48021_bastrop_202503
8733996,R47641,348,stratmap25-landparcels_48021_bastrop_202503
8733996,R47641,348,stratmap25-landparcels_48021_bastrop_202503
8734000,R17531,300,stratmap25-landparcels_48021_bastrop_202503
8734000,R17531,300,stratmap25-landparcels_48021_bastrop_202503
8734004,R16425,444,stratmap25-landparcels_48021_bastrop_202503
8734004,R16425,444,stratmap25-landparcels_48021_bastrop_202503
8734008,R30127,444,stratmap25-landparcels_48021_bastrop_202503
8734008,R30127,444,stratmap25-landparcels_48021_bastrop_202503
8734008,R30127,444,stratmap25-landparcels_48021_bastrop_202503
8734011,R60318,732,stratmap25-landparcels_48021_bastrop_202503
8734011,R60318,732,stratmap25-landparcels_48021_bastrop_202503
8734014,R41363,300,stratmap25-landparcels_48021_bastrop_202503
8734014,R41363,300,stratmap25-landparcels_48021_bastrop_202503
8734014,R41363,300,stratmap25-landparcels_48021_bastrop_202503
8734017,R97831,588,stratmap25-landparcels_48021_bastrop_202503
8734017,R97831,588,stratmap25-landparcels_48021_bastrop_202503
8734019,R13028,300,stratmap25-landparcels_48021_bastrop_202503
8734019,R13028,300,stratmap25-landparcels_48021_bastrop_202503
8734021,R22699,300,stratmap25-landparcels_48021_bastrop_202503
8734021,R22699,300,stratmap25-landparcels_48021_bastrop_202503
8734021,R22699,300,stratmap25-landparcels_48021_bastrop_202503
8734021,R22699,300,stratmap25-landparcels_48021_bastrop_202503
8734024,R20481,396,stratmap25-landparcels_48021_bastrop_202503
8734024,R20481,396,stratmap25-landparcels_48021_bastrop_202503
8734024,R20481,396,stratmap25-landparcels_48021_bastrop_202503
8734027,R110710,636,stratmap25-landparcels_48021_bastrop_202503
8734027,R110710,636,stratmap25-landparcels_48021_bastrop_202503
8734029,R78736,300,stratmap25-landparcels_48021_bastrop_202503
8734029,R78736,300,stratmap25-landparcels_48021_bastrop_202503
8734102,R24077,300,stratmap25-landparcels_48021_bastrop_202503
8734102,R24077,300,stratmap25-landparcels_48021_bastrop_202503
8734104,R32420,396,stratmap25-landparcels_48021_bastrop_202503
8734104,R32420,396,stratmap25-landparcels_48021_bastrop_202503
8734109,R30882,396,stratmap25-landparcels_48021_bastrop_202503
8734109,R30882,396,stratmap25-landparcels_48021_bastrop_202503
8734235,R11707,1229,stratmap25-landparcels_48021_bastrop_202503
8734235,R11707,1229,stratmap25-landparcels_48021_bastrop_202503
8734235,R11707,1229,stratmap25-landparcels_48021_bastrop_202503
8734235,R11707,1229,stratmap25-landparcels_48021_bastrop_202503
8734236,R37600,300,stratmap25-landparcels_48021_bastrop_202503
8734236,R37600,300,stratmap25-landparcels_48021_bastrop_202503
8734238,R103415,300,stratmap25-landparcels_48021_bastrop_202503
8734238,R103415,300,stratmap25-landparcels_48021_bastrop_202503
8734240,R20455,636,stratmap25-landparcels_48021_bastrop_202503
8734240,R20455,636,stratmap25-landparcels_48021_bastrop_202503
8734351,,396,stratmap25-landparcels_48021_bastrop_202503
8734540,R13846,300,stratmap25-landparcels_48021_bastrop_202503
8734540,R13846,300,stratmap25-landparcels_48021_bastrop_202503
8734545,R21338,300,stratmap25-landparcels_48021_bastrop_202503
8734557,R84842,540,stratmap25-landparcels_48021_bastrop_202503
8734557,R84842,540,stratmap25-landparcels_48021_bastrop_202503
8734557,R84842,540,stratmap25-landparcels_48021_bastrop_202503
8734557,R84842,540,stratmap25-landparcels_48021_bastrop_202503
8734563,,1170,stratmap25-landparcels_48021_bastrop_202503
8734563,,1170,stratmap25-landparcels_48021_bastrop_202503
8734563,,588,stratmap25-landparcels_48021_bastrop_202503
8734569,R42501,684,stratmap25-landparcels_48021_bastrop_202503
8734593,R109133,1131,stratmap25-landparcels_48021_bastrop_202503
8734593,R109133,1131,stratmap25-landparcels_48021_bastrop_202503
8734594,R47546,1558,stratmap25-landparcels_48021_bastrop_202503
8734594,R47546,1558,stratmap25-landparcels_48021_bastrop_202503
8734594,R47546,924,stratmap25-landparcels_48021_bastrop_202503
8734596,R47546,789,stratmap25-landparcels_48021_bastrop_202503
8734596,R47546,789,stratmap25-landparcels_48021_bastrop_202503
8734597,R47546,851,stratmap25-landparcels_48021_bastrop_202503
8734597,R47546,851,stratmap25-landparcels_48021_bastrop_202503
8734597,R47546,1068,stratmap25-landparcels_48021_bastrop_202503
8734631,R29545,444,stratmap25-landparcels_48021_bastrop_202503
8734631,R29545,444,stratmap25-landparcels_48021_bastrop_202503
8734631,R29545,444,stratmap25-landparcels_48021_bastrop_202503
8734631,R29545,444,stratmap25-landparcels_48021_bastrop_202503
8734638,R35272,732,stratmap25-landparcels_48021_bastrop_202503
8734638,R35272,732,stratmap25-landparcels_48021_bastrop_202503
8734638,R35272,732,stratmap25-landparcels_48021_bastrop_202503
8734638,R35272,732,stratmap25-landparcels_48021_bastrop_202503
8734801,R103415,300,stratmap25-landparcels_48021_bastrop_202503
8734801,R103415,300,stratmap25-landparcels_48021_bastrop_202503
8734803,R25952,492,stratmap25-landparcels_48021_bastrop_202503
8734803,R25952,492,stratmap25-landparcels_48021_bastrop_202503
8734808,R10664,348,stratmap25-landparcels_48021_bastrop_202503
8734808,R10664,348,stratmap25-landparcels_48021_bastrop_202503
8734820,,871,stratmap25-landparcels_48021_bastrop_202503
8735066,R10498,252,stratmap25-landparcels_48021_bastrop_202503
8735066,R10498,252,stratmap25-landparcels_48021_bastrop_202503
8735068,,1817,stratmap25-landparcels_48021_bastrop_202503
8735068,,1817,stratmap25-landparcels_48021_bastrop_202503
8735301,R53886,828,stratmap25-landparcels_48021_bastrop_202503
8735301,R53886,828,stratmap25-landparcels_48021_bastrop_202503
8735641,R30371,348,stratmap25-landparcels_48021_bastrop_202503
8735641,R30371,348,stratmap25-landparcels_48021_bastrop_202503
8735710,R21905,300,stratmap25-landparcels_48021_bastrop_202503
8736397,R81962,300,stratmap25-landparcels_48021_bastrop_202503
8736397,R81962,300,stratmap25-landparcels_48021_bastrop_202503
8736539,R31783,300,stratmap25-landparcels_48021_bastrop_202503
8736559,,348,stratmap25-landparcels_48021_bastrop_202503
8736559,,348,stratmap25-landparcels_48021_bastrop_202503
8736569,R47546,1096,stratmap25-landparcels_48021_bastrop_202503
8736569,R47546,1096,stratmap25-landparcels_48021_bastrop_202503
8736712,R25052,492,stratmap25-landparcels_48021_bastrop_202503
8736712,R25052,492,stratmap25-landparcels_48021_bastrop_202503
8736832,,300,stratmap25-landparcels_48021_bastrop_202503
8736979,R105185,300,stratmap25-landparcels_48021_bastrop_202503
8737129,R45011,300,stratmap25-landparcels_48021_bastrop_202503
8737129,R45011,300,stratmap25-landparcels_48021_bastrop_202503
87384,R87384,348,stratmap25-landparcels_48021_bastrop_202503
87391,,636,stratmap25-landparcels_48021_bastrop_202503
87391,,636,stratmap25-landparcels_48021_bastrop_202503
87463,,300,stratmap25-landparcels_48021_bastrop_202503
87464,,348,stratmap25-landparcels_48021_bastrop_202503
8757896,,348,stratmap25-landparcels_48021_bastrop_202503
87879,R87879,300,stratmap25-landparcels_48021_bastrop_202503
88020,R88020,396,stratmap25-landparcels_48021_bastrop_202503
88021,R88021,396,stratmap25-landparcels_48021_bastrop_202503
88021,R88021,396,stratmap25-landparcels_48021_bastrop_202503
88021,R88021,396,stratmap25-landparcels_48021_bastrop_202503
88021,R88021,396,stratmap25-landparcels_48021_bastrop_202503
88135,,396,stratmap25-landparcels_48021_bastrop_202503
88136,,396,stratmap25-landparcels_48021_bastrop_202503
88664,,300,stratmap25-landparcels_48021_bastrop_202503
89345,R89345,300,stratmap25-landparcels_48021_bastrop_202503
89567,,444,stratmap25-landparcels_48021_bastrop_202503
90089,R90089,636,stratmap25-landparcels_48021_bastrop_202503
90196,R90196,300,stratmap25-landparcels_48021_bastrop_202503
90369,,300,stratmap25-landparcels_48021_bastrop_202503
90369,,300,stratmap25-landparcels_48021_bastrop_202503
90393,R90393,540,stratmap25-landparcels_48021_bastrop_202503
90644,,348,stratmap25-landparcels_48021_bastrop_202503
90767,R90767,732,stratmap25-landparcels_48021_bastrop_202503
91366,R91366,492,stratmap25-landparcels_48021_bastrop_202503
92286,R92286,732,stratmap25-landparcels_48021_bastrop_202503
92322,R92322,396,stratmap25-landparcels_48021_bastrop_202503
92421,,444,stratmap25-landparcels_48021_bastrop_202503
92672,,348,stratmap25-landparcels_48021_bastrop_202503
92744,R92744,300,stratmap25-landparcels_48021_bastrop_202503
92842,R92842,396,stratmap25-landparcels_48021_bastrop_202503
92927,,300,stratmap25-landparcels_48021_bastrop_202503
92953,,300,stratmap25-landparcels_48021_bastrop_202503
93010,R93010,396,stratmap25-landparcels_48021_bastrop_202503
93012,R93012,924,stratmap25-landparcels_48021_bastrop_202503
93226,,300,stratmap25-landparcels_48021_bastrop_202503
93239,R93239,780,stratmap25-landparcels_48021_bastrop_202503
93239,R93239,780,stratmap25-landparcels_48021_bastrop_202503
93239,R93239,780,stratmap25-landparcels_48021_bastrop_202503
93239,R93239,780,stratmap25-landparcels_48021_bastrop_202503
93289,R93289,924,stratmap25-landparcels_48021_bastrop_202503
94619,R94619,828,stratmap25-landparcels_48021_bastrop_202503
94626,R94626,300,stratmap25-landparcels_48021_bastrop_202503
94695,R94695,348,stratmap25-landparcels_48021_bastrop_202503
94699,R94699,348,stratmap25-landparcels_48021_bastrop_202503
95181,R95181,396,stratmap25-landparcels_48021_bastrop_202503
95190,R95190,348,stratmap25-landparcels_48021_bastrop_202503
95358,R95358,348,stratmap25-landparcels_48021_bastrop_202503
95359,R95359,300,stratmap25-landparcels_48021_bastrop_202503
95360,R95360,300,stratmap25-landparcels_48021_bastrop_202503
96835,R96835,732,stratmap25-landparcels_48021_bastrop_202503
96835,R96835,732,stratmap25-landparcels_48021_bastrop_202503
9729406,,348,stratmap25-landparcels_48021_bastrop_202503
9729408,,300,stratmap25-landparcels_48021_bastrop_202503
9729583,,300,stratmap25-landparcels_48021_bastrop_202503
97760,,732,stratmap25-landparcels_48021_bastrop_202503
98887,,972,stratmap25-landparcels_48021_bastrop_202503
98936,,300,stratmap25-landparcels_48021_bastrop_202503
99604,R99604,540,stratmap25-landparcels_48021_bastrop_202503
99614,R99614,780,stratmap25-landparcels_48021_bastrop_202503
99615,R99615,830,stratmap25-landparcels_48021_bastrop_202503
